date,open,high,low,close,price_change_pct,volume,turnover,year,eps,pe-ratio,roe,dividend
2022-01-02,475.0,478.0,461.0,474.0,0.85,17920.0,8373360.1,2022,1.32,215.15,1.28,5.26
2022-01-03,480.0,480.0,463.1,474.8,0.17,10012.0,4713185.8,2022,1.32,215.15,1.28,5.26
2022-01-04,484.0,490.0,474.6,485.0,2.15,81879.0,39587292.3,2022,1.32,215.15,1.28,5.26
2022-01-05,396.0,434.0,396.0,417.9,5.49,34255.0,14251486.8,2022,1.32,215.15,1.28,5.26
2022-01-06,426.0,426.0,411.0,417.8,-0.02,10540.0,4378301.3,2022,1.32,215.15,1.28,5.26
2022-01-09,419.0,451.0,418.0,424.0,1.48,28336.0,12203411.1,2022,1.32,215.15,1.28,5.26
2022-01-10,432.4,441.0,424.0,438.0,3.3,29149.0,12653699.7,2022,1.32,215.15,1.28,5.26
2022-01-11,446.0,473.3,425.0,462.0,5.48,40528.0,18508591.0,2022,1.32,215.15,1.28,5.26
2022-01-12,465.0,471.7,440.0,440.0,-4.76,37229.0,17047456.2,2022,1.32,215.15,1.28,5.26
2022-01-13,447.9,465.0,439.3,460.1,4.57,26779.0,12054149.0,2022,1.32,215.15,1.28,5.26
2022-01-16,469.3,481.0,459.0,461.0,0.2,39635.0,18757002.7,2022,1.32,215.15,1.28,5.26
2022-01-17,461.0,470.2,449.9,455.0,-1.3,22812.0,10458471.4,2022,1.32,215.15,1.28,5.26
2022-01-18,463.0,464.0,441.0,445.0,-2.2,25582.0,11672896.8,2022,1.32,215.15,1.28,5.26
2022-01-19,437.0,466.0,437.0,456.0,2.47,28821.0,13196390.1,2022,1.32,215.15,1.28,5.26
2022-01-20,464.0,472.0,458.0,468.0,2.63,38415.0,17889003.5,2022,1.32,215.15,1.28,5.26
2022-01-23,458.7,485.0,458.7,470.0,0.43,31240.0,14783150.7,2022,1.32,215.15,1.28,5.26
2022-01-24,475.0,475.0,439.1,443.0,-5.74,51283.0,22922830.2,2022,1.32,215.15,1.28,5.26
2022-01-25,435.0,453.0,434.2,443.0,0.0,22744.0,10158506.4,2022,1.32,215.15,1.28,5.26
2022-01-26,440.0,451.8,425.0,437.0,-1.35,31584.0,13808043.8,2022,1.32,215.15,1.28,5.26
2022-01-27,445.0,462.0,428.4,439.9,0.66,8146.0,3549253.7,2022,1.32,215.15,1.28,5.26
2022-01-30,448.6,470.0,448.6,468.0,6.39,50346.0,23385659.6,2022,1.32,215.15,1.28,5.26
2022-01-31,458.7,514.8,455.0,510.0,8.97,75670.0,36983147.5,2022,1.32,215.15,1.28,5.26
2022-02-01,515.0,537.0,498.0,520.0,1.96,140331.0,73148429.2,2022,1.32,215.15,1.28,5.26
2022-02-03,509.6,542.2,509.6,513.0,-1.35,67245.0,35341004.4,2022,1.32,215.15,1.28,5.26
2022-02-06,513.0,513.0,489.0,490.5,-4.39,55646.0,27620439.1,2022,1.32,215.15,1.28,5.26
2022-02-07,490.0,535.0,485.1,524.0,6.83,50006.0,25670456.9,2022,1.32,215.15,1.28,5.26
2022-02-08,534.4,550.8,507.0,509.0,-2.86,28121.0,14613962.0,2022,1.32,215.15,1.28,5.26
2022-02-09,507.0,512.0,495.1,496.0,-2.55,18554.0,9264739.1,2022,1.32,215.15,1.28,5.26
2022-02-10,496.0,498.0,487.0,493.0,-0.6,16379.0,8041356.5,2022,1.32,215.15,1.28,5.26
2022-02-13,483.2,484.0,466.0,469.0,-4.87,30360.0,14366726.7,2022,1.32,215.15,1.28,5.26
2022-02-14,478.0,480.0,453.0,460.0,-1.92,27709.0,12846038.5,2022,1.32,215.15,1.28,5.26
2022-02-15,460.0,497.0,456.0,495.0,7.61,23110.0,10935645.4,2022,1.32,215.15,1.28,5.26
2022-02-16,504.0,510.0,475.0,480.0,-3.03,21614.0,10493434.5,2022,1.32,215.15,1.28,5.26
2022-02-17,488.9,488.9,475.0,479.7,-0.06,11294.0,5388870.3,2022,1.32,215.15,1.28,5.26
2022-02-20,470.2,505.0,452.1,480.0,0.06,26551.0,12876362.9,2022,1.32,215.15,1.28,5.26
2022-02-21,489.0,501.0,471.0,490.0,2.08,27320.0,13393281.9,2022,1.32,215.15,1.28,5.26
2022-02-22,499.8,508.0,491.0,496.0,1.22,28452.0,14227688.5,2022,1.32,215.15,1.28,5.26
2022-02-23,505.9,505.9,489.0,489.0,-1.41,13238.0,6579561.2,2022,1.32,215.15,1.28,5.26
2022-02-24,489.0,493.0,470.4,472.0,-3.48,20675.0,9907889.5,2022,1.32,215.15,1.28,5.26
2022-02-27,472.0,494.0,472.0,486.0,2.97,23333.0,11320944.5,2022,1.32,215.15,1.28,5.26
2022-02-28,495.7,506.0,460.0,473.0,-2.67,17333.0,8379667.5,2022,1.32,215.15,1.28,5.26
2022-03-02,463.8,475.0,454.0,456.0,-3.59,12320.0,5656149.6,2022,1.32,215.15,1.28,5.26
2022-03-06,457.0,466.0,450.0,455.0,-0.22,9584.0,4380080.2,2022,1.32,215.15,1.28,5.26
2022-03-07,464.1,473.0,441.0,448.0,-1.54,8522.0,3842175.9,2022,1.32,215.15,1.28,5.26
2022-03-09,455.0,455.0,433.0,435.0,-2.9,9908.0,4361081.0,2022,1.32,215.15,1.28,5.26
2022-03-10,430.0,470.0,430.0,459.0,5.52,17647.0,7944903.1,2022,1.32,215.15,1.28,5.26
2022-03-13,458.0,486.0,458.0,486.0,5.88,25478.0,12100753.4,2022,1.32,215.15,1.28,5.26
2022-03-14,495.0,495.0,467.5,476.0,-2.06,5054.0,2384226.0,2022,1.32,215.15,1.28,5.26
2022-03-15,484.5,484.5,461.0,466.0,-2.1,10319.0,4825852.5,2022,1.32,215.15,1.28,5.26
2022-03-16,468.0,469.0,457.0,464.0,-0.43,6799.0,3125929.9,2022,1.32,215.15,1.28,5.26
2022-03-20,465.0,474.0,447.9,459.0,-1.08,11119.0,5066178.0,2022,1.32,215.15,1.28,5.26
2022-03-21,460.0,472.5,456.0,466.0,1.53,5506.0,2550940.0,2022,1.32,215.15,1.28,5.26
2022-03-22,475.0,475.0,458.0,458.0,-1.72,10216.0,4736213.5,2022,1.32,215.15,1.28,5.26
2022-03-23,460.0,466.0,450.4,451.2,-1.48,4030.0,1829395.3,2022,1.32,215.15,1.28,5.26
2022-03-24,455.0,455.0,438.0,439.0,-2.7,6765.0,3002756.2,2022,1.32,215.15,1.28,5.26
2022-03-27,440.0,445.0,427.0,427.0,-2.73,14022.0,6050661.5,2022,1.32,215.15,1.28,5.26
2022-03-28,429.0,434.9,408.0,416.0,-2.58,15795.0,6576374.0,2022,1.32,215.15,1.28,5.26
2022-03-29,408.0,424.0,401.8,414.9,-0.26,8106.0,3329661.2,2022,1.32,215.15,1.28,5.26
2022-03-30,415.9,423.0,414.0,418.0,0.75,11320.0,4740643.8,2022,1.32,215.15,1.28,5.26
2022-03-31,425.0,425.0,405.5,406.0,-2.87,7544.0,3117950.8,2022,1.32,215.15,1.28,5.26
2022-04-03,406.0,439.0,402.0,402.5,-0.86,25412.0,10323832.7,2022,1.32,215.15,1.28,5.26
2022-04-04,399.1,406.0,395.0,400.0,-0.62,8987.0,3594388.5,2022,1.32,215.15,1.28,5.26
2022-04-05,402.0,404.0,387.2,395.0,-1.25,9831.0,3853882.5,2022,1.32,215.15,1.28,5.26
2022-04-06,392.0,400.0,385.2,388.0,-1.77,5860.0,2303204.4,2022,1.32,215.15,1.28,5.26
2022-04-07,382.1,410.0,382.1,392.0,1.03,11840.0,4689770.1,2022,1.32,215.15,1.28,5.26
2022-04-11,399.8,410.0,384.0,385.0,-1.79,13003.0,5105618.0,2022,1.32,215.15,1.28,5.26
2022-04-12,378.1,384.0,363.0,370.0,-3.9,11470.0,4270179.2,2022,1.32,215.15,1.28,5.26
2022-04-13,375.0,380.0,365.0,374.0,1.08,9143.0,3411526.0,2022,1.32,215.15,1.28,5.26
2022-04-17,372.2,380.0,363.0,364.0,-2.67,5115.0,1907935.0,2022,1.32,215.15,1.28,5.26
2022-04-18,357.1,378.0,356.8,359.0,-1.37,5203.0,1883296.1,2022,1.32,215.15,1.28,5.26
2022-04-19,366.0,373.2,346.0,363.8,1.34,4380.0,1583319.4,2022,1.32,215.15,1.28,5.26
2022-04-20,363.0,365.0,342.0,353.0,-2.97,7102.0,2488789.5,2022,1.32,215.15,1.28,5.26
2022-04-21,351.0,351.0,333.0,343.0,-2.83,9222.0,3115825.8,2022,1.32,215.15,1.28,5.26
2022-04-24,338.0,377.0,336.2,370.0,7.87,22841.0,8235201.9,2022,1.32,215.15,1.28,5.26
2022-04-25,377.0,384.5,358.0,361.2,-2.38,14457.0,5328412.3,2022,1.32,215.15,1.28,5.26
2022-04-26,355.0,366.0,344.5,357.5,-1.02,19533.0,6889589.6,2022,1.32,215.15,1.28,5.26
2022-04-27,363.9,363.9,346.0,359.0,0.42,11600.0,4117821.9,2022,1.32,215.15,1.28,5.26
2022-04-28,365.0,365.0,346.0,352.0,-1.95,14636.0,5162703.9,2022,1.32,215.15,1.28,5.26
2022-05-02,350.0,350.0,328.3,337.0,-4.26,11130.0,3737565.1,2022,1.32,215.15,1.28,5.26
2022-05-04,330.4,342.0,319.0,319.0,-5.34,11393.0,3712155.1,2022,1.32,215.15,1.28,5.26
2022-05-05,318.0,318.0,298.0,302.0,-5.33,16854.0,5128659.1,2022,1.32,215.15,1.28,5.26
2022-05-08,296.0,308.0,284.3,308.0,1.99,20141.0,5875962.1,2022,1.32,215.15,1.28,5.26
2022-05-09,308.0,318.2,302.0,307.0,-0.32,7120.0,2204035.3,2022,1.32,215.15,1.28,5.26
2022-05-10,300.9,323.9,300.9,323.9,5.5,15300.0,4846679.0,2022,1.32,215.15,1.28,5.26
2022-05-11,320.0,355.0,320.0,350.0,8.06,28951.0,9710562.8,2022,1.32,215.15,1.28,5.26
2022-05-12,354.0,360.0,329.0,338.0,-3.43,22912.0,7856993.3,2022,1.32,215.15,1.28,5.26
2022-05-17,331.3,331.3,318.0,320.0,-5.33,12723.0,4088792.2,2022,1.32,215.15,1.28,5.26
2022-05-18,314.0,331.0,304.0,325.0,1.56,14620.0,4626236.3,2022,1.32,215.15,1.28,5.26
2022-05-19,325.0,326.0,312.0,320.0,-1.54,10630.0,3388683.3,2022,1.32,215.15,1.28,5.26
2022-05-20,315.0,324.0,312.0,324.0,1.25,5556.0,1759701.5,2022,1.32,215.15,1.28,5.26
2022-05-23,317.6,323.3,300.1,323.3,-0.22,11422.0,3499101.1,2022,1.32,215.15,1.28,5.26
2022-05-24,316.9,328.0,311.0,322.3,-0.31,8540.0,2745980.2,2022,1.32,215.15,1.28,5.26
2022-05-25,322.3,327.0,320.0,321.0,-0.4,9014.0,2916037.3,2022,1.32,215.15,1.28,5.26
2022-05-26,317.0,321.0,315.0,320.9,-0.03,3974.0,1258225.1,2022,1.32,215.15,1.28,5.26
2022-05-27,320.0,320.0,307.0,313.0,-2.46,13489.0,4219444.0,2022,1.32,215.15,1.28,5.26
2022-05-30,307.0,310.2,302.4,308.0,-1.6,7439.0,2263021.3,2022,1.32,215.15,1.28,5.26
2022-05-31,301.9,307.0,296.0,296.0,-3.9,11330.0,3388149.8,2022,1.32,215.15,1.28,5.26
2022-06-01,291.0,307.0,291.0,294.0,-0.68,7478.0,2208715.7,2022,1.32,215.15,1.28,5.26
2022-06-02,299.0,299.0,290.0,297.0,1.02,5605.0,1644905.0,2022,1.32,215.15,1.28,5.26
2022-06-03,294.1,296.0,288.5,291.0,-2.02,3757.0,1098106.4,2022,1.32,215.15,1.28,5.26
2022-06-06,295.0,298.0,288.5,290.0,-0.34,5043.0,1481028.5,2022,1.32,215.15,1.28,5.26
2022-06-07,285.1,290.0,275.0,280.0,-3.45,10322.0,2891550.1,2022,1.32,215.15,1.28,5.26
2022-06-08,277.0,300.0,277.0,297.0,6.07,9412.0,2724799.7,2022,1.32,215.15,1.28,5.26
2022-06-09,300.0,314.0,287.0,297.0,0.0,16863.0,5099878.4,2022,1.32,215.15,1.28,5.26
2022-06-10,292.0,295.5,285.7,287.1,-3.33,4813.0,1390859.6,2022,1.32,215.15,1.28,5.26
2022-06-13,285.1,304.0,281.3,284.9,-0.77,4317.0,1233422.7,2022,1.32,215.15,1.28,5.26
2022-06-14,280.2,284.0,275.0,277.0,-2.77,4581.0,1278765.5,2022,1.32,215.15,1.28,5.26
2022-06-15,271.7,277.0,266.3,269.0,-2.89,8371.0,2261829.1,2022,1.32,215.15,1.28,5.26
2022-06-16,270.0,277.4,269.0,273.0,1.49,5111.0,1388153.6,2022,1.32,215.15,1.28,5.26
2022-06-17,267.9,278.0,267.2,268.0,-1.83,5579.0,1512060.8,2022,1.32,215.15,1.28,5.26
2022-06-19,262.9,267.9,251.9,252.0,-5.97,8507.0,2187614.0,2022,1.32,215.15,1.28,5.26
2022-06-20,250.0,250.0,235.0,237.7,-5.67,18087.0,4311931.2,2022,1.32,215.15,1.28,5.26
2022-06-21,233.0,257.9,233.0,248.0,4.33,14302.0,3531074.9,2022,1.32,215.15,1.28,5.26
2022-06-22,243.1,243.9,235.1,240.0,-3.23,8115.0,1937015.8,2022,1.32,215.15,1.28,5.26
2022-06-23,238.0,238.0,216.0,221.0,-7.92,15989.0,3525533.6,2022,1.32,215.15,1.28,5.26
2022-06-24,216.6,233.0,207.0,219.3,-0.77,10063.0,2177962.2,2022,1.32,215.15,1.28,5.26
2022-06-26,222.0,241.2,221.0,241.2,9.99,28543.0,6757511.4,2022,1.32,215.15,1.28,5.26
2022-06-27,244.0,254.6,225.0,233.9,-3.03,24924.0,5990910.8,2022,1.32,215.15,1.28,5.26
2022-06-28,230.0,238.0,225.4,230.9,-1.28,3620.0,840037.0,2022,1.32,215.15,1.28,5.26
2022-06-29,227.0,241.7,227.0,237.4,2.82,15201.0,3604332.1,2022,1.32,215.15,1.28,5.26
2022-06-30,242.1,258.7,237.3,258.0,8.68,19668.0,4917274.0,2022,1.32,215.15,1.28,5.26
2022-07-01,260.0,274.9,245.0,258.9,0.35,26825.0,7084658.6,2022,1.32,215.15,1.28,5.26
2022-07-03,255.0,282.9,246.0,275.0,6.22,31642.0,8425587.7,2022,1.32,215.15,1.28,5.26
2022-07-04,269.5,290.0,261.3,267.5,-2.73,33466.0,9371401.6,2022,1.32,215.15,1.28,5.26
2022-07-05,263.0,281.0,254.0,254.0,-5.05,22715.0,6009445.3,2022,1.32,215.15,1.28,5.26
2022-07-06,254.0,265.0,249.0,265.0,4.33,24951.0,6387043.2,2022,1.32,215.15,1.28,5.26
2022-07-07,265.0,274.9,261.0,263.9,-0.42,14721.0,3890286.3,2022,1.32,215.15,1.28,5.26
2022-07-08,265.0,265.0,253.6,255.1,-3.33,8470.0,2181030.8,2022,1.32,215.15,1.28,5.26
2022-07-11,250.0,250.0,237.2,237.2,-7.02,17468.0,4212285.9,2022,1.32,215.15,1.28,5.26
2022-07-12,241.9,246.5,235.7,241.0,1.6,11322.0,2707313.2,2022,1.32,215.15,1.28,5.26
2022-07-13,245.0,256.0,239.1,256.0,6.22,9530.0,2370632.7,2022,1.32,215.15,1.28,5.26
2022-07-14,261.0,261.1,250.0,256.2,0.08,8977.0,2302495.5,2022,1.32,215.15,1.28,5.26
2022-07-15,260.0,260.0,247.0,250.0,-2.42,6830.0,1706817.1,2022,1.32,215.15,1.28,5.26
2022-07-17,251.0,260.0,246.3,255.0,2.0,6256.0,1611280.0,2022,1.32,215.15,1.28,5.26
2022-07-18,250.2,269.9,250.2,261.0,2.35,11360.0,2959337.2,2022,1.32,215.15,1.28,5.26
2022-07-19,266.2,272.0,260.9,267.0,2.3,9589.0,2564709.5,2022,1.32,215.15,1.28,5.26
2022-07-20,262.0,272.0,261.0,267.9,0.34,8494.0,2256473.7,2022,1.32,215.15,1.28,5.26
2022-07-21,267.0,270.0,258.0,265.0,-1.08,9327.0,2438769.2,2022,1.32,215.15,1.28,5.26
2022-07-22,260.0,265.0,250.0,256.0,-3.4,11452.0,2916125.8,2022,1.32,215.15,1.28,5.26
2022-07-24,261.1,267.2,251.1,267.2,4.38,16164.0,4224266.9,2022,1.32,215.15,1.28,5.26
2022-07-25,272.5,281.9,267.5,280.0,4.79,35649.0,9872160.8,2022,1.32,215.15,1.28,5.26
2022-07-26,285.6,288.9,269.1,279.0,-0.36,46259.0,13008682.6,2022,1.32,215.15,1.28,5.26
2022-07-27,273.5,295.0,268.8,294.0,5.38,38620.0,10929973.1,2022,1.32,215.15,1.28,5.26
2022-07-28,299.0,305.0,281.9,293.2,-0.27,42910.0,12887705.0,2022,1.32,215.15,1.28,5.26
2022-07-29,291.0,299.0,285.2,288.0,-1.77,18669.0,5398507.8,2022,1.32,215.15,1.28,5.26
2022-07-31,293.0,303.0,292.1,299.0,3.82,33106.0,9860492.6,2022,1.32,215.15,1.28,5.26
2022-08-01,302.0,310.0,293.1,300.0,0.33,47812.0,14468704.6,2022,1.32,215.15,1.28,5.26
2022-08-02,306.0,306.0,295.5,303.0,1.0,22568.0,6797966.5,2022,1.32,215.15,1.28,5.26
2022-08-03,304.0,318.9,302.0,314.0,3.63,59851.0,18676424.9,2022,1.32,215.15,1.28,5.26
2022-08-04,309.0,315.0,301.0,301.0,-4.14,34170.0,10456474.9,2022,1.32,215.15,1.28,5.26
2022-08-05,295.0,307.8,291.0,292.6,-2.79,25101.0,7467915.3,2022,1.32,215.15,1.28,5.26
2022-08-07,298.0,309.9,293.1,298.0,1.85,25147.0,7532513.2,2022,1.32,215.15,1.28,5.26
2022-08-08,300.0,306.0,292.0,293.3,-1.58,19004.0,5681548.6,2022,1.32,215.15,1.28,5.26
2022-08-09,287.5,294.0,275.0,289.0,-1.47,18137.0,5175700.7,2022,1.32,215.15,1.28,5.26
2022-08-10,294.7,294.7,277.4,284.0,-1.73,18693.0,5281551.3,2022,1.32,215.15,1.28,5.26
2022-08-11,289.6,295.0,270.0,271.0,-4.58,15257.0,4226529.8,2022,1.32,215.15,1.28,5.26
2022-08-14,265.6,270.0,259.0,263.0,-2.95,16222.0,4296980.7,2022,1.32,215.15,1.28,5.26
2022-08-15,260.0,280.0,260.0,280.0,6.46,13759.0,3728140.7,2022,1.32,215.15,1.28,5.26
2022-08-16,280.0,284.1,265.0,270.0,-3.57,20219.0,5471279.2,2022,1.32,215.15,1.28,5.26
2022-08-17,275.0,275.0,265.0,265.0,-1.85,5287.0,1414162.8,2022,1.32,215.15,1.28,5.26
2022-08-18,270.0,275.0,267.0,273.0,3.02,11538.0,3129109.4,2022,1.32,215.15,1.28,5.26
2022-08-21,270.0,277.0,261.0,267.0,-2.2,21564.0,5769050.6,2022,1.32,215.15,1.28,5.26
2022-08-22,261.7,269.4,261.7,264.0,-1.12,5879.0,1556643.3,2022,1.32,215.15,1.28,5.26
2022-08-23,262.0,265.0,261.1,263.9,-0.04,3761.0,987832.7,2022,1.32,215.15,1.28,5.26
2022-08-24,260.0,268.0,260.0,266.0,0.8,15205.0,4015124.6,2022,1.32,215.15,1.28,5.26
2022-08-25,269.0,269.0,256.0,256.0,-3.76,4852.0,1265007.5,2022,1.32,215.15,1.28,5.26
2022-08-26,255.0,255.0,246.0,251.0,-1.95,7047.0,1769533.0,2022,1.32,215.15,1.28,5.26
2022-08-28,247.0,255.0,237.0,237.0,-5.58,24457.0,5936367.5,2022,1.32,215.15,1.28,5.26
2022-08-29,239.0,244.8,235.0,243.0,2.53,10327.0,2476602.3,2022,1.32,215.15,1.28,5.26
2022-08-30,243.0,245.9,240.2,243.0,0.0,2340.0,565789.5,2022,1.32,215.15,1.28,5.26
2022-08-31,245.0,245.0,236.0,236.1,-2.84,3037.0,722112.6,2022,1.32,215.15,1.28,5.26
2022-09-01,233.0,240.8,229.0,238.0,0.8,8253.0,1933915.5,2022,1.32,215.15,1.28,5.26
2022-09-02,239.2,241.0,236.0,236.0,-0.84,2076.0,495467.1,2022,1.32,215.15,1.28,5.26
2022-09-04,238.0,243.0,236.0,240.5,1.91,3579.0,857159.5,2022,1.32,215.15,1.28,5.26
2022-09-05,243.0,243.0,237.2,240.0,-0.21,3092.0,741213.6,2022,1.32,215.15,1.28,5.26
2022-09-06,235.3,239.0,235.0,235.0,-2.08,2050.0,482220.5,2022,1.32,215.15,1.28,5.26
2022-09-07,234.0,235.0,230.7,231.0,-1.7,3075.0,713475.0,2022,1.32,215.15,1.28,5.26
2022-09-08,230.0,240.0,227.0,240.0,3.9,5698.0,1324075.0,2022,1.32,215.15,1.28,5.26
2022-09-11,236.0,238.0,226.0,227.2,-5.33,7393.0,1716401.0,2022,1.32,215.15,1.28,5.26
2022-09-12,230.0,231.0,227.0,229.0,0.79,1472.0,338033.2,2022,1.32,215.15,1.28,5.26
2022-09-13,232.0,236.0,232.0,234.5,2.4,2645.0,617987.0,2022,1.32,215.15,1.28,5.26
2022-09-14,237.9,243.5,235.0,243.5,3.84,8659.0,2078042.2,2022,1.32,215.15,1.28,5.26
2022-09-15,239.0,243.0,223.5,227.0,-6.78,8694.0,2005227.6,2022,1.32,215.15,1.28,5.26
2022-09-16,223.0,225.0,219.0,220.0,-3.08,9237.0,2049909.8,2022,1.32,215.15,1.28,5.26
2022-09-18,216.2,220.0,213.0,215.0,-2.27,6765.0,1459803.9,2022,1.32,215.15,1.28,5.26
2022-09-20,213.0,213.0,197.2,204.0,-5.12,6730.0,1376728.2,2022,1.32,215.15,1.28,5.26
2022-09-21,208.0,215.5,204.0,208.3,2.11,8512.0,1763704.5,2022,1.32,215.15,1.28,5.26
2022-09-22,208.0,208.9,201.1,208.9,0.29,4704.0,961316.0,2022,1.32,215.15,1.28,5.26
2022-09-25,206.0,209.0,202.9,204.0,-2.35,2373.0,485151.3,2022,1.32,215.15,1.28,5.26
2022-09-27,205.0,212.1,200.0,205.5,0.74,5754.0,1175866.2,2022,1.32,215.15,1.28,5.26
2022-09-28,205.0,209.1,203.9,206.5,0.49,3165.0,652225.0,2022,1.32,215.15,1.28,5.26
2022-09-29,206.0,209.0,203.5,204.0,-1.21,2295.0,469392.0,2022,1.32,215.15,1.28,5.26
2022-10-09,206.0,213.9,203.2,211.0,3.43,2932.0,611446.2,2022,1.32,215.15,1.28,5.26
2022-10-10,215.2,215.2,207.0,209.9,-0.52,4148.0,867735.4,2022,1.32,215.15,1.28,5.26
2022-10-11,206.1,207.0,205.0,205.9,-1.91,2788.0,574307.7,2022,1.32,215.15,1.28,5.26
2022-10-12,207.0,211.6,203.8,203.8,-1.02,6813.0,1420775.0,2022,1.32,215.15,1.28,5.26
2022-10-13,207.8,210.0,201.0,207.0,1.57,3361.0,690555.1,2022,1.32,215.15,1.28,5.26
2022-10-16,204.0,206.0,203.0,206.0,-0.48,2703.0,550565.0,2022,1.32,215.15,1.28,5.26
2022-10-17,204.0,206.0,202.5,203.0,-1.46,2459.0,501698.0,2022,1.32,215.15,1.28,5.26
2022-10-19,200.0,204.0,196.0,201.1,-0.94,9492.0,1874196.7,2022,1.32,215.15,1.28,5.26
2022-10-20,201.0,202.9,193.1,193.1,-3.98,893.0,174996.3,2022,1.32,215.15,1.28,5.26
2022-10-23,196.0,196.9,194.2,194.2,0.57,1910.0,373547.0,2022,1.32,215.15,1.28,5.26
2022-10-31,194.0,196.0,194.0,195.1,0.46,2132.0,415148.0,2022,1.32,215.15,1.28,5.26
2022-11-01,195.0,214.6,195.0,210.0,7.64,5434.0,1110694.6,2022,1.32,215.15,1.28,5.26
2022-11-02,213.0,218.0,210.0,216.5,3.1,9304.0,2000513.5,2022,1.32,215.15,1.28,5.26
2022-11-03,212.2,214.0,210.0,211.0,-2.54,2740.0,579678.9,2022,1.32,215.15,1.28,5.26
2022-11-06,213.9,219.3,211.0,219.0,3.79,4229.0,905344.8,2022,1.32,215.15,1.28,5.26
2022-11-07,221.0,230.8,215.1,215.1,-1.78,13781.0,3071304.4,2022,1.32,215.15,1.28,5.26
2022-11-08,211.0,219.4,211.0,218.0,1.35,2546.0,553385.1,2022,1.32,215.15,1.28,5.26
2022-11-09,213.7,213.7,205.0,207.0,-5.05,4272.0,885148.5,2022,1.32,215.15,1.28,5.26
2022-11-10,205.0,208.0,199.0,201.0,-2.9,4084.0,833308.9,2022,1.32,215.15,1.28,5.26
2022-11-13,201.0,207.0,199.1,200.0,-0.5,4449.0,895894.2,2022,1.32,215.15,1.28,5.26
2022-11-14,200.0,214.0,197.1,212.9,6.45,10255.0,2124357.5,2022,1.32,215.15,1.28,5.26
2022-11-15,217.0,217.0,207.0,213.0,0.05,7764.0,1661016.8,2022,1.32,215.15,1.28,5.26
2022-11-16,210.0,218.0,206.0,218.0,2.35,5070.0,1078219.9,2022,1.32,215.15,1.28,5.26
2022-11-17,222.3,224.0,213.6,224.0,2.75,7621.0,1685685.1,2022,1.32,215.15,1.28,5.26
2022-11-22,223.0,226.0,213.7,217.0,-3.13,11517.0,2494875.4,2022,1.32,215.15,1.28,5.26
2022-11-23,212.7,215.0,212.7,214.0,-1.38,4873.0,1038444.8,2022,1.32,215.15,1.28,5.26
2022-11-24,209.9,222.0,209.1,221.7,3.6,5967.0,1287782.2,2022,1.32,215.15,1.28,5.26
2022-11-27,226.1,226.1,216.0,224.4,1.22,4317.0,953081.2,2022,1.32,215.15,1.28,5.26
2022-11-28,226.0,226.0,217.6,220.0,-1.96,4007.0,884612.6,2022,1.32,215.15,1.28,5.26
2022-11-29,216.0,219.0,215.6,217.1,-1.32,2634.0,573018.4,2022,1.32,215.15,1.28,5.26
2022-11-30,212.9,218.8,212.9,217.5,0.18,2118.0,456510.0,2022,1.32,215.15,1.28,5.26
2022-12-01,215.0,225.0,213.2,219.8,1.06,5335.0,1170217.4,2022,1.32,215.15,1.28,5.26
2022-12-04,224.0,224.0,213.7,217.0,-1.27,3652.0,787923.6,2022,1.32,215.15,1.28,5.26
2022-12-05,212.7,219.9,209.9,209.9,-3.27,7368.0,1568098.2,2022,1.32,215.15,1.28,5.26
2022-12-06,209.9,213.5,209.3,211.8,0.91,1263.0,265310.5,2022,1.32,215.15,1.28,5.26
2022-12-07,211.0,213.0,207.0,210.5,-0.61,3553.0,743873.8,2022,1.32,215.15,1.28,5.26
2022-12-11,207.0,214.0,203.0,207.0,-1.66,5621.0,1147957.1,2022,1.32,215.15,1.28,5.26
2022-12-12,204.0,209.1,202.9,205.1,-0.92,3940.0,806265.8,2022,1.32,215.15,1.28,5.26
2022-12-13,204.9,208.9,204.9,207.9,1.37,396.0,82078.4,2022,1.32,215.15,1.28,5.26
2022-12-14,205.0,208.2,201.0,205.0,-1.39,1833.0,377168.1,2022,1.32,215.15,1.28,5.26
2022-12-15,203.1,208.0,203.0,203.0,-0.98,3599.0,736073.9,2022,1.32,215.15,1.28,5.26
2022-12-18,203.0,203.0,200.0,201.0,-0.99,8429.0,1694413.0,2022,1.32,215.15,1.28,5.26
2022-12-19,200.0,204.0,198.0,202.1,0.55,1360.0,272275.5,2022,1.32,215.15,1.28,5.26
2022-12-20,199.4,203.8,199.4,203.0,0.45,6212.0,1247209.6,2022,1.32,215.15,1.28,5.26
2022-12-21,203.0,203.0,200.0,202.5,-0.25,2514.0,506390.6,2022,1.32,215.15,1.28,5.26
2022-12-22,199.0,200.0,199.0,200.0,-1.23,4596.0,915011.9,2022,1.32,215.15,1.28,5.26
2022-12-26,204.0,216.0,203.5,216.0,8.0,11605.0,2423990.0,2022,1.32,215.15,1.28,5.26
2022-12-27,220.3,227.4,218.0,221.0,2.31,19847.0,4400112.5,2022,1.32,215.15,1.28,5.26
2022-12-28,220.0,228.0,217.0,217.5,-1.58,19869.0,4413192.3,2022,1.32,215.15,1.28,5.26
2022-12-29,220.0,239.2,220.0,238.0,9.43,34799.0,7969610.3,2022,1.32,215.15,1.28,5.26
2023-01-01,238.0,260.0,238.0,247.5,3.99,30723.0,7661870.9,2023,-15.68,-17.9,-25.4,0.0
2023-01-02,243.0,260.1,240.0,260.0,5.05,30548.0,7724791.4,2023,-15.68,-17.9,-25.4,0.0
2023-01-03,263.0,267.0,253.0,254.0,-2.31,18165.0,4658482.0,2023,-15.68,-17.9,-25.4,0.0
2023-01-04,250.0,272.0,250.0,268.0,5.51,19898.0,5278879.5,2023,-15.68,-17.9,-25.4,0.0
2023-01-05,273.3,281.0,263.0,274.9,2.57,15850.0,4303330.3,2023,-15.68,-17.9,-25.4,0.0
2023-01-08,269.5,290.0,269.5,282.0,2.58,42042.0,11779223.3,2023,-15.68,-17.9,-25.4,0.0
2023-01-09,285.1,310.2,285.0,310.2,10.0,46460.0,14063775.3,2023,-15.68,-17.9,-25.4,0.0
2023-01-10,313.0,339.0,300.9,309.0,-0.39,59716.0,19216492.9,2023,-15.68,-17.9,-25.4,0.0
2023-01-12,312.0,315.1,279.0,293.0,-5.18,64989.0,19334690.3,2023,-15.68,-17.9,-25.4,0.0
2023-01-17,290.0,309.0,281.5,307.0,4.78,28177.0,8450438.8,2023,-15.68,-17.9,-25.4,0.0
2023-01-18,312.0,323.0,302.0,302.0,-1.63,29102.0,9037020.8,2023,-15.68,-17.9,-25.4,0.0
2023-01-19,297.1,320.0,291.2,313.0,3.64,34701.0,10717098.4,2023,-15.68,-17.9,-25.4,0.0
2023-01-23,319.0,319.0,298.0,301.0,-3.83,14125.0,4325717.1,2023,-15.68,-17.9,-25.4,0.0
2023-01-24,299.0,319.0,291.1,303.0,0.66,12753.0,3827873.2,2023,-15.68,-17.9,-25.4,0.0
2023-01-25,300.0,327.4,300.0,317.0,4.62,69365.0,22197861.1,2023,-15.68,-17.9,-25.4,0.0
2023-01-26,323.0,337.9,323.0,330.0,4.1,48772.0,16185069.7,2023,-15.68,-17.9,-25.4,0.0
2023-01-29,328.0,331.0,322.0,323.0,-2.12,25825.0,8392779.8,2023,-15.68,-17.9,-25.4,0.0
2023-01-30,317.0,328.0,305.8,310.0,-4.02,46706.0,14851718.2,2023,-15.68,-17.9,-25.4,0.0
2023-01-31,306.0,323.0,295.0,312.0,0.65,58192.0,18176230.7,2023,-15.68,-17.9,-25.4,0.0
2023-02-01,318.0,324.0,315.7,319.9,2.53,31353.0,10028009.8,2023,-15.68,-17.9,-25.4,0.0
2023-02-02,320.0,324.0,311.0,317.0,-0.91,14817.0,4705636.9,2023,-15.68,-17.9,-25.4,0.0
2023-02-05,316.0,320.0,311.1,318.0,0.32,17256.0,5441963.9,2023,-15.68,-17.9,-25.4,0.0
2023-02-06,315.3,320.0,314.4,320.0,0.63,32791.0,10397331.8,2023,-15.68,-17.9,-25.4,0.0
2023-02-07,320.0,335.0,320.0,335.0,4.69,60736.0,20103609.7,2023,-15.68,-17.9,-25.4,0.0
2023-02-08,341.0,341.0,323.4,329.0,-1.79,66046.0,21839534.5,2023,-15.68,-17.9,-25.4,0.0
2023-02-09,330.0,336.0,326.0,336.0,2.13,44382.0,14680759.4,2023,-15.68,-17.9,-25.4,0.0
2023-02-12,329.3,335.0,320.0,327.0,-2.68,46781.0,15307930.3,2023,-15.68,-17.9,-25.4,0.0
2023-02-14,325.0,345.0,325.0,336.0,2.75,44826.0,15048473.2,2023,-15.68,-17.9,-25.4,0.0
2023-02-15,339.0,345.0,328.0,333.5,-0.74,40557.0,13634166.0,2023,-15.68,-17.9,-25.4,0.0
2023-02-16,332.0,341.7,332.0,336.0,0.75,47466.0,16000902.3,2023,-15.68,-17.9,-25.4,0.0
2023-02-20,330.1,336.0,330.0,335.9,-0.03,21460.0,7151394.9,2023,-15.68,-17.9,-25.4,0.0
2023-02-22,336.0,369.4,336.0,368.0,9.56,60535.0,21260158.5,2023,-15.68,-17.9,-25.4,0.0
2023-02-23,368.0,370.0,349.7,354.9,-3.56,61612.0,21928657.8,2023,-15.68,-17.9,-25.4,0.0
2023-02-26,354.0,369.9,337.3,369.0,3.97,76669.0,26969918.3,2023,-15.68,-17.9,-25.4,0.0
2023-02-27,370.0,370.0,340.1,352.0,-4.61,69897.0,24634671.4,2023,-15.68,-17.9,-25.4,0.0
2023-02-28,350.1,355.9,346.2,346.2,-1.65,19126.0,6717063.0,2023,-15.68,-17.9,-25.4,0.0
2023-03-01,348.0,348.0,336.0,337.0,-2.66,21277.0,7243085.2,2023,-15.68,-17.9,-25.4,0.0
2023-03-02,331.2,338.0,328.5,328.5,-2.52,17364.0,5778058.9,2023,-15.68,-17.9,-25.4,0.0
2023-03-05,328.0,328.0,315.0,315.0,-4.11,16815.0,5353147.3,2023,-15.68,-17.9,-25.4,0.0
2023-03-07,321.0,328.0,317.6,321.0,1.9,8390.0,2697097.3,2023,-15.68,-17.9,-25.4,0.0
2023-03-09,322.0,339.6,322.0,338.0,5.3,20376.0,6782296.6,2023,-15.68,-17.9,-25.4,0.0
2023-03-12,340.0,343.0,330.3,330.3,-2.28,26502.0,8896167.4,2023,-15.68,-17.9,-25.4,0.0
2023-03-13,336.9,336.9,325.0,325.0,-1.6,10297.0,3389469.1,2023,-15.68,-17.9,-25.4,0.0
2023-03-14,323.2,333.0,319.0,324.5,-0.15,11997.0,3894004.0,2023,-15.68,-17.9,-25.4,0.0
2023-03-15,330.9,330.9,320.2,322.0,-0.77,5902.0,1903780.8,2023,-15.68,-17.9,-25.4,0.0
2023-03-16,328.0,328.4,320.5,320.7,-0.4,9411.0,3041631.5,2023,-15.68,-17.9,-25.4,0.0
2023-03-19,321.0,330.0,315.1,319.1,-0.5,23210.0,7486848.8,2023,-15.68,-17.9,-25.4,0.0
2023-03-20,320.0,333.0,320.0,333.0,4.36,22914.0,7537555.4,2023,-15.68,-17.9,-25.4,0.0
2023-03-22,334.5,337.0,327.0,327.0,-1.8,9193.0,3047001.8,2023,-15.68,-17.9,-25.4,0.0
2023-03-23,332.0,332.0,321.5,324.9,-0.64,9267.0,3000491.1,2023,-15.68,-17.9,-25.4,0.0
2023-03-26,330.0,330.0,317.6,317.6,-2.25,14372.0,4587027.2,2023,-15.68,-17.9,-25.4,0.0
2023-03-27,313.2,325.0,312.4,325.0,2.33,8731.0,2780541.8,2023,-15.68,-17.9,-25.4,0.0
2023-03-28,331.5,337.0,321.8,322.6,-0.74,8076.0,2638117.1,2023,-15.68,-17.9,-25.4,0.0
2023-03-29,322.0,324.0,318.0,320.8,-0.56,7141.0,2293327.2,2023,-15.68,-17.9,-25.4,0.0
2023-03-30,323.0,323.0,318.0,318.0,-0.87,8018.0,2573396.9,2023,-15.68,-17.9,-25.4,0.0
2023-04-02,323.0,323.0,304.0,304.0,-4.4,11278.0,3502331.5,2023,-15.68,-17.9,-25.4,0.0
2023-04-03,302.6,310.0,301.5,302.4,-0.53,9009.0,2730725.1,2023,-15.68,-17.9,-25.4,0.0
2023-04-04,302.0,308.0,301.0,304.0,0.53,7428.0,2258013.5,2023,-15.68,-17.9,-25.4,0.0
2023-04-05,306.0,308.0,300.0,305.0,0.33,7281.0,2226931.3,2023,-15.68,-17.9,-25.4,0.0
2023-04-06,305.0,307.0,302.0,302.2,-0.92,7152.0,2167589.5,2023,-15.68,-17.9,-25.4,0.0
2023-04-09,302.0,302.0,290.1,290.1,-4.0,10717.0,3157842.2,2023,-15.68,-17.9,-25.4,0.0
2023-04-10,294.0,298.0,292.0,296.0,2.03,4090.0,1210004.0,2023,-15.68,-17.9,-25.4,0.0
2023-04-11,295.0,318.0,295.0,318.0,7.43,9143.0,2779058.8,2023,-15.68,-17.9,-25.4,0.0
2023-04-12,315.0,328.0,315.0,326.5,2.67,16805.0,5439502.7,2023,-15.68,-17.9,-25.4,0.0
2023-04-13,327.0,332.0,314.6,315.0,-3.52,16090.0,5136506.6,2023,-15.68,-17.9,-25.4,0.0
2023-04-16,313.0,315.0,309.0,314.0,-0.32,9466.0,2941184.9,2023,-15.68,-17.9,-25.4,0.0
2023-04-17,308.2,314.0,302.0,309.0,-1.59,13678.0,4185529.9,2023,-15.68,-17.9,-25.4,0.0
2023-04-18,307.0,309.0,303.0,304.0,-1.62,4310.0,1315435.7,2023,-15.68,-17.9,-25.4,0.0
2023-04-19,310.0,314.0,307.2,311.5,2.47,11676.0,3627531.7,2023,-15.68,-17.9,-25.4,0.0
2023-04-20,308.0,312.9,307.0,307.0,-1.44,5107.0,1579606.6,2023,-15.68,-17.9,-25.4,0.0
2023-04-23,307.0,307.0,301.1,303.0,-1.3,5710.0,1733550.1,2023,-15.68,-17.9,-25.4,0.0
2023-04-24,301.1,308.8,301.0,304.0,0.33,7254.0,2206126.3,2023,-15.68,-17.9,-25.4,0.0
2023-04-25,301.1,311.0,301.1,310.0,1.97,5147.0,1580075.2,2023,-15.68,-17.9,-25.4,0.0
2023-04-26,315.9,315.9,302.3,305.0,-1.61,7752.0,2358475.5,2023,-15.68,-17.9,-25.4,0.0
2023-04-27,305.0,310.0,298.9,302.0,-0.98,11734.0,3532813.7,2023,-15.68,-17.9,-25.4,0.0
2023-04-30,302.0,303.0,290.0,294.0,-2.65,9631.0,2832466.7,2023,-15.68,-17.9,-25.4,0.0
2023-05-02,290.0,298.0,288.0,291.0,-1.02,3253.0,945047.8,2023,-15.68,-17.9,-25.4,0.0
2023-05-03,296.0,296.0,282.3,283.0,-2.75,1288.0,368884.0,2023,-15.68,-17.9,-25.4,0.0
2023-05-04,283.0,285.0,276.5,282.9,-0.04,4606.0,1289641.8,2023,-15.68,-17.9,-25.4,0.0
2023-05-07,280.0,280.0,276.0,277.0,-2.09,3367.0,936816.0,2023,-15.68,-17.9,-25.4,0.0
2023-05-08,280.0,282.5,262.0,266.0,-3.97,3868.0,1037093.7,2023,-15.68,-17.9,-25.4,0.0
2023-05-09,271.0,287.5,265.0,275.0,3.38,8215.0,2263340.6,2023,-15.68,-17.9,-25.4,0.0
2023-05-10,270.0,274.5,268.6,274.0,-0.36,1330.0,360544.9,2023,-15.68,-17.9,-25.4,0.0
2023-05-11,274.0,278.9,270.0,275.0,0.36,1575.0,431001.3,2023,-15.68,-17.9,-25.4,0.0
2023-05-14,275.0,278.0,260.0,264.7,-3.75,14238.0,3775112.1,2023,-15.68,-17.9,-25.4,0.0
2023-05-15,260.1,266.9,260.0,264.9,0.08,2619.0,691886.4,2023,-15.68,-17.9,-25.4,0.0
2023-05-16,261.0,269.4,261.0,266.8,0.72,2735.0,719311.2,2023,-15.68,-17.9,-25.4,0.0
2023-05-17,263.0,275.0,263.0,275.0,3.07,7811.0,2118319.1,2023,-15.68,-17.9,-25.4,0.0
2023-05-18,272.0,285.2,272.0,284.5,3.45,6349.0,1779123.6,2023,-15.68,-17.9,-25.4,0.0
2023-05-21,289.0,290.0,277.3,281.0,-1.23,7548.0,2150219.9,2023,-15.68,-17.9,-25.4,0.0
2023-05-22,275.5,283.5,274.1,280.0,-0.36,10965.0,3062923.2,2023,-15.68,-17.9,-25.4,0.0
2023-05-23,285.0,294.7,284.0,293.0,4.64,10205.0,2957924.3,2023,-15.68,-17.9,-25.4,0.0
2023-05-24,298.0,298.0,286.5,291.0,-0.68,3529.0,1024179.9,2023,-15.68,-17.9,-25.4,0.0
2023-05-28,296.8,303.7,289.1,289.5,-0.52,15382.0,4556307.5,2023,-15.68,-17.9,-25.4,0.0
2023-05-30,284.0,289.0,274.4,280.0,-3.28,11732.0,3292045.0,2023,-15.68,-17.9,-25.4,0.0
2023-05-31,274.4,279.7,266.2,268.5,-4.11,11317.0,3085285.7,2023,-15.68,-17.9,-25.4,0.0
2023-06-01,263.6,275.3,254.0,274.5,2.23,22523.0,5946505.8,2023,-15.68,-17.9,-25.4,0.0
2023-06-04,279.9,294.8,278.0,289.0,5.28,11493.0,3310258.5,2023,-15.68,-17.9,-25.4,0.0
2023-06-05,284.0,289.0,275.1,280.0,-3.11,5404.0,1528574.8,2023,-15.68,-17.9,-25.4,0.0
2023-06-06,276.1,284.0,276.0,283.7,1.32,8705.0,2433592.4,2023,-15.68,-17.9,-25.4,0.0
2023-06-07,288.0,295.0,280.0,285.0,0.46,7694.0,2173090.5,2023,-15.68,-17.9,-25.4,0.0
2023-06-08,290.0,292.0,282.3,282.3,-0.95,9853.0,2820643.1,2023,-15.68,-17.9,-25.4,0.0
2023-06-11,287.5,304.0,286.2,292.1,3.47,12011.0,3523181.1,2023,-15.68,-17.9,-25.4,0.0
2023-06-12,294.9,298.0,290.0,294.0,0.65,14508.0,4251567.5,2023,-15.68,-17.9,-25.4,0.0
2023-06-13,289.0,314.1,289.0,307.0,4.42,17847.0,5420191.0,2023,-15.68,-17.9,-25.4,0.0
2023-06-14,308.0,317.2,302.0,307.0,0.0,28768.0,8954349.3,2023,-15.68,-17.9,-25.4,0.0
2023-06-15,302.0,312.0,296.0,307.0,0.0,10416.0,3141879.8,2023,-15.68,-17.9,-25.4,0.0
2023-06-18,311.0,313.0,302.0,307.0,0.0,6621.0,2026883.9,2023,-15.68,-17.9,-25.4,0.0
2023-06-19,306.0,320.0,306.0,317.0,3.26,27091.0,8570197.7,2023,-15.68,-17.9,-25.4,0.0
2023-06-20,322.0,322.0,303.8,306.0,-3.47,21011.0,6543605.7,2023,-15.68,-17.9,-25.4,0.0
2023-06-21,301.0,311.0,297.0,297.0,-2.94,7359.0,2209407.7,2023,-15.68,-17.9,-25.4,0.0
2023-06-22,302.2,306.0,280.8,290.0,-2.36,17887.0,5194012.3,2023,-15.68,-17.9,-25.4,0.0
2023-06-25,286.0,300.0,275.0,300.0,3.45,16691.0,4826451.9,2023,-15.68,-17.9,-25.4,0.0
2023-06-26,306.0,311.0,291.3,291.3,-2.9,6912.0,2041573.6,2023,-15.68,-17.9,-25.4,0.0
2023-06-27,297.0,298.8,290.0,293.3,0.69,13479.0,3960467.0,2023,-15.68,-17.9,-25.4,0.0
2023-06-28,299.0,299.0,285.0,285.0,-2.83,10368.0,2988152.2,2023,-15.68,-17.9,-25.4,0.0
2023-07-02,290.0,290.0,277.4,277.4,-2.67,10185.0,2858918.4,2023,-15.68,-17.9,-25.4,0.0
2023-07-03,280.0,292.0,270.0,270.0,-2.67,9098.0,2525868.5,2023,-15.68,-17.9,-25.4,0.0
2023-07-04,275.0,280.5,262.0,273.5,1.3,10756.0,2859302.9,2023,-15.68,-17.9,-25.4,0.0
2023-07-05,271.0,280.9,266.5,266.5,-2.56,4469.0,1205127.6,2023,-15.68,-17.9,-25.4,0.0
2023-07-06,269.9,269.9,261.2,262.1,-1.65,3224.0,848706.2,2023,-15.68,-17.9,-25.4,0.0
2023-07-09,266.0,270.9,262.2,263.0,0.34,4985.0,1327163.2,2023,-15.68,-17.9,-25.4,0.0
2023-07-10,267.0,267.0,257.0,262.0,-0.38,17595.0,4608148.6,2023,-15.68,-17.9,-25.4,0.0
2023-07-11,267.0,267.0,257.2,262.0,0.0,4000.0,1042934.8,2023,-15.68,-17.9,-25.4,0.0
2023-07-12,258.0,276.5,258.0,276.5,5.53,10467.0,2835337.0,2023,-15.68,-17.9,-25.4,0.0
2023-07-13,280.0,282.0,265.0,269.0,-2.71,6644.0,1814467.9,2023,-15.68,-17.9,-25.4,0.0
2023-07-16,270.0,270.0,260.0,264.0,-1.86,1498.0,395308.1,2023,-15.68,-17.9,-25.4,0.0
2023-07-17,260.0,271.0,260.0,271.0,2.65,3996.0,1062259.5,2023,-15.68,-17.9,-25.4,0.0
2023-07-18,266.1,272.1,265.0,269.9,-0.41,10859.0,2911082.0,2023,-15.68,-17.9,-25.4,0.0
2023-07-19,267.1,271.0,261.1,271.0,0.41,3123.0,832902.7,2023,-15.68,-17.9,-25.4,0.0
2023-07-20,273.0,273.0,265.6,266.0,-1.85,4283.0,1150227.6,2023,-15.68,-17.9,-25.4,0.0
2023-07-23,265.1,272.9,264.8,272.9,2.59,5790.0,1561105.3,2023,-15.68,-17.9,-25.4,0.0
2023-07-24,275.8,275.8,266.0,266.5,-2.35,10708.0,2884566.2,2023,-15.68,-17.9,-25.4,0.0
2023-07-25,266.7,275.0,266.2,270.0,1.31,4737.0,1275546.0,2023,-15.68,-17.9,-25.4,0.0
2023-07-26,273.8,273.8,265.3,265.3,-1.74,1800.0,482131.6,2023,-15.68,-17.9,-25.4,0.0
2023-07-27,261.0,265.0,260.0,260.0,-2.0,4403.0,1151934.2,2023,-15.68,-17.9,-25.4,0.0
2023-07-30,260.0,264.0,256.0,260.0,0.0,3861.0,1002057.1,2023,-15.68,-17.9,-25.4,0.0
2023-07-31,255.0,265.0,255.0,263.0,1.15,6121.0,1588043.0,2023,-15.68,-17.9,-25.4,0.0
2023-08-01,265.0,267.0,254.0,255.0,-3.04,5452.0,1402703.0,2023,-15.68,-17.9,-25.4,0.0
2023-08-02,252.0,256.0,248.0,250.0,-1.96,3175.0,798786.1,2023,-15.68,-17.9,-25.4,0.0
2023-08-03,255.0,255.0,249.9,250.1,0.04,2804.0,709151.9,2023,-15.68,-17.9,-25.4,0.0
2023-08-06,248.0,251.0,245.0,248.0,-0.84,2962.0,734671.6,2023,-15.68,-17.9,-25.4,0.0
2023-08-07,252.0,252.0,232.0,232.0,-6.45,7678.0,1828359.6,2023,-15.68,-17.9,-25.4,0.0
2023-08-08,236.6,240.9,231.0,231.0,-0.43,4380.0,1040426.5,2023,-15.68,-17.9,-25.4,0.0
2023-08-09,230.0,235.6,227.0,235.6,1.99,3891.0,900438.3,2023,-15.68,-17.9,-25.4,0.0
2023-08-10,235.1,238.0,231.0,236.0,0.17,3224.0,755453.0,2023,-15.68,-17.9,-25.4,0.0
2023-08-13,232.0,235.0,230.0,235.0,-0.42,2632.0,610315.1,2023,-15.68,-17.9,-25.4,0.0
2023-08-14,231.0,234.5,228.2,228.2,-2.89,2919.0,673648.0,2023,-15.68,-17.9,-25.4,0.0
2023-08-15,225.0,226.0,220.0,223.0,-2.28,5452.0,1216041.5,2023,-15.68,-17.9,-25.4,0.0
2023-08-16,220.0,220.0,213.0,215.0,-3.59,4331.0,934749.0,2023,-15.68,-17.9,-25.4,0.0
2023-08-17,217.0,232.5,216.0,218.0,1.4,3478.0,765192.5,2023,-15.68,-17.9,-25.4,0.0
2023-08-20,215.0,215.0,203.5,207.0,-5.05,3561.0,743522.9,2023,-15.68,-17.9,-25.4,0.0
2023-08-21,210.0,210.0,204.1,209.7,1.3,1669.0,345777.9,2023,-15.68,-17.9,-25.4,0.0
2023-08-22,209.7,227.0,206.0,227.0,8.25,5562.0,1185601.0,2023,-15.68,-17.9,-25.4,0.0
2023-08-23,224.0,227.8,216.1,227.7,0.31,6412.0,1415252.8,2023,-15.68,-17.9,-25.4,0.0
2023-08-24,227.7,227.7,217.1,217.1,-4.66,7235.0,1596747.6,2023,-15.68,-17.9,-25.4,0.0
2023-08-27,215.1,220.0,214.0,214.0,-1.43,2461.0,534147.2,2023,-15.68,-17.9,-25.4,0.0
2023-08-28,216.0,218.2,211.7,218.2,1.96,453.0,98009.8,2023,-15.68,-17.9,-25.4,0.0
2023-08-29,215.1,222.5,214.0,220.0,0.82,2124.0,463760.1,2023,-15.68,-17.9,-25.4,0.0
2023-08-30,217.0,222.6,212.8,216.9,-1.41,2234.0,487959.0,2023,-15.68,-17.9,-25.4,0.0
2023-09-03,213.1,216.0,202.0,216.0,-0.41,13546.0,2776599.5,2023,-15.68,-17.9,-25.4,0.0
2023-09-04,216.0,219.0,210.0,213.0,-1.39,2057.0,442334.5,2023,-15.68,-17.9,-25.4,0.0
2023-09-05,216.0,216.0,209.0,213.0,0.0,1470.0,312075.3,2023,-15.68,-17.9,-25.4,0.0
2023-09-07,208.8,212.9,194.1,212.1,-0.42,11916.0,2399962.8,2023,-15.68,-17.9,-25.4,0.0
2023-09-10,208.0,213.0,203.9,212.9,0.38,2990.0,620659.7,2023,-15.68,-17.9,-25.4,0.0
2023-09-11,216.0,216.6,210.0,214.0,0.52,2671.0,570522.5,2023,-15.68,-17.9,-25.4,0.0
2023-09-12,213.0,215.0,207.3,213.6,-0.19,2470.0,519519.0,2023,-15.68,-17.9,-25.4,0.0
2023-09-13,216.0,219.5,211.0,219.5,2.76,2816.0,609901.3,2023,-15.68,-17.9,-25.4,0.0
2023-09-17,219.0,220.0,210.8,215.0,-2.05,5273.0,1125353.5,2023,-15.68,-17.9,-25.4,0.0
2023-09-18,211.0,215.0,211.0,214.0,-0.47,495.0,105763.2,2023,-15.68,-17.9,-25.4,0.0
2023-09-19,210.0,222.5,210.0,222.5,3.97,6003.0,1319679.8,2023,-15.68,-17.9,-25.4,0.0
2023-09-21,226.9,240.0,226.6,236.0,6.07,12112.0,2840972.9,2023,-15.68,-17.9,-25.4,0.0
2023-09-24,233.0,240.0,224.0,228.0,-3.39,6079.0,1385105.1,2023,-15.68,-17.9,-25.4,0.0
2023-09-25,224.1,240.0,224.1,236.4,3.68,10194.0,2391133.2,2023,-15.68,-17.9,-25.4,0.0
2023-09-26,234.9,250.0,234.9,249.0,5.33,9357.0,2310711.8,2023,-15.68,-17.9,-25.4,0.0
2023-09-27,245.0,245.0,236.0,239.0,-4.02,5657.0,1355644.9,2023,-15.68,-17.9,-25.4,0.0
2023-10-01,234.3,246.5,225.2,234.5,-1.88,9687.0,2299878.9,2023,-15.68,-17.9,-25.4,0.0
2023-10-02,230.1,238.5,225.5,230.5,-1.71,5142.0,1204768.9,2023,-15.68,-17.9,-25.4,0.0
2023-10-03,226.3,230.7,226.2,227.1,-1.48,1772.0,403130.3,2023,-15.68,-17.9,-25.4,0.0
2023-10-04,231.0,236.2,230.0,231.0,1.72,2147.0,496408.7,2023,-15.68,-17.9,-25.4,0.0
2023-10-05,231.0,232.1,226.6,230.0,-0.43,6026.0,1377288.0,2023,-15.68,-17.9,-25.4,0.0
2023-10-08,226.0,232.0,221.0,221.0,-3.91,9597.0,2133157.3,2023,-15.68,-17.9,-25.4,0.0
2023-10-09,217.0,227.0,217.0,222.0,0.45,6657.0,1482773.1,2023,-15.68,-17.9,-25.4,0.0
2023-10-10,222.0,224.5,203.7,214.2,-3.51,14586.0,3103746.7,2023,-15.68,-17.9,-25.4,0.0
2023-10-11,215.9,217.9,205.8,217.7,1.63,14477.0,3052771.2,2023,-15.68,-17.9,-25.4,0.0
2023-10-12,215.0,215.0,198.6,213.8,-1.79,12763.0,2622893.7,2023,-15.68,-17.9,-25.4,0.0
2023-10-16,214.0,214.0,202.0,203.0,-5.05,7863.0,1611857.9,2023,-15.68,-17.9,-25.4,0.0
2023-10-17,207.0,215.0,203.2,206.0,1.48,2536.0,525809.5,2023,-15.68,-17.9,-25.4,0.0
2023-10-18,209.0,213.0,206.5,209.0,1.46,1472.0,309302.5,2023,-15.68,-17.9,-25.4,0.0
2023-10-19,211.0,211.0,207.0,210.0,0.48,1270.0,265494.7,2023,-15.68,-17.9,-25.4,0.0
2023-10-29,206.0,206.1,201.0,201.0,-4.29,8318.0,1692316.8,2023,-15.68,-17.9,-25.4,0.0
2023-10-30,205.0,212.0,205.0,210.0,4.48,975.0,205349.0,2023,-15.68,-17.9,-25.4,0.0
2023-10-31,207.0,208.0,205.0,205.1,-2.33,1680.0,347357.0,2023,-15.68,-17.9,-25.4,0.0
2023-11-01,207.0,207.0,207.0,207.0,0.93,10.0,2070.0,2023,-15.68,-17.9,-25.4,0.0
2023-11-02,204.0,205.0,202.0,202.1,-2.37,3341.0,677839.4,2023,-15.68,-17.9,-25.4,0.0
2023-11-05,203.0,204.0,200.0,202.0,-0.05,1317.0,266630.9,2023,-15.68,-17.9,-25.4,0.0
2023-11-06,204.0,208.5,204.0,205.0,1.49,2815.0,577626.9,2023,-15.68,-17.9,-25.4,0.0
2023-11-07,208.0,209.1,200.9,202.2,-1.37,3346.0,682545.2,2023,-15.68,-17.9,-25.4,0.0
2023-11-06,204.0,208.5,204.0,205.0,1.49,2815.0,577626.9,2023,-15.68,-17.9,-25.4,0.0
2023-11-07,208.0,209.1,200.9,202.2,-1.37,3346.0,682545.2,2023,-15.68,-17.9,-25.4,0.0
2023-11-08,200.0,206.0,200.0,206.0,1.88,420.0,85860.0,2023,-15.68,-17.9,-25.4,0.0
2023-11-09,202.5,208.0,199.0,207.7,0.83,1779.0,361462.0,2023,-15.68,-17.9,-25.4,0.0
2023-11-20,209.0,209.0,202.0,204.0,-1.78,1475.0,301338.0,2023,-15.68,-17.9,-25.4,0.0
2023-11-21,200.1,201.0,197.0,197.0,-3.43,1267.0,251581.2,2023,-15.68,-17.9,-25.4,0.0
2023-11-22,198.1,208.0,198.0,206.7,4.92,1516.0,304133.6,2023,-15.68,-17.9,-25.4,0.0
2023-11-23,203.0,207.0,199.8,200.0,-3.24,4302.0,871197.7,2023,-15.68,-17.9,-25.4,0.0
2023-11-26,204.0,220.0,204.0,220.0,10.0,17806.0,3827955.8,2023,-15.68,-17.9,-25.4,0.0
2023-11-27,221.0,228.8,215.6,221.3,0.59,14022.0,3091581.7,2023,-15.68,-17.9,-25.4,0.0
2023-11-28,222.0,223.0,213.7,219.0,-1.04,3680.0,808477.2,2023,-15.68,-17.9,-25.4,0.0
2023-11-29,219.0,220.0,207.3,211.0,-3.65,1859.0,397933.1,2023,-15.68,-17.9,-25.4,0.0
2023-11-30,214.0,214.0,207.5,209.0,-0.95,3810.0,800948.0,2023,-15.68,-17.9,-25.4,0.0
2023-12-03,207.0,211.0,207.0,210.0,0.48,3483.0,728982.0,2023,-15.68,-17.9,-25.4,0.0
2023-12-04,210.0,218.0,206.0,209.1,-0.43,5328.0,1120793.1,2023,-15.68,-17.9,-25.4,0.0
2023-12-05,213.2,213.2,206.1,211.0,0.91,1080.0,227061.5,2023,-15.68,-17.9,-25.4,0.0
2023-12-06,207.0,208.0,206.0,207.9,-1.47,1729.0,357769.0,2023,-15.68,-17.9,-25.4,0.0
2023-12-07,207.0,214.0,207.0,211.0,1.49,7955.0,1669241.3,2023,-15.68,-17.9,-25.4,0.0
2023-12-10,215.2,223.8,215.2,223.8,6.07,30.0,6585.0,2023,-15.68,-17.9,-25.4,0.0
2023-12-11,228.2,233.0,220.0,221.9,-0.85,20185.0,4564205.4,2023,-15.68,-17.9,-25.4,0.0
2023-12-12,222.0,232.0,222.0,231.9,4.51,25024.0,5692277.7,2023,-15.68,-17.9,-25.4,0.0
2023-12-13,236.0,249.8,233.1,242.0,4.36,26455.0,6463915.6,2023,-15.68,-17.9,-25.4,0.0
2023-12-14,238.1,245.0,238.0,245.0,1.24,11384.0,2746257.2,2023,-15.68,-17.9,-25.4,0.0
2023-12-17,240.1,267.2,240.0,267.0,8.98,33229.0,8431192.7,2023,-15.68,-17.9,-25.4,0.0
2023-12-18,267.0,272.3,255.1,264.0,-1.12,26406.0,7019413.8,2023,-15.68,-17.9,-25.4,0.0
2023-12-19,269.0,269.0,250.0,262.0,-0.76,20108.0,5162708.8,2023,-15.68,-17.9,-25.4,0.0
2023-12-20,257.1,265.0,255.0,262.0,0.0,30871.0,8038945.6,2023,-15.68,-17.9,-25.4,0.0
2023-12-21,260.0,265.0,252.0,252.0,-3.82,26424.0,6805735.4,2023,-15.68,-17.9,-25.4,0.0
2023-12-24,257.0,270.2,250.0,256.0,1.59,28216.0,7408254.2,2023,-15.68,-17.9,-25.4,0.0
2023-12-27,261.0,265.0,245.0,256.0,0.0,16160.0,4148107.0,2023,-15.68,-17.9,-25.4,0.0
2023-12-28,256.0,260.0,241.1,253.0,-1.17,15621.0,3907689.8,2023,-15.68,-17.9,-25.4,0.0
2024-01-01,249.0,253.0,244.4,251.9,-0.43,11156.0,2763933.6,2024,-13.88,-20.2,-18.6,0.0
2024-01-02,256.1,256.1,239.0,240.9,-4.37,6975.0,1690268.8,2024,-13.88,-20.2,-18.6,0.0
2024-01-03,245.0,246.0,238.0,245.0,1.7,8258.0,1989574.0,2024,-13.88,-20.2,-18.6,0.0
2024-01-04,249.9,261.0,245.0,253.0,3.27,19771.0,4935018.9,2024,-13.88,-20.2,-18.6,0.0
2024-01-07,258.0,260.8,248.0,249.0,-1.58,25447.0,6486811.8,2024,-13.88,-20.2,-18.6,0.0
2024-01-08,253.9,266.9,252.0,266.0,6.83,34757.0,9000836.4,2024,-13.88,-20.2,-18.6,0.0
2024-01-09,269.9,290.0,267.0,271.5,2.07,49488.0,13702760.6,2024,-13.88,-20.2,-18.6,0.0
2024-01-10,276.9,282.4,264.0,270.0,-0.55,34256.0,9321914.3,2024,-13.88,-20.2,-18.6,0.0
2024-01-11,266.6,290.1,266.6,283.1,4.85,35658.0,10000562.5,2024,-13.88,-20.2,-18.6,0.0
2024-01-14,288.7,307.0,285.0,297.0,4.91,82970.0,24751799.8,2024,-13.88,-20.2,-18.6,0.0
2024-01-16,302.9,313.0,296.4,302.3,1.78,62392.0,18890897.1,2024,-13.88,-20.2,-18.6,0.0
2024-01-17,300.1,300.1,281.0,286.0,-5.39,36532.0,10636447.4,2024,-13.88,-20.2,-18.6,0.0
2024-01-18,280.3,297.7,280.3,291.0,1.75,19967.0,5738162.7,2024,-13.88,-20.2,-18.6,0.0
2024-01-21,290.1,308.7,290.1,299.0,2.75,46919.0,14136137.6,2024,-13.88,-20.2,-18.6,0.0
2024-01-22,301.0,301.9,282.0,293.0,-2.01,29543.0,8740094.4,2024,-13.88,-20.2,-18.6,0.0
2024-01-23,298.0,300.0,276.4,284.0,-3.07,21757.0,6181145.7,2024,-13.88,-20.2,-18.6,0.0
2024-01-24,289.0,294.0,276.3,277.0,-2.46,10942.0,3104327.0,2024,-13.88,-20.2,-18.6,0.0
2024-01-25,280.0,285.0,270.0,278.0,0.36,21359.0,5900527.0,2024,-13.88,-20.2,-18.6,0.0
2024-01-28,283.5,300.0,278.0,290.9,4.64,21393.0,6177417.5,2024,-13.88,-20.2,-18.6,0.0
2024-01-29,296.0,296.0,285.2,290.0,-0.31,15076.0,4372881.4,2024,-13.88,-20.2,-18.6,0.0
2024-01-30,295.0,298.7,288.0,298.0,2.76,17920.0,5283658.6,2024,-13.88,-20.2,-18.6,0.0
2024-01-31,302.0,302.0,280.0,290.0,-2.68,19969.0,5785232.9,2024,-13.88,-20.2,-18.6,0.0
2024-02-01,294.9,294.9,280.2,281.0,-3.1,9326.0,2643902.8,2024,-13.88,-20.2,-18.6,0.0
2024-02-04,283.0,287.0,275.6,281.0,0.0,10014.0,2821329.5,2024,-13.88,-20.2,-18.6,0.0
2024-02-05,281.0,296.8,277.2,294.9,4.95,50164.0,14515774.2,2024,-13.88,-20.2,-18.6,0.0
2024-02-06,294.2,296.8,293.0,294.0,-0.31,9273.0,2732878.4,2024,-13.88,-20.2,-18.6,0.0
2024-02-07,299.0,303.0,295.0,303.0,3.06,38351.0,11499861.9,2024,-13.88,-20.2,-18.6,0.0
2024-02-08,307.0,325.6,300.0,304.0,0.33,43685.0,13309351.3,2024,-13.88,-20.2,-18.6,0.0
2024-02-11,306.0,306.0,297.0,303.0,-0.33,23857.0,7220143.7,2024,-13.88,-20.2,-18.6,0.0
2024-02-12,302.9,308.0,298.6,308.0,1.65,16678.0,5062076.1,2024,-13.88,-20.2,-18.6,0.0
2024-02-13,301.9,310.0,295.0,299.0,-2.92,31604.0,9520955.6,2024,-13.88,-20.2,-18.6,0.0
2024-02-14,299.0,303.0,297.2,297.2,-0.6,7850.0,2351402.5,2024,-13.88,-20.2,-18.6,0.0
2024-02-15,296.0,323.0,296.0,321.0,8.01,102121.0,32308122.0,2024,-13.88,-20.2,-18.6,0.0
2024-02-18,314.6,330.8,314.6,324.0,0.93,63134.0,20431510.7,2024,-13.88,-20.2,-18.6,0.0
2024-02-20,324.0,326.0,313.1,318.0,-1.85,21145.0,6760067.2,2024,-13.88,-20.2,-18.6,0.0
2024-02-21,324.0,324.3,309.1,315.0,-0.94,27361.0,8594691.4,2024,-13.88,-20.2,-18.6,0.0
2024-02-22,313.0,318.0,303.8,303.8,-3.56,11050.0,3398514.8,2024,-13.88,-20.2,-18.6,0.0
2024-02-25,309.8,309.8,288.0,288.0,-5.2,18474.0,5506549.5,2024,-13.88,-20.2,-18.6,0.0
2024-02-26,293.0,303.0,288.0,295.0,2.43,8699.0,2555708.1,2024,-13.88,-20.2,-18.6,0.0
2024-02-27,300.0,303.0,295.0,303.0,2.71,12354.0,3700715.8,2024,-13.88,-20.2,-18.6,0.0
2024-02-28,309.0,309.0,292.0,302.9,-0.03,7539.0,2244603.3,2024,-13.88,-20.2,-18.6,0.0
2024-02-29,298.0,298.0,285.0,290.0,-4.26,24796.0,7152411.0,2024,-13.88,-20.2,-18.6,0.0
2024-03-03,292.0,292.0,281.3,282.0,-2.76,5222.0,1488461.0,2024,-13.88,-20.2,-18.6,0.0
2024-03-04,287.6,309.0,287.6,309.0,9.57,380.0,113991.0,2024,-13.88,-20.2,-18.6,0.0
2024-03-05,315.1,315.1,291.2,291.2,-5.76,34969.0,10338488.7,2024,-13.88,-20.2,-18.6,0.0
2024-03-06,296.6,299.8,288.4,299.8,2.95,12493.0,3674066.0,2024,-13.88,-20.2,-18.6,0.0
2024-03-07,295.1,304.9,295.1,300.0,0.07,10238.0,3080555.5,2024,-13.88,-20.2,-18.6,0.0
2024-03-10,306.0,320.0,302.1,306.9,2.3,14788.0,4533113.7,2024,-13.88,-20.2,-18.6,0.0
2024-03-12,312.9,312.9,301.0,308.0,0.36,7838.0,2400020.5,2024,-13.88,-20.2,-18.6,0.0
2024-03-13,304.0,308.6,302.3,302.3,-1.85,15695.0,4776979.9,2024,-13.88,-20.2,-18.6,0.0
2024-03-14,302.0,307.9,298.0,298.0,-1.42,5444.0,1643868.7,2024,-13.88,-20.2,-18.6,0.0
2024-03-17,300.0,303.0,292.0,292.0,-2.01,8801.0,2594220.8,2024,-13.88,-20.2,-18.6,0.0
2024-03-18,292.0,298.0,290.0,294.2,0.75,9759.0,2874618.9,2024,-13.88,-20.2,-18.6,0.0
2024-03-19,298.0,300.0,292.5,292.5,-0.58,21499.0,6384414.6,2024,-13.88,-20.2,-18.6,0.0
2024-03-20,293.1,298.8,287.3,292.8,0.1,7273.0,2131988.3,2024,-13.88,-20.2,-18.6,0.0
2024-03-21,295.0,295.0,287.0,288.1,-1.61,6539.0,1885392.7,2024,-13.88,-20.2,-18.6,0.0
2024-03-25,283.2,291.0,283.2,285.5,-0.9,5218.0,1499028.4,2024,-13.88,-20.2,-18.6,0.0
2024-03-26,285.0,306.0,285.0,295.0,3.33,13467.0,3924355.0,2024,-13.88,-20.2,-18.6,0.0
2024-03-27,292.3,294.0,289.1,293.0,-0.68,3416.0,991611.9,2024,-13.88,-20.2,-18.6,0.0
2024-03-28,296.8,296.8,288.1,290.0,-1.02,4501.0,1315238.6,2024,-13.88,-20.2,-18.6,0.0
2024-03-31,290.0,302.9,290.0,297.6,2.62,33918.0,10162163.2,2024,-13.88,-20.2,-18.6,0.0
2024-04-01,291.8,303.5,291.8,299.0,0.47,19323.0,5806740.6,2024,-13.88,-20.2,-18.6,0.0
2024-04-02,302.9,302.9,296.0,299.5,0.17,9943.0,2971599.6,2024,-13.88,-20.2,-18.6,0.0
2024-04-03,303.0,303.0,297.0,300.0,0.17,23920.0,7174593.6,2024,-13.88,-20.2,-18.6,0.0
2024-04-04,295.1,302.6,295.1,301.0,0.33,9656.0,2878496.1,2024,-13.88,-20.2,-18.6,0.0
2024-04-07,301.0,301.0,296.3,300.0,-0.33,7512.0,2242160.0,2024,-13.88,-20.2,-18.6,0.0
2024-04-09,297.2,304.5,297.2,303.8,1.27,12838.0,3865839.9,2024,-13.88,-20.2,-18.6,0.0
2024-04-10,309.0,309.0,299.1,303.8,0.0,16954.0,5117815.4,2024,-13.88,-20.2,-18.6,0.0
2024-04-14,303.8,316.0,300.0,312.9,3.0,50250.0,15537141.5,2024,-13.88,-20.2,-18.6,0.0
2024-04-15,315.0,323.0,314.1,318.0,1.63,61756.0,19652442.3,2024,-13.88,-20.2,-18.6,0.0
2024-04-16,318.0,318.0,308.0,313.0,-1.57,11538.0,3603900.8,2024,-13.88,-20.2,-18.6,0.0
2024-04-18,308.5,312.0,305.0,312.0,-0.32,7998.0,2460029.1,2024,-13.88,-20.2,-18.6,0.0
2024-04-21,306.1,317.0,304.5,316.0,1.28,14754.0,4553164.5,2024,-13.88,-20.2,-18.6,0.0
2024-04-22,310.0,321.0,309.0,320.0,1.27,83767.0,26395918.7,2024,-13.88,-20.2,-18.6,0.0
2024-04-24,326.0,327.0,320.0,326.1,1.91,78606.0,25418164.7,2024,-13.88,-20.2,-18.6,0.0
2024-04-25,332.6,333.9,321.0,332.0,1.81,44063.0,14517688.8,2024,-13.88,-20.2,-18.6,0.0
2024-04-28,335.0,335.0,320.0,320.0,-3.61,36039.0,11729407.9,2024,-13.88,-20.2,-18.6,0.0
2024-04-29,325.0,325.0,311.1,316.0,-1.25,14320.0,4521890.7,2024,-13.88,-20.2,-18.6,0.0
2024-04-30,313.0,339.0,312.2,321.0,1.58,49322.0,15873958.2,2024,-13.88,-20.2,-18.6,0.0
2024-05-02,327.4,338.0,321.1,325.0,1.25,54116.0,17685115.7,2024,-13.88,-20.2,-18.6,0.0
2024-05-05,327.0,327.0,311.0,318.0,-2.15,21343.0,6725541.5,2024,-13.88,-20.2,-18.6,0.0
2024-05-06,317.8,317.9,307.8,313.1,-1.54,9507.0,2972015.0,2024,-13.88,-20.2,-18.6,0.0
2024-05-07,313.0,319.0,310.0,314.0,0.29,10852.0,3418227.5,2024,-13.88,-20.2,-18.6,0.0
2024-05-08,307.8,345.4,307.8,317.9,1.24,19686.0,6203339.0,2024,-13.88,-20.2,-18.6,0.0
2024-05-09,311.6,317.8,309.0,315.0,-0.91,12737.0,3973973.9,2024,-13.88,-20.2,-18.6,0.0
2024-05-12,314.0,326.0,308.7,312.0,-0.95,7319.0,2301286.0,2024,-13.88,-20.2,-18.6,0.0
2024-05-13,308.5,315.0,307.0,310.9,-0.35,7307.0,2256262.5,2024,-13.88,-20.2,-18.6,0.0
2024-05-14,311.0,322.0,311.0,322.0,3.57,21102.0,6701065.0,2024,-13.88,-20.2,-18.6,0.0
2024-05-15,323.0,327.7,308.8,314.9,-2.2,18223.0,5778563.5,2024,-13.88,-20.2,-18.6,0.0
2024-05-16,316.2,320.9,309.0,313.7,-0.38,11760.0,3661055.1,2024,-13.88,-20.2,-18.6,0.0
2024-05-19,319.9,319.9,308.2,313.0,-0.22,13284.0,4122126.5,2024,-13.88,-20.2,-18.6,0.0
2024-05-20,317.9,344.3,314.0,336.0,7.35,119761.0,38527778.0,2024,-13.88,-20.2,-18.6,0.0
2024-05-21,336.0,349.5,326.5,340.1,1.22,49081.0,16662206.9,2024,-13.88,-20.2,-18.6,0.0
2024-05-22,334.0,344.0,327.4,344.0,1.15,29753.0,9899621.1,2024,-13.88,-20.2,-18.6,0.0
2024-05-26,342.8,342.8,325.0,330.0,-4.07,10371.0,3416306.9,2024,-13.88,-20.2,-18.6,0.0
2024-05-27,323.6,334.0,317.2,327.0,-0.91,20987.0,6808004.0,2024,-13.88,-20.2,-18.6,0.0
2024-05-29,333.5,346.0,319.2,321.0,-1.83,23381.0,7603927.8,2024,-13.88,-20.2,-18.6,0.0
2024-05-30,322.9,332.0,322.9,329.7,2.71,31571.0,10313270.8,2024,-13.88,-20.2,-18.6,0.0
2024-06-02,331.9,336.0,323.0,332.8,0.94,37621.0,12441281.5,2024,-13.88,-20.2,-18.6,0.0
2024-06-03,332.0,332.0,319.0,324.9,-2.37,12645.0,4102366.6,2024,-13.88,-20.2,-18.6,0.0
2024-06-04,318.5,331.3,312.2,320.0,-1.51,17117.0,5477258.3,2024,-13.88,-20.2,-18.6,0.0
2024-06-05,325.0,325.0,310.0,313.4,-2.06,18867.0,5923368.8,2024,-13.88,-20.2,-18.6,0.0
2024-06-06,314.0,318.5,310.4,315.0,0.51,18118.0,5709318.6,2024,-13.88,-20.2,-18.6,0.0
2024-06-09,311.0,321.0,311.0,319.0,1.27,9910.0,3145329.7,2024,-13.88,-20.2,-18.6,0.0
2024-06-10,324.0,325.0,319.0,320.4,0.44,24027.0,7739055.8,2024,-13.88,-20.2,-18.6,0.0
2024-06-11,326.8,334.0,326.0,333.0,3.93,38421.0,12695309.2,2024,-13.88,-20.2,-18.6,0.0
2024-06-12,339.5,339.5,320.7,320.7,-3.69,16090.0,5311004.0,2024,-13.88,-20.2,-18.6,0.0
2024-06-13,325.0,333.5,320.0,323.0,0.72,43957.0,14257600.8,2024,-13.88,-20.2,-18.6,0.0
2024-06-16,321.0,333.0,321.0,325.0,0.62,32496.0,10687126.3,2024,-13.88,-20.2,-18.6,0.0
2024-06-18,319.0,338.0,319.0,327.9,0.89,20818.0,6808102.2,2024,-13.88,-20.2,-18.6,0.0
2024-06-19,325.0,326.0,319.6,321.0,-2.1,23873.0,7697851.9,2024,-13.88,-20.2,-18.6,0.0
2024-06-20,321.0,321.0,312.0,318.9,-0.65,14422.0,4557303.3,2024,-13.88,-20.2,-18.6,0.0
2024-06-23,320.1,320.1,312.0,316.0,-0.91,15068.0,4751438.8,2024,-13.88,-20.2,-18.6,0.0
2024-06-24,317.0,337.3,314.1,324.9,2.82,31793.0,10285700.9,2024,-13.88,-20.2,-18.6,0.0
2024-06-25,331.3,331.3,318.6,318.9,-1.85,23027.0,7397362.8,2024,-13.88,-20.2,-18.6,0.0
2024-06-26,318.0,321.9,313.0,316.7,-0.69,11710.0,3700804.7,2024,-13.88,-20.2,-18.6,0.0
2024-06-27,311.0,318.0,308.2,310.0,-2.12,26659.0,8308431.1,2024,-13.88,-20.2,-18.6,0.0
2024-06-30,303.8,314.1,302.0,307.0,-0.97,18672.0,5722680.4,2024,-13.88,-20.2,-18.6,0.0
2024-07-01,300.9,311.0,300.9,306.1,-0.29,6811.0,2085067.6,2024,-13.88,-20.2,-18.6,0.0
2024-07-02,312.2,331.0,308.0,310.0,1.27,25171.0,7851999.8,2024,-13.88,-20.2,-18.6,0.0
2024-07-03,307.0,313.1,306.1,308.8,-0.39,18422.0,5704010.8,2024,-13.88,-20.2,-18.6,0.0
2024-07-04,313.0,313.0,307.0,307.0,-0.58,28503.0,8779241.3,2024,-13.88,-20.2,-18.6,0.0
2024-07-07,307.5,315.9,307.1,312.1,1.66,49375.0,15484451.7,2024,-13.88,-20.2,-18.6,0.0
2024-07-08,305.9,318.0,305.9,311.0,-0.35,12595.0,3900577.0,2024,-13.88,-20.2,-18.6,0.0
2024-07-09,304.8,314.9,304.8,314.9,1.25,9981.0,3109287.8,2024,-13.88,-20.2,-18.6,0.0
2024-07-10,319.0,319.0,312.7,317.0,0.67,10050.0,3152647.2,2024,-13.88,-20.2,-18.6,0.0
2024-07-11,316.1,319.8,310.7,310.7,-1.99,20474.0,6461469.1,2024,-13.88,-20.2,-18.6,0.0
2024-07-14,316.9,328.0,310.7,316.5,1.87,14530.0,4592890.2,2024,-13.88,-20.2,-18.6,0.0
2024-07-15,322.8,322.8,313.0,314.0,-0.79,19115.0,6059891.2,2024,-13.88,-20.2,-18.6,0.0
2024-07-16,307.8,344.7,307.8,337.5,7.48,131569.0,44177687.0,2024,-13.88,-20.2,-18.6,0.0
2024-07-17,339.0,359.0,333.6,344.0,1.93,64247.0,22099673.3,2024,-13.88,-20.2,-18.6,0.0
2024-07-18,350.0,350.0,335.1,340.0,-1.16,68285.0,23349969.9,2024,-13.88,-20.2,-18.6,0.0
2024-07-21,333.2,350.0,333.2,342.9,0.85,67888.0,23226822.5,2024,-13.88,-20.2,-18.6,0.0
2024-07-22,349.0,375.0,338.0,370.0,7.9,138454.0,49369747.2,2024,-13.88,-20.2,-18.6,0.0
2024-07-23,377.4,396.0,377.4,394.0,6.49,130108.0,50448221.0,2024,-13.88,-20.2,-18.6,0.0
2024-07-24,400.0,400.0,375.0,378.9,-3.83,114357.0,44160622.7,2024,-13.88,-20.2,-18.6,0.0
2024-07-25,378.9,382.0,368.0,378.0,-0.24,76715.0,28778518.4,2024,-13.88,-20.2,-18.6,0.0
2024-07-28,385.0,385.5,365.0,374.0,-1.06,65191.0,24357314.5,2024,-13.88,-20.2,-18.6,0.0
2024-07-29,381.4,388.6,365.0,379.0,1.34,71080.0,26977437.2,2024,-13.88,-20.2,-18.6,0.0
2024-07-30,379.0,395.0,370.7,394.0,3.96,65244.0,25030782.0,2024,-13.88,-20.2,-18.6,0.0
2024-07-31,398.0,407.0,394.0,400.0,1.52,94918.0,37957663.4,2024,-13.88,-20.2,-18.6,0.0
2024-08-01,394.1,403.0,380.0,388.0,-3.0,39021.0,15165002.1,2024,-13.88,-20.2,-18.6,0.0
2024-08-05,380.3,395.0,380.3,389.0,0.26,61629.0,23928053.8,2024,-13.88,-20.2,-18.6,0.0
2024-08-06,382.0,395.7,364.0,366.1,-5.89,64885.0,24803725.3,2024,-13.88,-20.2,-18.6,0.0
2024-08-07,367.5,384.0,361.0,383.0,4.62,37633.0,14065015.1,2024,-13.88,-20.2,-18.6,0.0
2024-08-08,389.0,395.0,376.0,380.0,-0.78,49436.0,19032490.7,2024,-13.88,-20.2,-18.6,0.0
2024-08-11,380.0,400.0,380.0,399.0,5.0,73970.0,29015903.9,2024,-13.88,-20.2,-18.6,0.0
2024-08-12,392.0,438.0,392.0,411.0,3.01,82390.0,34411537.0,2024,-13.88,-20.2,-18.6,0.0
2024-08-13,407.0,420.0,402.9,407.0,-0.97,46836.0,19177622.6,2024,-13.88,-20.2,-18.6,0.0
2024-08-14,399.0,409.9,396.9,409.8,0.69,48446.0,19524057.8,2024,-13.88,-20.2,-18.6,0.0
2024-08-15,401.7,440.0,401.7,421.4,2.83,141149.0,60079034.2,2024,-13.88,-20.2,-18.6,0.0
2024-08-18,429.8,447.0,415.0,420.0,-0.33,134461.0,57896439.4,2024,-13.88,-20.2,-18.6,0.0
2024-08-21,428.4,434.9,420.0,422.5,0.6,46577.0,19858286.0,2024,-13.88,-20.2,-18.6,0.0
2024-08-22,428.0,428.0,418.0,419.0,-0.83,38482.0,16231164.8,2024,-13.88,-20.2,-18.6,0.0
2024-08-25,419.0,419.0,396.0,397.0,-5.25,59760.0,24187866.2,2024,-13.88,-20.2,-18.6,0.0
2024-08-27,389.1,398.0,368.0,369.0,-7.05,60807.0,23150881.1,2024,-13.88,-20.2,-18.6,0.0
2024-08-28,376.3,389.9,368.0,372.0,0.81,31345.0,11829914.0,2024,-13.88,-20.2,-18.6,0.0
2024-08-29,379.4,385.0,360.0,360.0,-3.23,29061.0,10800139.4,2024,-13.88,-20.2,-18.6,0.0
2024-09-01,355.0,384.9,355.0,374.0,3.89,37795.0,14100636.9,2024,-13.88,-20.2,-18.6,0.0
2024-09-02,374.5,403.8,371.0,393.0,5.08,35923.0,13897700.4,2024,-13.88,-20.2,-18.6,0.0
2024-09-03,400.8,408.0,385.0,390.0,-0.76,53266.0,20834259.3,2024,-13.88,-20.2,-18.6,0.0
2024-09-04,390.0,390.0,365.0,367.0,-5.9,33952.0,12694330.3,2024,-13.88,-20.2,-18.6,0.0
2024-09-05,362.1,374.0,358.7,368.8,0.49,19206.0,7005819.1,2024,-13.88,-20.2,-18.6,0.0
2024-09-08,362.1,382.0,362.0,368.0,-0.22,17324.0,6419079.2,2024,-13.88,-20.2,-18.6,0.0
2024-09-09,374.0,374.0,357.1,361.0,-1.9,12380.0,4493428.1,2024,-13.88,-20.2,-18.6,0.0
2024-09-10,368.0,380.0,355.0,356.0,-1.39,7354.0,2655461.1,2024,-13.88,-20.2,-18.6,0.0
2024-09-11,356.1,363.0,348.0,352.9,-0.87,9161.0,3212879.2,2024,-13.88,-20.2,-18.6,0.0
2024-09-12,353.0,371.1,347.9,369.0,4.56,22557.0,8011006.9,2024,-13.88,-20.2,-18.6,0.0
2024-09-15,375.9,376.0,355.0,359.9,-2.47,16120.0,5857318.3,2024,-13.88,-20.2,-18.6,0.0
2024-09-16,359.9,359.9,338.6,340.0,-5.53,22360.0,7739645.2,2024,-13.88,-20.2,-18.6,0.0
2024-09-18,346.8,347.0,338.1,338.5,-0.44,15075.0,5140165.6,2024,-13.88,-20.2,-18.6,0.0
2024-09-22,340.1,346.9,340.1,342.0,1.03,14133.0,4869132.5,2024,-13.88,-20.2,-18.6,0.0
2024-09-23,347.0,347.0,333.0,335.0,-2.05,9663.0,3259871.1,2024,-13.88,-20.2,-18.6,0.0
2024-09-24,341.7,348.0,318.5,323.0,-3.58,15005.0,4856230.9,2024,-13.88,-20.2,-18.6,0.0
2024-09-25,323.1,343.0,313.3,330.0,2.17,7630.0,2477737.3,2024,-13.88,-20.2,-18.6,0.0
2024-09-26,331.0,335.0,323.4,323.5,-1.97,8799.0,2884994.4,2024,-13.88,-20.2,-18.6,0.0
2024-09-29,317.1,325.3,317.1,325.0,0.46,12035.0,3902565.3,2024,-13.88,-20.2,-18.6,0.0
2024-09-30,324.9,330.0,320.0,322.0,-0.92,5074.0,1641192.1,2024,-13.88,-20.2,-18.6,0.0
2024-10-01,325.0,346.2,325.0,341.0,5.9,18603.0,6250203.0,2024,-13.88,-20.2,-18.6,0.0
2024-10-02,345.0,347.2,335.0,338.9,-0.62,10853.0,3687796.6,2024,-13.88,-20.2,-18.6,0.0
2024-10-06,343.5,350.0,338.0,344.5,1.65,8977.0,3081927.0,2024,-13.88,-20.2,-18.6,0.0
2024-10-07,351.3,357.8,345.7,348.1,1.04,7622.0,2672609.5,2024,-13.88,-20.2,-18.6,0.0
2024-10-08,347.0,347.0,340.0,345.0,-0.89,5124.0,1765336.4,2024,-13.88,-20.2,-18.6,0.0
2024-10-09,341.0,350.0,338.1,345.0,0.0,3486.0,1196940.8,2024,-13.88,-20.2,-18.6,0.0
2024-10-15,340.0,366.0,340.0,352.9,2.29,4261.0,1494912.5,2024,-13.88,-20.2,-18.6,0.0
2024-10-16,359.0,365.0,350.1,365.0,3.43,9576.0,3443372.7,2024,-13.88,-20.2,-18.6,0.0
2024-10-17,371.0,371.9,360.1,367.0,0.55,17337.0,6343549.5,2024,-13.88,-20.2,-18.6,0.0
2024-10-20,360.0,364.9,344.2,355.0,-3.27,13385.0,4747353.5,2024,-13.88,-20.2,-18.6,0.0
2024-10-21,362.1,362.1,338.0,338.0,-4.79,15427.0,5284623.3,2024,-13.88,-20.2,-18.6,0.0
2024-10-22,340.0,352.6,339.0,352.6,4.32,5818.0,2007317.4,2024,-13.88,-20.2,-18.6,0.0
2024-10-23,352.0,353.1,346.0,353.0,0.11,8617.0,3022819.5,2024,-13.88,-20.2,-18.6,0.0
2024-10-24,348.0,348.0,340.0,343.0,-2.83,12983.0,4459748.0,2024,-13.88,-20.2,-18.6,0.0
2024-10-27,338.5,344.7,337.3,338.0,-1.46,10297.0,3500903.1,2024,-13.88,-20.2,-18.6,0.0
2024-10-28,344.6,353.9,335.0,350.0,3.55,7552.0,2633571.2,2024,-13.88,-20.2,-18.6,0.0
2024-10-29,352.0,359.0,350.0,357.0,2.0,9766.0,3468931.3,2024,-13.88,-20.2,-18.6,0.0
2024-10-30,352.0,357.0,350.0,352.0,-1.4,8357.0,2949545.5,2024,-13.88,-20.2,-18.6,0.0
2024-11-05,350.0,357.0,349.0,352.0,0.0,6482.0,2268187.4,2024,-13.88,-20.2,-18.6,0.0
2024-11-06,351.0,358.9,350.0,357.4,1.53,6996.0,2488044.3,2024,-13.88,-20.2,-18.6,0.0
2024-11-10,355.0,385.4,355.0,380.0,6.32,28636.0,10755464.6,2024,-13.88,-20.2,-18.6,0.0
2024-11-11,380.0,393.7,365.2,380.0,0.0,26385.0,10058701.3,2024,-13.88,-20.2,-18.6,0.0
2024-11-12,381.0,384.0,370.1,374.0,-1.58,13719.0,5175889.4,2024,-13.88,-20.2,-18.6,0.0
2024-11-13,369.7,381.0,369.7,379.9,1.58,20865.0,7896767.4,2024,-13.88,-20.2,-18.6,0.0
2024-11-14,375.1,410.0,375.0,395.0,3.97,62247.0,24697537.0,2024,-13.88,-20.2,-18.6,0.0
2024-11-17,402.8,417.0,399.1,401.1,1.54,30146.0,12264976.9,2024,-13.88,-20.2,-18.6,0.0
2024-11-19,396.0,400.0,379.0,389.0,-3.02,25996.0,10056794.7,2024,-13.88,-20.2,-18.6,0.0
2024-11-20,394.9,394.9,382.6,387.0,-0.51,17273.0,6679488.5,2024,-13.88,-20.2,-18.6,0.0
2024-11-21,390.0,390.0,373.5,373.5,-3.49,19692.0,7460206.2,2024,-13.88,-20.2,-18.6,0.0
2024-11-24,379.0,379.0,369.0,369.2,-1.15,17777.0,6644758.1,2024,-13.88,-20.2,-18.6,0.0
2024-11-25,376.5,384.0,375.1,379.0,2.65,17645.0,6698345.0,2024,-13.88,-20.2,-18.6,0.0
2024-11-26,386.5,393.0,380.2,391.0,3.17,31268.0,12108891.8,2024,-13.88,-20.2,-18.6,0.0
2024-11-27,398.0,404.0,393.0,399.7,2.23,28714.0,11428324.6,2024,-13.88,-20.2,-18.6,0.0
2024-11-28,400.0,401.0,391.0,391.0,-2.18,22406.0,8846976.4,2024,-13.88,-20.2,-18.6,0.0
2024-12-01,385.0,391.0,381.0,387.0,-1.02,19930.0,7699319.0,2024,-13.88,-20.2,-18.6,0.0
2024-12-02,393.5,409.0,388.0,397.0,2.58,49586.0,19868555.7,2024,-13.88,-20.2,-18.6,0.0
2024-12-03,404.9,431.9,404.9,426.0,7.3,142840.0,60476199.0,2024,-13.88,-20.2,-18.6,0.0
2024-12-04,434.5,439.0,420.0,422.0,-0.94,68039.0,29232635.9,2024,-13.88,-20.2,-18.6,0.0
2024-12-05,414.0,426.0,411.0,411.0,-2.61,49810.0,20763941.9,2024,-13.88,-20.2,-18.6,0.0
2024-12-08,404.0,425.0,404.0,411.0,0.0,54035.0,22412642.7,2024,-13.88,-20.2,-18.6,0.0
2024-12-09,408.0,424.0,407.0,413.6,0.63,39854.0,16509562.4,2024,-13.88,-20.2,-18.6,0.0
2024-12-10,420.0,427.7,410.0,413.0,-0.15,31381.0,13016166.6,2024,-13.88,-20.2,-18.6,0.0
2024-12-11,413.5,420.9,411.2,419.0,1.45,28812.0,12049119.2,2024,-13.88,-20.2,-18.6,0.0
2024-12-12,422.1,435.0,422.1,427.0,1.91,82473.0,35398908.3,2024,-13.88,-20.2,-18.6,0.0
2024-12-16,430.0,438.8,425.1,433.0,1.41,96641.0,41886818.0,2024,-13.88,-20.2,-18.6,0.0
2024-12-17,440.0,440.0,425.0,425.1,-1.82,28456.0,12219463.5,2024,-13.88,-20.2,-18.6,0.0
2024-12-18,425.0,429.0,406.1,408.1,-4.0,33373.0,13801695.1,2024,-13.88,-20.2,-18.6,0.0
2024-12-19,416.0,416.0,398.2,398.5,-2.35,29605.0,11942619.0,2024,-13.88,-20.2,-18.6,0.0
2024-12-22,399.0,400.0,388.0,393.8,-1.18,36055.0,14181750.3,2024,-13.88,-20.2,-18.6,0.0
2024-12-23,401.6,424.0,394.6,420.0,6.65,35627.0,14572702.0,2024,-13.88,-20.2,-18.6,0.0
2024-12-24,422.0,425.7,407.7,411.0,-2.14,28185.0,11749857.8,2024,-13.88,-20.2,-18.6,0.0
2024-12-26,411.0,415.0,400.0,400.0,-2.68,28610.0,11610500.1,2024,-13.88,-20.2,-18.6,0.0
2024-12-29,400.0,404.0,390.0,390.5,-2.38,16210.0,6413771.2,2024,-13.88,-20.2,-18.6,0.0
2024-12-31,391.9,393.0,379.1,382.0,-2.18,22104.0,8449783.5,2024,-13.88,-20.2,-18.6,0.0
2025-01-01,389.0,402.0,376.0,399.0,4.45,12259.0,4791427.8,2025,-6.42,-43.7,-12.48,0.0
2025-01-02,395.0,400.0,390.0,395.0,-1.0,13168.0,5203601.0,2025,-6.42,-43.7,-12.48,0.0
2025-01-05,402.8,404.9,395.0,404.0,2.28,14677.0,5865387.3,2025,-6.42,-43.7,-12.48,0.0
2025-01-06,410.9,416.6,403.2,415.0,2.72,33356.0,13709837.9,2025,-6.42,-43.7,-12.48,0.0
2025-01-07,416.0,431.0,415.0,420.0,1.2,53165.0,22503816.5,2025,-6.42,-43.7,-12.48,0.0
2025-01-08,421.0,428.0,413.3,423.8,0.9,32778.0,13862826.8,2025,-6.42,-43.7,-12.48,0.0
2025-01-09,423.0,431.7,421.2,421.7,-0.5,34694.0,14747510.1,2025,-6.42,-43.7,-12.48,0.0
2025-01-12,415.1,430.0,415.1,420.0,-0.4,21011.0,8902424.8,2025,-6.42,-43.7,-12.48,0.0
2025-01-13,420.0,428.0,407.7,415.9,-0.98,36898.0,15260298.2,2025,-6.42,-43.7,-12.48,0.0
2025-01-15,415.0,424.1,414.3,416.9,0.24,27449.0,11449715.3,2025,-6.42,-43.7,-12.48,0.0
2025-01-16,411.0,430.0,411.0,428.9,2.88,65054.0,27705262.9,2025,-6.42,-43.7,-12.48,0.0
2025-01-19,435.1,470.0,434.2,459.0,7.02,203555.0,92698975.3,2025,-6.42,-43.7,-12.48,0.0
2025-01-20,458.0,475.0,453.0,455.0,-0.87,98820.0,45659191.6,2025,-6.42,-43.7,-12.48,0.0
2025-01-21,464.1,464.1,441.1,450.0,-1.1,88773.0,40060096.1,2025,-6.42,-43.7,-12.48,0.0
2025-01-22,450.0,460.0,446.1,458.0,1.78,63619.0,28867940.8,2025,-6.42,-43.7,-12.48,0.0
2025-01-23,448.9,466.0,448.9,459.0,0.22,56938.0,25989321.9,2025,-6.42,-43.7,-12.48,0.0
2025-01-26,468.0,477.0,455.0,464.0,1.09,84596.0,39494051.4,2025,-6.42,-43.7,-12.48,0.0
2025-01-27,469.0,478.0,457.0,457.0,-1.51,83590.0,39119577.2,2025,-6.42,-43.7,-12.48,0.0
2025-01-28,447.9,469.0,447.9,464.0,1.53,60904.0,28194606.5,2025,-6.42,-43.7,-12.48,0.0
2025-02-02,465.0,473.0,461.6,463.8,-0.04,89946.0,41965680.3,2025,-6.42,-43.7,-12.48,0.0
2025-02-03,465.0,485.0,460.0,471.0,1.55,94163.0,44357332.4,2025,-6.42,-43.7,-12.48,0.0
2025-02-04,475.0,493.9,471.0,481.0,2.12,106775.0,51920379.7,2025,-6.42,-43.7,-12.48,0.0
2025-02-05,488.0,529.1,480.3,529.1,10.0,279011.0,144336134.5,2025,-6.42,-43.7,-12.48,0.0
2025-02-06,539.6,566.0,539.0,539.6,1.98,200287.0,109977856.9,2025,-6.42,-43.7,-12.48,0.0
2025-02-09,545.0,545.0,511.0,515.0,-4.56,190154.0,99844679.1,2025,-6.42,-43.7,-12.48,0.0
2025-02-10,511.1,534.0,507.0,516.9,0.37,108701.0,56641237.7,2025,-6.42,-43.7,-12.48,0.0
2025-02-11,515.0,530.0,515.0,520.0,0.6,64723.0,33925093.8,2025,-6.42,-43.7,-12.48,0.0
2025-02-12,529.0,529.0,516.0,518.7,-0.25,73622.0,38406846.1,2025,-6.42,-43.7,-12.48,0.0
2025-02-13,520.0,552.9,512.0,540.0,4.11,137295.0,73206561.5,2025,-6.42,-43.7,-12.48,0.0
2025-02-16,547.9,547.9,529.2,539.0,-0.19,187206.0,100490609.8,2025,-6.42,-43.7,-12.48,0.0
2025-02-17,549.7,549.7,517.1,528.8,-1.89,71067.0,37633975.9,2025,-6.42,-43.7,-12.48,0.0
2025-02-18,529.0,530.0,510.0,523.0,-1.1,77545.0,40155295.5,2025,-6.42,-43.7,-12.48,0.0
2025-02-20,517.0,529.0,510.0,524.0,0.19,96230.0,49704455.7,2025,-6.42,-43.7,-12.48,0.0
2025-02-23,513.7,576.4,506.0,566.0,8.02,240956.0,130545230.9,2025,-6.42,-43.7,-12.48,0.0
2025-02-24,577.3,599.7,575.0,575.0,1.59,274368.0,159964643.2,2025,-6.42,-43.7,-12.48,0.0
2025-02-25,585.0,585.0,550.1,551.0,-4.17,96163.0,53748385.0,2025,-6.42,-43.7,-12.48,0.0
2025-02-27,540.0,556.0,532.0,532.0,-3.45,94736.0,51326786.1,2025,-6.42,-43.7,-12.48,0.0
2025-03-02,527.0,571.0,527.0,556.2,4.55,162785.0,88985310.8,2025,-6.42,-43.7,-12.48,0.0
2025-03-03,545.1,576.0,535.0,536.0,-3.63,89418.0,49255067.3,2025,-6.42,-43.7,-12.48,0.0
2025-03-04,537.0,545.0,526.0,526.0,-1.87,59198.0,31723035.5,2025,-6.42,-43.7,-12.48,0.0
2025-03-05,516.0,546.0,516.0,533.9,1.5,82506.0,44022723.8,2025,-6.42,-43.7,-12.48,0.0
2025-03-06,544.5,544.5,526.0,531.0,-0.54,36258.0,19277751.2,2025,-6.42,-43.7,-12.48,0.0
2025-03-09,520.4,540.0,520.4,531.0,0.0,35953.0,18916018.8,2025,-6.42,-43.7,-12.48,0.0
2025-03-10,540.0,540.0,513.1,520.5,-1.98,25317.0,13168240.6,2025,-6.42,-43.7,-12.48,0.0
2025-03-11,530.9,530.9,500.2,504.0,-3.17,33395.0,16981608.2,2025,-6.42,-43.7,-12.48,0.0
2025-03-12,514.0,530.0,498.0,519.5,3.08,43131.0,22391297.0,2025,-6.42,-43.7,-12.48,0.0
2025-03-16,510.1,520.3,505.0,520.0,0.1,26239.0,13453313.9,2025,-6.42,-43.7,-12.48,0.0
2025-03-17,519.9,529.0,512.0,524.0,0.77,55562.0,28940592.25,2025,-6.42,-43.7,-12.48,0.0
2025-03-18,521.0,527.5,506.0,523.9,-0.02,22613.0,11639613.1,2025,-6.42,-43.7,-12.48,0.0
2025-03-19,515.0,524.9,510.0,522.0,-0.36,53350.0,27637474.0,2025,-6.42,-43.7,-12.48,0.0
2025-03-20,522.0,539.9,515.4,523.12,0.21,52101.0,27446724.8,2025,-6.42,-43.7,-12.48,0.0
2025-03-23,512.7,530.0,500.0,502.95,-3.86,70238.0,36034514.1,2025,-6.42,-43.7,-12.48,0.0
2025-03-24,508.0,549.0,500.0,523.08,4.0,104548.0,54464253.4,2025,-6.42,-43.7,-12.48,0.0
2025-03-25,517.0,529.5,505.0,510.74,-2.36,42144.0,21704763.0,2025,-6.42,-43.7,-12.48,0.0
2025-03-26,520.0,520.0,505.0,515.28,0.89,22192.0,11427148.7,2025,-6.42,-43.7,-12.48,0.0
2025-03-27,510.9,524.0,510.9,517.55,0.44,31518.0,16362689.7,2025,-6.42,-43.7,-12.48,0.0
2025-03-30,525.6,551.0,503.9,511.88,-1.1,263357.0,138465687.5,2025,-6.42,-43.7,-12.48,0.0
2025-04-01,505.3,514.9,486.0,489.58,-4.36,172525.0,85214270.3,2025,-6.42,-43.7,-12.48,0.0
2025-04-02,496.9,496.9,484.0,485.0,-0.94,60671.0,29681995.4,2025,-6.42,-43.7,-12.48,0.0
2025-04-03,484.0,485.0,460.6,479.81,-1.07,167045.0,78942930.0,2025,-6.42,-43.7,-12.48,0.0
2025-04-07,475.0,479.0,463.0,463.72,-3.35,49915.0,23453281.4,2025,-6.42,-43.7,-12.48,0.0
2025-04-08,456.0,467.4,449.0,457.16,-1.41,63348.0,28924521.4,2025,-6.42,-43.7,-12.48,0.0
2025-04-09,464.7,464.8,452.0,453.67,-0.76,30152.0,13850860.2,2025,-6.42,-43.7,-12.48,0.0
2025-04-10,462.5,465.0,454.0,456.71,0.67,50581.0,23220339.6,2025,-6.42,-43.7,-12.48,0.0
2025-04-13,456.0,460.0,445.7,447.25,-2.07,24470.0,11021054.5,2025,-6.42,-43.7,-12.48,0.0
2025-04-15,456.0,467.0,448.5,461.47,3.18,47154.0,21744014.9,2025,-6.42,-43.7,-12.48,0.0
2025-04-16,459.0,473.9,455.2,470.73,2.01,43563.0,20347700.9,2025,-6.42,-43.7,-12.48,0.0
2025-04-17,477.0,483.9,466.0,467.94,-0.59,66708.0,31606858.0,2025,-6.42,-43.7,-12.48,0.0
2025-04-20,474.8,483.0,466.6,473.15,1.11,60109.0,28606217.4,2025,-6.42,-43.7,-12.48,0.0
2025-04-21,471.0,492.9,471.0,490.16,3.6,64013.0,31149214.6,2025,-6.42,-43.7,-12.48,0.0
2025-04-22,494.0,497.5,476.3,479.33,-2.21,59636.0,28974889.5,2025,-6.42,-43.7,-12.48,0.0
2025-04-23,477.0,488.0,475.1,476.24,-0.64,68727.0,33123750.3,2025,-6.42,-43.7,-12.48,0.0
2025-04-24,483.0,484.0,465.2,473.55,-0.56,29607.0,13999096.5,2025,-6.42,-43.7,-12.48,0.0
2025-04-27,483.0,501.0,477.3,478.78,1.1,167120.0,81266152.1,2025,-6.42,-43.7,-12.48,0.0
2025-04-28,485.0,485.0,455.7,458.93,-4.15,87567.0,40903549.1,2025,-6.42,-43.7,-12.48,0.0
2025-04-29,468.0,468.0,442.0,445.54,-2.92,53049.0,23979233.6,2025,-6.42,-43.7,-12.48,0.0
2025-04-30,445.0,462.0,444.1,451.17,1.26,40470.0,18317905.3,2025,-6.42,-43.7,-12.48,0.0
2025-05-04,460.0,471.0,451.0,457.54,1.41,62928.0,28793489.6,2025,-6.42,-43.7,-12.48,0.0
2025-05-05,460.0,464.0,451.0,457.08,-0.1,43907.0,20051238.0,2025,-6.42,-43.7,-12.48,0.0
2025-05-06,460.0,460.0,449.1,450.37,-1.47,35440.0,16131191.8,2025,-6.42,-43.7,-12.48,0.0
2025-05-07,450.0,479.0,448.4,459.03,1.92,79522.0,36424653.9,2025,-6.42,-43.7,-12.48,0.0
2025-05-08,467.0,504.9,467.0,504.9,9.99,208916.0,102994566.9,2025,-6.42,-43.7,-12.48,0.0
2025-05-11,514.9,524.0,507.5,509.74,0.96,151822.0,77947950.4,2025,-6.42,-43.7,-12.48,0.0
2025-05-13,514.0,524.2,490.0,493.76,-3.13,127218.0,63945854.5,2025,-6.42,-43.7,-12.48,0.0
2025-05-14,493.76,502.0,474.0,475.96,-3.6,70358.0,33827801.0,2025,-6.42,-43.7,-12.48,0.0
2025-05-15,480.0,484.9,475.0,478.22,0.47,171412.0,82172300.5,2025,-6.42,-43.7,-12.48,0.0
2025-05-18,294.8,318.0,294.8,318.0,9.99,41275.0,13111166.8,2025,-6.42,-43.7,-12.48,0.0
2025-05-19,324.3,349.0,301.9,304.01,-4.4,185334.0,58839544.9,2025,-6.42,-43.7,-12.48,0.0
2025-05-20,310.0,317.2,295.1,312.88,2.92,107708.0,32916719.5,2025,-6.42,-43.7,-12.48,0.0
2025-05-21,319.0,336.0,306.1,308.67,-1.35,53049.0,16608783.0,2025,-6.42,-43.7,-12.48,0.0
2025-05-22,310.0,316.0,303.0,304.09,-1.48,35391.0,10866662.7,2025,-6.42,-43.7,-12.48,0.0
2025-05-25,307.7,307.7,294.0,297.29,-2.24,57557.0,17203183.1,2025,-6.42,-43.7,-12.48,0.0
2025-05-26,302.0,309.0,288.0,288.64,-2.91,81670.0,24124811.9,2025,-6.42,-43.7,-12.48,0.0
2025-05-27,289.0,293.9,283.0,285.02,-1.25,32596.0,9360083.6,2025,-6.42,-43.7,-12.48,0.0
2025-05-28,290.7,291.0,280.5,286.75,0.61,40373.0,11576939.5,2025,-6.42,-43.7,-12.48,0.0
2025-06-02,288.5,296.0,283.0,283.67,-1.07,33415.0,9599274.5,2025,-6.42,-43.7,-12.48,0.0
2025-06-03,280.6,290.0,280.6,283.31,-0.13,24292.0,6945172.3,2025,-6.42,-43.7,-12.48,0.0
2025-06-04,288.0,288.0,278.0,278.34,-1.75,21229.0,5941153.5,2025,-6.42,-43.7,-12.48,0.0
2025-06-05,283.0,283.5,276.0,278.17,-0.06,21154.0,5909530.8,2025,-6.42,-43.7,-12.48,0.0
2025-06-08,283.5,305.9,280.0,300.44,8.01,80554.0,23905200.6,2025,-6.42,-43.7,-12.48,0.0
2025-06-09,300.0,308.0,295.0,296.65,-1.26,37267.0,11286703.1,2025,-6.42,-43.7,-12.48,0.0
2025-06-10,301.9,302.0,295.0,298.3,0.56,22574.0,6736114.6,2025,-6.42,-43.7,-12.48,0.0
2025-06-11,299.0,310.0,292.0,301.64,1.12,43543.0,13084571.6,2025,-6.42,-43.7,-12.48,0.0
2025-06-12,302.0,308.0,293.0,295.3,-2.1,60241.0,18072672.0,2025,-6.42,-43.7,-12.48,0.0
2025-06-15,301.0,324.8,301.0,324.8,9.99,195875.0,61529550.5,2025,-6.42,-43.7,-12.48,0.0
2025-06-16,331.2,331.5,313.6,315.53,-2.85,100839.0,32499221.9,2025,-6.42,-43.7,-12.48,0.0
2025-06-17,319.8,319.8,303.8,309.14,-2.03,21541.0,6639396.2,2025,-6.42,-43.7,-12.48,0.0
2025-06-18,314.7,315.0,303.0,307.38,-0.57,40814.0,12559270.8,2025,-6.42,-43.7,-12.48,0.0
2025-06-19,312.5,320.0,304.0,306.86,-0.17,58518.0,18207821.1,2025,-6.42,-43.7,-12.48,0.0
2025-06-22,306.0,309.8,296.0,298.16,-2.84,55035.0,16650682.8,2025,-6.42,-43.7,-12.48,0.0
2025-06-23,293.0,303.9,293.0,302.82,1.56,20993.0,6288991.8,2025,-6.42,-43.7,-12.48,0.0
2025-06-24,308.0,314.0,305.0,307.14,1.43,45654.0,14145758.9,2025,-6.42,-43.7,-12.48,0.0
2025-06-25,313.0,333.0,307.1,326.49,6.3,178130.0,57075358.3,2025,-6.42,-43.7,-12.48,0.0
2025-06-26,330.0,346.4,329.0,337.99,3.52,168178.0,57121927.6,2025,-6.42,-43.7,-12.48,0.0
2025-06-29,337.0,346.0,333.0,343.9,1.75,122306.0,41621117.4,2025,-6.42,-43.7,-12.48,0.0
2025-06-30,341.0,351.7,341.0,347.79,1.13,113922.0,39486291.6,2025,-6.42,-43.7,-12.48,0.0
2025-07-01,351.0,359.5,344.4,355.38,2.18,121597.0,42907247.6,2025,-6.42,-43.7,-12.48,0.0
2025-07-02,355.1,358.0,340.0,347.26,-2.28,92226.0,31964950.8,2025,-6.42,-43.7,-12.48,0.0
2025-07-03,352.0,352.0,340.0,342.54,-1.36,100435.0,34490252.1,2025,-6.42,-43.7,-12.48,0.0
2025-07-06,338.0,341.0,327.4,329.41,-3.83,46966.0,15652480.0,2025,-6.42,-43.7,-12.48,0.0
2025-07-07,335.8,337.4,321.0,323.5,-1.79,60063.0,19760638.9,2025,-6.42,-43.7,-12.48,0.0
2025-07-08,320.0,332.5,320.0,328.76,1.63,28492.0,9287666.0,2025,-6.42,-43.7,-12.48,0.0
2025-07-09,335.3,339.0,329.0,330.15,0.42,43968.0,14637189.0,2025,-6.42,-43.7,-12.48,0.0
2025-07-10,336.7,336.7,326.0,326.92,-0.98,26687.0,8822570.6,2025,-6.42,-43.7,-12.48,0.0
2025-07-13,333.3,339.0,316.2,317.46,-2.89,44779.0,14380020.5,2025,-6.42,-43.7,-12.48,0.0
2025-07-14,323.0,327.0,314.4,318.89,0.45,38171.0,12222482.9,2025,-6.42,-43.7,-12.48,0.0
2025-07-15,325.0,329.0,318.0,322.56,1.15,32812.0,10625143.6,2025,-6.42,-43.7,-12.48,0.0
2025-07-16,328.0,329.0,318.2,319.14,-1.06,56828.0,18270265.4,2025,-6.42,-43.7,-12.48,0.0
2025-07-17,320.0,348.8,319.5,334.4,4.78,56836.0,18738973.8,2025,-6.42,-43.7,-12.48,0.0
2025-07-20,327.8,347.9,327.8,331.66,-0.82,105643.0,35383477.8,2025,-6.42,-43.7,-12.48,0.0
2025-07-21,332.0,340.0,326.0,334.08,0.73,33066.0,11053852.3,2025,-6.42,-43.7,-12.48,0.0
2025-07-22,340.0,340.0,330.0,330.83,-0.97,51559.0,17140558.5,2025,-6.42,-43.7,-12.48,0.0
2025-07-23,337.4,337.4,325.1,329.69,-0.34,66064.0,21794131.9,2025,-6.42,-43.7,-12.48,0.0
2025-07-24,335.8,340.4,327.0,335.44,1.74,108339.0,36183053.0,2025,-6.42,-43.7,-12.48,0.0
2025-07-27,335.0,342.0,329.1,330.14,-1.58,81238.0,27213694.7,2025,-6.42,-43.7,-12.48,0.0
2025-07-28,333.0,333.0,324.0,328.82,-0.4,51536.0,16881204.8,2025,-6.42,-43.7,-12.48,0.0
2025-07-29,335.0,335.3,326.6,327.47,-0.41,39004.0,12879330.3,2025,-6.42,-43.7,-12.48,0.0
2025-07-30,333.8,333.9,316.0,319.11,-2.55,48443.0,15663307.6,2025,-6.42,-43.7,-12.48,0.0
2025-07-31,324.8,324.8,313.0,316.16,-0.92,42102.0,13421827.0,2025,-6.42,-43.7,-12.48,0.0
2025-08-03,320.0,322.3,311.0,311.8,-1.38,25484.0,8033310.3,2025,-6.42,-43.7,-12.48,0.0
2025-08-04,317.0,317.0,308.0,311.29,-0.16,17077.0,5316310.2,2025,-6.42,-43.7,-12.48,0.0
2025-08-05,310.0,314.9,305.0,305.29,-1.93,18223.0,5589369.4,2025,-6.42,-43.7,-12.48,0.0
2025-08-06,301.0,308.8,301.0,302.9,-0.78,13002.0,3952549.2,2025,-6.42,-43.7,-12.48,0.0
2025-08-07,302.0,319.0,302.0,315.28,4.09,22627.0,7073178.5,2025,-6.42,-43.7,-12.48,0.0
2025-08-11,320.0,320.0,309.0,310.06,-1.66,11137.0,3475372.8,2025,-6.42,-43.7,-12.48,0.0
2025-08-12,312.0,312.0,301.0,302.37,-2.48,19983.0,6079236.2,2025,-6.42,-43.7,-12.48,0.0
2025-08-13,308.0,308.0,300.0,300.99,-0.46,15550.0,4700280.6,2025,-6.42,-43.7,-12.48,0.0
2025-08-14,295.0,305.0,295.0,302.65,0.55,12227.0,3690717.3,2025,-6.42,-43.7,-12.48,0.0
2025-08-17,303.1,305.0,296.0,298.31,-1.43,14242.0,4263873.6,2025,-6.42,-43.7,-12.48,0.0
2025-08-18,303.9,307.0,298.0,305.54,2.42,21959.0,6615316.0,2025,-6.42,-43.7,-12.48,0.0
2025-08-19,303.0,310.0,302.0,305.04,-0.16,9400.0,2878189.2,2025,-6.42,-43.7,-12.48,0.0
2025-08-20,300.0,310.5,299.6,301.58,-1.13,19889.0,5996423.9,2025,-6.42,-43.7,-12.48,0.0
2025-08-21,303.0,304.0,297.0,297.2,-1.45,11309.0,3372411.3,2025,-6.42,-43.7,-12.48,0.0
2025-08-24,295.0,300.9,292.0,294.12,-1.04,11608.0,3436126.9,2025,-6.42,-43.7,-12.48,0.0
2025-08-25,294.0,296.0,290.0,295.13,0.34,8372.0,2449480.8,2025,-6.42,-43.7,-12.48,0.0
2025-08-26,289.3,295.0,289.3,290.32,-1.63,11452.0,3333557.0,2025,-6.42,-43.7,-12.48,0.0
2025-08-27,290.0,295.9,289.0,294.15,1.32,19433.0,5701982.0,2025,-6.42,-43.7,-12.48,0.0
2025-08-28,288.3,291.0,285.0,285.36,-2.99,41002.0,11784434.4,2025,-6.42,-43.7,-12.48,0.0
2025-08-31,279.7,280.0,264.0,265.18,-7.07,180266.0,48555150.0,2025,-6.42,-43.7,-12.48,0.0
2025-09-01,265.0,270.3,259.0,261.15,-1.52,42340.0,11066913.7,2025,-6.42,-43.7,-12.48,0.0
2025-09-02,266.3,269.8,259.8,260.27,-0.34,25428.0,6654954.9,2025,-6.42,-43.7,-12.48,0.0
2025-09-03,260.0,260.1,242.0,243.49,-6.45,130407.0,32534390.9,2025,-6.42,-43.7,-12.48,0.0
2025-09-04,243.0,250.6,241.4,246.26,1.14,50491.0,12403423.6,2025,-6.42,-43.7,-12.48,0.0
2025-09-07,243.0,249.9,243.0,244.69,-0.64,45246.0,11152506.7,2025,-6.42,-43.7,-12.48,0.0
2025-09-08,244.7,246.8,242.2,242.94,-0.72,27063.0,6589938.9,2025,-6.42,-43.7,-12.48,0.0
2025-09-18,242.0,242.0,229.0,229.0,-5.74,1169.0,273639.0,2025,-6.42,-43.7,-12.48,0.0
2025-09-21,227.0,243.7,226.0,241.01,5.24,64414.0,15303471.6,2025,-6.42,-43.7,-12.48,0.0
2025-09-23,245.6,265.0,237.1,263.9,9.5,71519.0,18182547.3,2025,-6.42,-43.7,-12.48,0.0
2025-09-24,264.1,267.8,256.1,258.7,-1.97,38620.0,10065649.7,2025,-6.42,-43.7,-12.48,0.0
2025-09-25,255.0,267.2,254.7,267.2,3.29,41999.0,11002353.7,2025,-6.42,-43.7,-12.48,0.0
2025-09-28,267.1,273.0,264.5,273.0,2.17,55459.0,14947279.4,2025,-6.42,-43.7,-12.48,0.0
2025-10-07,267.6,272.8,252.1,255.0,-6.59,60653.0,15758669.7,2025,-6.42,-43.7,-12.48,0.0
2025-10-08,260.0,264.9,242.5,249.9,-2.0,53399.0,13306197.4,2025,-6.42,-43.7,-12.48,0.0
2025-10-09,254.8,264.0,247.6,250.0,0.04,54195.0,13781149.0,2025,-6.42,-43.7,-12.48,0.0
2025-10-12,250.0,250.0,237.1,240.9,-3.64,43488.0,10478859.6,2025,-6.42,-43.7,-12.48,0.0
2025-10-13,243.0,245.0,236.0,241.9,0.42,48263.0,11519740.3,2025,-6.42,-43.7,-12.48,0.0
2025-10-14,246.4,246.4,233.4,237.0,-2.03,18672.0,4413507.2,2025,-6.42,-43.7,-12.48,0.0
2025-10-15,237.0,239.0,230.2,232.0,-2.11,18612.0,4346332.1,2025,-6.42,-43.7,-12.48,0.0
2025-10-16,236.3,236.5,225.0,227.9,-1.77,26363.0,5998570.2,2025,-6.42,-43.7,-12.48,0.0
2025-10-19,230.1,232.0,227.9,230.0,0.92,14651.0,3355229.6,2025,-6.42,-43.7,-12.48,0.0
2025-10-26,231.5,231.5,223.4,231.4,0.61,22596.0,5113812.5,2025,-6.42,-43.7,-12.48,0.0
2025-10-28,232.0,244.6,230.0,244.5,5.66,45972.0,10911196.4,2025,-6.42,-43.7,-12.48,0.0
2025-10-29,249.3,252.0,240.7,241.0,-1.43,40295.0,9895307.3,2025,-6.42,-43.7,-12.48,0.0
2025-10-30,245.8,252.8,239.5,251.9,4.52,48602.0,12065834.5,2025,-6.42,-43.7,-12.48,0.0
2025-11-02,256.9,265.4,250.0,258.2,2.5,68113.0,17584585.0,2025,-6.42,-43.7,-12.48,0.0
2025-11-03,253.1,267.2,253.1,258.9,0.27,64554.0,16670395.1,2025,-6.42,-43.7,-12.48,0.0
2025-11-04,258.9,260.0,248.2,250.0,-3.44,34321.0,8659357.7,2025,-6.42,-43.7,-12.48,0.0
2025-11-05,245.0,254.0,243.0,249.4,-0.24,35724.0,8812391.9,2025,-6.42,-43.7,-12.48,0.0
2025-11-06,250.0,255.3,246.2,247.9,-0.6,31236.0,7808714.7,2025,-6.42,-43.7,-12.48,0.0
2025-11-09,252.8,252.8,244.3,246.0,-0.77,23841.0,5896942.4,2025,-6.42,-43.7,-12.48,0.0
2025-11-10,241.2,249.0,240.0,243.0,-1.22,43597.0,10591693.2,2025,-6.42,-43.7,-12.48,0.0
2025-11-11,247.4,249.9,242.2,248.0,2.06,13097.0,3212873.1,2025,-6.42,-43.7,-12.48,0.0
2025-11-12,251.4,251.4,243.7,245.0,-1.21,15060.0,3708331.7,2025,-6.42,-43.7,-12.48,0.0
2025-11-13,240.1,247.4,240.1,244.0,-0.41,14090.0,3454838.9,2025,-6.42,-43.7,-12.48,0.0
2025-11-16,248.8,249.0,240.2,246.7,1.11,25787.0,6339360.2,2025,-6.42,-43.7,-12.48,0.0
2025-11-17,246.1,256.9,246.1,256.0,3.77,44633.0,11269657.9,2025,-6.42,-43.7,-12.48,0.0
2025-11-18,250.9,261.9,250.9,259.0,1.17,49633.0,12865666.5,2025,-6.42,-43.7,-12.48,0.0
2025-11-19,254.2,262.5,252.6,254.0,-1.93,37722.0,9707230.5,2025,-6.42,-43.7,-12.48,0.0
2025-11-20,250.0,263.8,250.0,260.6,2.6,76715.0,19931618.6,2025,-6.42,-43.7,-12.48,0.0
2025-11-23,255.4,279.0,255.4,277.0,6.29,185273.0,50712994.3,2025,-6.42,-43.7,-12.48,0.0
2025-11-24,282.5,282.5,270.5,273.7,-1.19,94305.0,26005521.5,2025,-6.42,-43.7,-12.48,0.0
2025-11-25,271.5,282.9,270.1,282.9,3.36,132344.0,36880667.9,2025,-6.42,-43.7,-12.48,0.0
2025-11-26,283.0,283.9,276.4,281.8,-0.39,91975.0,25757021.0,2025,-6.42,-43.7,-12.48,0.0
2025-11-27,285.0,285.0,274.7,274.7,-2.52,69892.0,19426739.5,2025,-6.42,-43.7,-12.48,0.0
2025-11-30,279.0,279.0,265.0,265.1,-3.49,82375.0,22333699.2,2025,-6.42,-43.7,-12.48,0.0
2025-12-01,268.1,273.9,263.3,266.0,0.34,45439.0,12177729.2,2025,-6.42,-43.7,-12.48,0.0
2025-12-02,271.3,274.0,268.1,272.0,2.26,49683.0,13496540.9,2025,-6.42,-43.7,-12.48,0.0
2025-12-03,277.4,277.4,265.6,266.9,-1.88,49110.0,13228771.4,2025,-6.42,-43.7,-12.48,0.0
2025-12-07,265.7,268.0,263.0,263.4,-1.31,34816.0,9213933.6,2025,-6.42,-43.7,-12.48,0.0
2025-12-08,268.6,268.6,261.1,261.8,-0.61,24412.0,6433002.6,2025,-6.42,-43.7,-12.48,0.0
2025-12-09,266.0,266.0,260.1,260.1,-0.65,32766.0,8586729.6,2025,-6.42,-43.7,-12.48,0.0
2025-12-10,260.1,265.0,258.2,258.2,-0.73,26902.0,7006216.5,2025,-6.42,-43.7,-12.48,0.0
2025-12-11,258.2,265.0,256.1,263.8,2.17,38863.0,10151335.6,2025,-6.42,-43.7,-12.48,0.0
2025-12-14,265.5,266.0,256.4,256.5,-2.77,31045.0,8058369.8,2025,-6.42,-43.7,-12.48,0.0
2025-12-15,256.0,263.8,256.0,261.6,1.99,38554.0,10022273.7,2025,-6.42,-43.7,-12.48,0.0
2025-12-16,263.0,266.0,258.0,261.1,-0.19,23744.0,6185220.0,2025,-6.42,-43.7,-12.48,0.0
2025-12-17,260.1,264.8,258.0,260.0,-0.42,38450.0,10000035.8,2025,-6.42,-43.7,-12.48,0.0
2025-12-18,259.1,260.9,253.0,253.0,-2.69,44850.0,11483902.1,2025,-6.42,-43.7,-12.48,0.0
2025-12-21,254.0,256.7,249.5,253.9,0.36,31969.0,8076500.1,2025,-6.42,-43.7,-12.48,0.0
2025-12-22,250.0,254.0,249.0,250.0,-1.54,31283.0,7837263.8,2025,-6.42,-43.7,-12.48,0.0
2025-12-23,253.8,253.8,245.0,248.0,-0.8,30957.0,7682622.2,2025,-6.42,-43.7,-12.48,0.0
2025-12-24,250.0,257.9,249.1,254.0,2.42,21130.0,5313199.0,2025,-6.42,-43.7,-12.48,0.0
2025-12-28,258.0,261.0,253.6,260.1,2.4,46653.0,12009125.5,2025,-6.42,-43.7,-12.48,0.0
2025-12-29,260.0,263.0,254.3,254.3,-2.23,25215.0,6497490.0,2025,-6.42,-43.7,-12.48,0.0
2025-12-31,250.4,264.0,250.4,261.0,2.63,55493.0,14474287.5,2025,-6.42,-43.7,-12.48,0.0
