date,open,high,low,close,price_change_pct,volume,turnover,year,eps,pe-ratio,roe,dividend,net-margin,pb-ratio,debt-equity
2022-01-02,304.8,304.8,298.0,300.0,0.37,51165,15330971.4,2022,20.88,12.01,13.57,13.6,16.5,1.32,7.85
2022-01-03,306.0,306.0,300.0,300.2,0.07,81164,24460931.9,2022,20.88,12.01,13.57,13.6,16.5,1.32,7.85
2022-01-04,302.0,326.0,300.0,326.0,8.59,193324,59970602.7,2022,20.88,12.01,13.57,13.6,16.5,1.32,7.85
2022-01-05,326.0,331.0,317.0,320.1,-1.81,145665,47039324.3,2022,20.88,12.01,13.57,13.6,16.5,1.32,7.85
2022-01-06,320.0,332.0,315.0,330.0,3.09,95091,30792775.6,2022,20.88,12.01,13.57,13.6,16.5,1.32,7.85
2022-01-09,334.9,337.0,329.9,332.0,0.61,142518,47520922.4,2022,20.88,12.01,13.57,13.6,16.5,1.32,7.85
2022-01-10,333.4,338.0,325.0,327.0,-1.51,127855,42138686.8,2022,20.88,12.01,13.57,13.6,16.5,1.32,7.85
2022-01-11,327.0,330.0,324.0,326.0,-0.31,98026,32122798.8,2022,20.88,12.01,13.57,13.6,16.5,1.32,7.85
2022-01-12,326.0,331.0,321.0,321.0,-1.53,88713,28950262.6,2022,20.88,12.01,13.57,13.6,16.5,1.32,7.85
2022-01-13,320.0,326.0,320.0,326.0,1.56,65532,21168651.4,2022,20.88,12.01,13.57,13.6,16.5,1.32,7.85
2022-01-16,328.0,338.0,328.0,331.9,1.81,189009,62662712.9,2022,20.88,12.01,13.57,13.6,16.5,1.32,7.85
2022-01-17,335.0,338.0,331.2,335.0,0.93,124003,41510315.3,2022,20.88,12.01,13.57,13.6,16.5,1.32,7.85
2022-01-18,335.0,350.0,334.2,340.0,1.49,163491,55947728.1,2022,20.88,12.01,13.57,13.6,16.5,1.32,7.85
2022-01-19,346.8,352.0,340.0,342.9,0.85,116982,40382520.7,2022,20.88,12.01,13.57,13.6,16.5,1.32,7.85
2022-01-20,344.0,344.0,338.0,341.0,-0.55,72596,24696670.6,2022,20.88,12.01,13.57,13.6,16.5,1.32,7.85
2022-01-23,347.8,372.0,347.8,364.0,6.74,468687,169609793.3,2022,20.88,12.01,13.57,13.6,16.5,1.32,7.85
2022-01-24,371.2,371.2,349.9,355.0,-2.47,320833,114629238.6,2022,20.88,12.01,13.57,13.6,16.5,1.32,7.85
2022-01-25,362.1,365.0,348.0,360.0,1.41,184172,66059013.7,2022,20.88,12.01,13.57,13.6,16.5,1.32,7.85
2022-01-26,364.9,364.9,351.6,354.0,-1.67,121297,43136718.1,2022,20.88,12.01,13.57,13.6,16.5,1.32,7.85
2022-01-27,351.0,356.1,350.2,354.5,0.14,98860,35022626.4,2022,20.88,12.01,13.57,13.6,16.5,1.32,7.85
2022-01-30,361.5,373.3,361.0,365.0,2.96,151363,55088560.5,2022,20.88,12.01,13.57,13.6,16.5,1.32,7.85
2022-01-31,372.3,372.3,360.1,364.0,-0.27,91300,33230967.6,2022,20.88,12.01,13.57,13.6,16.5,1.32,7.85
2022-02-01,364.0,367.0,360.0,366.0,0.55,101715,37042277.3,2022,20.88,12.01,13.57,13.6,16.5,1.32,7.85
2022-02-03,370.0,370.0,361.1,363.0,-0.82,102527,37493150.8,2022,20.88,12.01,13.57,13.6,16.5,1.32,7.85
2022-02-06,359.0,361.0,355.0,359.0,-1.1,107445,38556760.5,2022,20.88,12.01,13.57,13.6,16.5,1.32,7.85
2022-02-07,358.0,364.0,357.0,360.0,0.28,84287,30407036.2,2022,20.88,12.01,13.57,13.6,16.5,1.32,7.85
2022-02-08,365.0,375.0,358.7,361.0,0.28,95513,34623595.0,2022,20.88,12.01,13.57,13.6,16.5,1.32,7.85
2022-02-09,361.0,361.0,356.1,357.4,-1.0,63925,22895991.3,2022,20.88,12.01,13.57,13.6,16.5,1.32,7.85
2022-02-10,355.0,358.0,351.0,351.5,-1.65,40366,14251227.9,2022,20.88,12.01,13.57,13.6,16.5,1.32,7.85
2022-02-13,345.0,346.0,335.0,338.0,-3.84,107422,36614747.1,2022,20.88,12.01,13.57,13.6,16.5,1.32,7.85
2022-02-14,338.0,350.0,335.0,338.0,0.0,63977,21600038.1,2022,20.88,12.01,13.57,13.6,16.5,1.32,7.85
2022-02-15,340.0,342.7,335.0,342.7,1.39,56237,18999895.5,2022,20.88,12.01,13.57,13.6,16.5,1.32,7.85
2022-02-16,345.0,345.0,336.2,337.0,-1.66,32736,11087955.8,2022,20.88,12.01,13.57,13.6,16.5,1.32,7.85
2022-02-17,338.0,340.0,336.0,337.0,0.0,31479,10626558.5,2022,20.88,12.01,13.57,13.6,16.5,1.32,7.85
2022-02-20,331.0,334.5,325.0,331.0,-1.78,50996,16887583.1,2022,20.88,12.01,13.57,13.6,16.5,1.32,7.85
2022-02-21,330.0,336.0,330.0,333.0,0.6,33171,11022711.5,2022,20.88,12.01,13.57,13.6,16.5,1.32,7.85
2022-02-22,336.0,341.0,336.0,337.5,1.35,37572,12738733.3,2022,20.88,12.01,13.57,13.6,16.5,1.32,7.85
2022-02-23,338.0,338.0,333.1,334.0,-1.04,32583,10899365.2,2022,20.88,12.01,13.57,13.6,16.5,1.32,7.85
2022-02-24,330.0,332.0,325.0,327.5,-1.95,82995,27227401.5,2022,20.88,12.01,13.57,13.6,16.5,1.32,7.85
2022-02-27,321.0,330.0,321.0,325.5,-0.61,79757,25963482.8,2022,20.88,12.01,13.57,13.6,16.5,1.32,7.85
2022-02-28,332.0,332.0,318.5,319.0,-2.0,80315,25841281.2,2022,20.88,12.01,13.57,13.6,16.5,1.32,7.85
2022-03-02,315.0,319.0,310.0,312.0,-2.19,88088,27641591.8,2022,20.88,12.01,13.57,13.6,16.5,1.32,7.85
2022-03-06,315.0,318.0,310.0,314.0,0.64,68311,21514091.6,2022,20.88,12.01,13.57,13.6,16.5,1.32,7.85
2022-03-07,314.0,322.0,314.0,317.0,0.96,55835,17700802.2,2022,20.88,12.01,13.57,13.6,16.5,1.32,7.85
2022-03-09,320.0,320.0,310.0,313.0,-1.26,55375,17340616.4,2022,20.88,12.01,13.57,13.6,16.5,1.32,7.85
2022-03-10,314.0,319.0,309.1,318.0,1.6,70598,22129657.5,2022,20.88,12.01,13.57,13.6,16.5,1.32,7.85
2022-03-13,320.0,329.0,318.0,328.0,3.14,197486,63923660.6,2022,20.88,12.01,13.57,13.6,16.5,1.32,7.85
2022-03-14,328.0,334.5,324.5,327.0,-0.3,64442,21097431.9,2022,20.88,12.01,13.57,13.6,16.5,1.32,7.85
2022-03-15,326.2,331.9,322.6,325.0,-0.61,122178,39675589.7,2022,20.88,12.01,13.57,13.6,16.5,1.32,7.85
2022-03-16,320.0,326.4,319.9,323.0,-0.62,173201,55739332.6,2022,20.88,12.01,13.57,13.6,16.5,1.32,7.85
2022-03-20,323.0,326.0,315.0,317.0,-1.86,127227,40417502.8,2022,20.88,12.01,13.57,13.6,16.5,1.32,7.85
2022-03-21,322.0,322.0,313.8,321.0,1.26,136093,42950430.0,2022,20.88,12.01,13.57,13.6,16.5,1.32,7.85
2022-03-22,326.0,326.0,320.0,324.0,0.93,66868,21606231.7,2022,20.88,12.01,13.57,13.6,16.5,1.32,7.85
2022-03-23,321.1,325.0,320.1,323.8,-0.06,49200,15835238.9,2022,20.88,12.01,13.57,13.6,16.5,1.32,7.85
2022-03-24,321.0,321.0,317.1,319.0,-1.48,66199,21117286.0,2022,20.88,12.01,13.57,13.6,16.5,1.32,7.85
2022-03-27,320.0,322.0,313.0,314.1,-1.54,93646,29497320.4,2022,20.88,12.01,13.57,13.6,16.5,1.32,7.85
2022-03-28,315.0,317.0,311.1,315.0,0.29,69034,21636301.4,2022,20.88,12.01,13.57,13.6,16.5,1.32,7.85
2022-03-29,313.0,316.8,313.0,314.9,-0.03,231439,72671797.5,2022,20.88,12.01,13.57,13.6,16.5,1.32,7.85
2022-03-30,315.0,316.0,311.5,316.0,0.35,48857,15334763.06,2022,20.88,12.01,13.57,13.6,16.5,1.32,7.85
2022-03-31,318.0,319.5,314.0,315.0,-0.32,30992,9771768.6,2022,20.88,12.01,13.57,13.6,16.5,1.32,7.85
2022-04-03,315.0,315.0,309.1,309.5,-1.75,53555,16640444.5,2022,20.88,12.01,13.57,13.6,16.5,1.32,7.85
2022-04-04,315.6,315.6,308.0,308.1,-0.45,54524,16864196.7,2022,20.88,12.01,13.57,13.6,16.5,1.32,7.85
2022-04-05,314.2,314.2,298.9,302.0,-1.98,104083,31473750.2,2022,20.88,12.01,13.57,13.6,16.5,1.32,7.85
2022-04-06,300.0,304.0,296.5,297.6,-1.46,57277,17114980.3,2022,20.88,12.01,13.57,13.6,16.5,1.32,7.85
2022-04-07,300.0,308.0,299.0,305.0,2.49,129878,39338504.9,2022,20.88,12.01,13.57,13.6,16.5,1.32,7.85
2022-04-11,310.0,315.0,298.0,298.1,-2.26,59353,17994480.9,2022,20.88,12.01,13.57,13.6,16.5,1.32,7.85
2022-04-12,303.0,303.0,295.0,297.0,-0.37,48490,14498678.3,2022,20.88,12.01,13.57,13.6,16.5,1.32,7.85
2022-04-13,300.0,302.0,295.3,299.7,0.91,38449,11490260.5,2022,20.88,12.01,13.57,13.6,16.5,1.32,7.85
2022-04-17,305.6,305.6,298.6,299.0,-0.23,32489,9758406.5,2022,20.88,12.01,13.57,13.6,16.5,1.32,7.85
2022-04-18,298.0,302.0,293.0,294.5,-1.51,104591,30912430.7,2022,20.88,12.01,13.57,13.6,16.5,1.32,7.85
2022-04-19,300.0,300.1,289.1,298.4,1.32,48144,14249378.7,2022,20.88,12.01,13.57,13.6,16.5,1.32,7.85
2022-04-20,304.3,304.3,296.1,296.2,-0.74,48109,14413178.0,2022,20.88,12.01,13.57,13.6,16.5,1.32,7.85
2022-04-21,298.0,302.0,295.0,299.0,0.95,49014,14634147.5,2022,20.88,12.01,13.57,13.6,16.5,1.32,7.85
2022-04-24,304.9,310.1,300.0,309.9,3.65,59408,18054949.1,2022,20.88,12.01,13.57,13.6,16.5,1.32,7.85
2022-04-25,313.0,316.0,303.0,305.2,-1.52,49502,15285467.1,2022,20.88,12.01,13.57,13.6,16.5,1.32,7.85
2022-04-26,302.0,305.0,299.7,301.0,-1.38,39807,11985745.3,2022,20.88,12.01,13.57,13.6,16.5,1.32,7.85
2022-04-27,300.0,301.0,298.0,300.0,-0.33,25579,7657358.3,2022,20.88,12.01,13.57,13.6,16.5,1.32,7.85
2022-04-28,306.0,306.0,300.0,300.1,0.03,30035,9038696.1,2022,20.88,12.01,13.57,13.6,16.5,1.32,7.85
2022-05-02,300.0,305.0,297.0,298.0,-0.7,33869,10098365.79,2022,20.88,12.01,13.57,13.6,16.5,1.32,7.85
2022-05-04,303.9,303.9,294.0,295.7,-0.77,29714,8779517.6,2022,20.88,12.01,13.57,13.6,16.5,1.32,7.85
2022-05-05,293.0,296.0,290.1,292.0,-1.25,53888,15745270.9,2022,20.88,12.01,13.57,13.6,16.5,1.32,7.85
2022-05-08,292.0,297.8,289.0,291.0,-0.34,32298,9387904.9,2022,20.88,12.01,13.57,13.6,16.5,1.32,7.85
2022-05-09,296.8,300.0,295.0,295.0,1.37,40987,12181524.7,2022,20.88,12.01,13.57,13.6,16.5,1.32,7.85
2022-05-10,295.0,300.0,295.0,300.0,1.69,28122,8399333.9,2022,20.88,12.01,13.57,13.6,16.5,1.32,7.85
2022-05-11,303.0,309.4,303.0,309.4,3.13,36557,11185891.0,2022,20.88,12.01,13.57,13.6,16.5,1.32,7.85
2022-05-12,315.0,315.0,306.1,306.1,-1.07,31763,9807529.6,2022,20.88,12.01,13.57,13.6,16.5,1.32,7.85
2022-05-17,300.0,305.0,297.1,297.9,-2.68,28933,8649983.6,2022,20.88,12.01,13.57,13.6,16.5,1.32,7.85
2022-05-18,295.0,298.0,294.0,298.0,0.03,25793,7633462.4,2022,20.88,12.01,13.57,13.6,16.5,1.32,7.85
2022-05-19,300.0,301.0,297.0,297.3,-0.23,16983,5063531.4,2022,20.88,12.01,13.57,13.6,16.5,1.32,7.85
2022-05-20,298.0,298.0,294.0,295.5,-0.61,17663,5224194.2,2022,20.88,12.01,13.57,13.6,16.5,1.32,7.85
2022-05-23,301.4,301.4,290.0,290.2,-1.79,35619,10356594.4,2022,20.88,12.01,13.57,13.6,16.5,1.32,7.85
2022-05-24,296.0,296.0,288.2,291.8,0.55,32119,9354789.7,2022,20.88,12.01,13.57,13.6,16.5,1.32,7.85
2022-05-25,297.6,297.6,292.0,292.0,0.07,21657,6362471.2,2022,20.88,12.01,13.57,13.6,16.5,1.32,7.85
2022-05-26,297.8,297.8,291.0,294.0,0.68,24167,7070782.7,2022,20.88,12.01,13.57,13.6,16.5,1.32,7.85
2022-05-27,299.8,299.8,295.0,295.0,0.34,20133,5948593.2,2022,20.88,12.01,13.57,13.6,16.5,1.32,7.85
2022-05-30,298.0,298.0,288.1,289.0,-2.03,22857,6619306.8,2022,20.88,12.01,13.57,13.6,16.5,1.32,7.85
2022-05-31,289.0,291.0,283.0,288.0,-0.35,55529,15902156.7,2022,20.88,12.01,13.57,13.6,16.5,1.32,7.85
2022-06-01,288.0,291.0,286.0,288.0,0.0,20698,5973716.6,2022,20.88,12.01,13.57,13.6,16.5,1.32,7.85
2022-06-02,290.0,290.0,285.1,286.0,-0.69,22711,6517396.0,2022,20.88,12.01,13.57,13.6,16.5,1.32,7.85
2022-06-03,281.0,284.0,276.0,277.0,-3.15,72933,20312149.0,2022,20.88,12.01,13.57,13.6,16.5,1.32,7.85
2022-06-06,278.0,278.0,264.3,267.0,-3.61,87401,23538373.1,2022,20.88,12.01,13.57,13.6,16.5,1.32,7.85
2022-06-07,267.0,267.0,259.0,259.2,-2.92,48288,12604519.5,2022,20.88,12.01,13.57,13.6,16.5,1.32,7.85
2022-06-08,260.0,272.0,259.1,269.0,3.78,36354,9630708.6,2022,20.88,12.01,13.57,13.6,16.5,1.32,7.85
2022-06-09,272.0,278.0,265.0,266.0,-1.12,47917,12993034.5,2022,20.88,12.01,13.57,13.6,16.5,1.32,7.85
2022-06-10,271.3,271.3,262.0,265.0,-0.38,20911,5553387.8,2022,20.88,12.01,13.57,13.6,16.5,1.32,7.85
2022-06-13,262.2,268.0,262.0,265.0,0.0,49030,13004905.6,2022,20.88,12.01,13.57,13.6,16.5,1.32,7.85
2022-06-14,264.0,265.0,258.0,258.6,-2.42,58879,15313669.2,2022,20.88,12.01,13.57,13.6,16.5,1.32,7.85
2022-06-15,255.5,255.5,250.3,251.4,-2.78,100402,25261364.3,2022,20.88,12.01,13.57,13.6,16.5,1.32,7.85
2022-12-07,240.0,240.0,220.0,221.4,-9.29,143676,32112235.0,2022,20.88,12.01,13.57,13.6,16.5,1.32,7.85
2022-12-11,221.0,221.0,213.7,214.2,-3.25,89079,19187789.2,2022,20.88,12.01,13.57,13.6,16.5,1.32,7.85
2022-12-12,214.2,214.2,206.0,214.0,-0.09,97560,20467470.0,2022,20.88,12.01,13.57,13.6,16.5,1.32,7.85
2022-12-13,214.0,214.5,209.0,212.0,-0.93,26556,5604449.0,2022,20.88,12.01,13.57,13.6,16.5,1.32,7.85
2022-12-14,212.9,213.0,207.5,208.0,-1.89,37002,7714482.6,2022,20.88,12.01,13.57,13.6,16.5,1.32,7.85
2022-12-15,208.0,208.9,205.0,205.5,-1.2,42309,8734766.5,2022,20.88,12.01,13.57,13.6,16.5,1.32,7.85
2022-12-18,205.5,205.5,200.0,202.0,-1.7,66218,13359602.3,2022,20.88,12.01,13.57,13.6,16.5,1.32,7.85
2022-12-19,202.0,202.0,197.5,198.6,-1.68,70195,13960702.2,2022,20.88,12.01,13.57,13.6,16.5,1.32,7.85
2022-12-20,200.0,201.0,197.1,200.0,0.7,31289,6246748.2,2022,20.88,12.01,13.57,13.6,16.5,1.32,7.85
2022-12-21,201.0,201.0,197.1,198.5,-0.75,25652,5115761.5,2022,20.88,12.01,13.57,13.6,16.5,1.32,7.85
2022-12-22,201.4,201.4,198.0,198.5,0.0,33057,6560404.3,2022,20.88,12.01,13.57,13.6,16.5,1.32,7.85
2022-12-26,201.4,207.9,200.1,207.0,4.28,51530,10499940.4,2022,20.88,12.01,13.57,13.6,16.5,1.32,7.85
2022-12-27,210.1,216.0,210.0,214.0,3.38,103327,22053341.7,2022,20.88,12.01,13.57,13.6,16.5,1.32,7.85
2022-12-28,216.0,217.0,209.0,209.9,-1.92,37458,7954471.8,2022,20.88,12.01,13.57,13.6,16.5,1.32,7.85
2022-12-29,211.0,213.9,207.6,213.9,1.91,114945,24130991.5,2022,20.88,12.01,13.57,13.6,16.5,1.32,7.85
2023-01-01,210.1,217.7,210.1,212.5,-0.65,59062,12693550.2,2023,17.7,11.21,11.41,9.0,14.2,1.28,8.12
2023-01-02,212.5,216.0,210.0,212.0,-0.24,35977,7645966.9,2023,17.7,11.21,11.41,9.0,14.2,1.28,8.12
2023-01-03,215.0,215.0,207.0,210.0,-0.94,88647,18577583.6,2023,17.7,11.21,11.41,9.0,14.2,1.28,8.12
2023-01-04,212.0,213.0,209.0,212.0,0.95,86600,18242812.1,2023,17.7,11.21,11.41,9.0,14.2,1.28,8.12
2023-01-05,215.0,216.2,210.0,211.0,-0.47,89850,19027985.6,2023,17.7,11.21,11.41,9.0,14.2,1.28,8.12
2023-01-08,211.0,213.9,208.9,210.4,-0.28,171512,36151379.4,2023,17.7,11.21,11.41,9.0,14.2,1.28,8.12
2023-02-22,210.0,210.0,199.0,204.0,-3.04,227497,46134891.1,2023,17.7,11.21,11.41,9.0,14.2,1.28,8.12
2023-02-23,204.0,204.0,197.0,199.5,-2.21,183925,36644178.6,2023,17.7,11.21,11.41,9.0,14.2,1.28,8.12
2023-02-26,200.0,200.0,192.1,195.2,-2.16,148048,28769096.7,2023,17.7,11.21,11.41,9.0,14.2,1.28,8.12
2023-02-27,197.0,201.0,193.0,197.0,0.92,102829,20128163.2,2023,17.7,11.21,11.41,9.0,14.2,1.28,8.12
2023-02-28,198.0,199.0,194.3,195.2,-0.91,71406,13953531.5,2023,17.7,11.21,11.41,9.0,14.2,1.28,8.12
2023-03-01,195.0,199.0,193.1,194.0,-0.61,72908,14156292.1,2023,17.7,11.21,11.41,9.0,14.2,1.28,8.12
2023-03-02,193.1,194.2,191.0,191.0,-1.55,75249,14467387.1,2023,17.7,11.21,11.41,9.0,14.2,1.28,8.12
2023-03-05,194.0,194.9,188.4,188.4,-1.36,64855,12300273.2,2023,17.7,11.21,11.41,9.0,14.2,1.28,8.12
2023-03-07,189.0,191.9,187.1,188.6,0.11,97487,18423948.0,2023,17.7,11.21,11.41,9.0,14.2,1.28,8.12
2023-03-09,189.0,194.8,189.0,192.9,2.28,92131,17649462.2,2023,17.7,11.21,11.41,9.0,14.2,1.28,8.12
2023-03-12,195.9,195.9,190.0,190.9,-1.04,80911,15501964.8,2023,17.7,11.21,11.41,9.0,14.2,1.28,8.12
2023-03-13,192.0,192.0,187.0,187.5,-1.78,78219,14733871.8,2023,17.7,11.21,11.41,9.0,14.2,1.28,8.12
2023-03-14,183.8,189.9,183.8,186.4,-0.59,114448,21362831.0,2023,17.7,11.21,11.41,9.0,14.2,1.28,8.12
2023-03-15,185.1,189.9,184.1,185.2,-0.64,86059,15969680.6,2023,17.7,11.21,11.41,9.0,14.2,1.28,8.12
2023-03-16,188.9,189.0,184.0,187.2,1.08,79373,14798243.5,2023,17.7,11.21,11.41,9.0,14.2,1.28,8.12
2023-03-19,190.0,190.0,186.0,187.0,-0.11,70476,13195057.1,2023,17.7,11.21,11.41,9.0,14.2,1.28,8.12
2023-03-20,189.7,189.9,186.5,188.1,0.59,65565,12327466.1,2023,17.7,11.21,11.41,9.0,14.2,1.28,8.12
2023-03-22,190.0,192.9,186.0,187.9,-0.11,89332,16735324.3,2023,17.7,11.21,11.41,9.0,14.2,1.28,8.12
2023-03-23,189.9,189.9,184.0,186.0,-1.01,119328,22201676.0,2023,17.7,11.21,11.41,9.0,14.2,1.28,8.12
2023-03-26,188.6,188.6,183.0,183.9,-1.13,79302,14651334.9,2023,17.7,11.21,11.41,9.0,14.2,1.28,8.12
2023-03-27,183.1,185.9,182.0,182.0,-1.03,102412,18786690.4,2023,17.7,11.21,11.41,9.0,14.2,1.28,8.12
2023-03-28,185.6,187.9,184.0,185.5,1.92,76039,14131906.4,2023,17.7,11.21,11.41,9.0,14.2,1.28,8.12
2023-03-29,187.9,187.9,182.1,186.0,0.27,62357,11504262.3,2023,17.7,11.21,11.41,9.0,14.2,1.28,8.12
2023-03-30,189.0,189.0,184.0,186.0,0.0,53351,9895791.7,2023,17.7,11.21,11.41,9.0,14.2,1.28,8.12
2023-04-02,189.7,190.0,182.3,183.0,-1.61,84655,15611422.9,2023,17.7,11.21,11.41,9.0,14.2,1.28,8.12
2023-04-03,186.5,186.5,180.0,182.0,-0.55,140647,25389542.2,2023,17.7,11.21,11.41,9.0,14.2,1.28,8.12
2023-04-04,180.0,183.0,180.0,181.0,-0.55,49722,9019544.2,2023,17.7,11.21,11.41,9.0,14.2,1.28,8.12
2023-04-05,180.0,182.9,179.0,181.1,0.06,40483,7335531.3,2023,17.7,11.21,11.41,9.0,14.2,1.28,8.12
2023-04-06,181.0,183.1,179.7,182.0,0.5,87941,15992882.7,2023,17.7,11.21,11.41,9.0,14.2,1.28,8.12
2023-04-09,182.0,182.0,178.7,180.3,-0.93,180985,32694693.1,2023,17.7,11.21,11.41,9.0,14.2,1.28,8.12
2023-04-10,181.9,182.8,178.1,181.9,0.89,64332,11627328.0,2023,17.7,11.21,11.41,9.0,14.2,1.28,8.12
2023-04-11,183.0,183.9,180.0,183.5,0.88,58757,10714408.9,2023,17.7,11.21,11.41,9.0,14.2,1.28,8.12
2023-04-12,185.0,194.8,184.0,194.4,5.94,133689,25483174.4,2023,17.7,11.21,11.41,9.0,14.2,1.28,8.12
2023-04-13,198.2,201.0,188.2,189.0,-2.78,91015,17523901.8,2023,17.7,11.21,11.41,9.0,14.2,1.28,8.12
2023-04-16,190.0,192.6,188.9,189.9,0.48,72933,13863916.1,2023,17.7,11.21,11.41,9.0,14.2,1.28,8.12
2023-04-17,192.0,192.5,188.8,189.0,-0.47,70513,13395281.1,2023,17.7,11.21,11.41,9.0,14.2,1.28,8.12
2023-04-18,192.7,193.8,189.0,191.4,1.27,77049,14748524.9,2023,17.7,11.21,11.41,9.0,14.2,1.28,8.12
2023-04-19,192.0,195.0,191.7,193.3,0.99,77133,14879365.6,2023,17.7,11.21,11.41,9.0,14.2,1.28,8.12
2023-04-20,189.5,196.0,189.5,191.7,-0.83,114419,21942191.1,2023,17.7,11.21,11.41,9.0,14.2,1.28,8.12
2023-04-23,193.9,193.9,188.0,188.5,-1.67,82697,15630453.9,2023,17.7,11.21,11.41,9.0,14.2,1.28,8.12
2023-04-24,188.0,190.9,187.0,189.0,0.27,39998,7555269.9,2023,17.7,11.21,11.41,9.0,14.2,1.28,8.12
2023-04-25,189.0,190.7,186.9,190.4,0.74,69205,13048263.1,2023,17.7,11.21,11.41,9.0,14.2,1.28,8.12
2023-04-26,192.0,192.0,188.0,189.9,-0.26,66958,12701926.6,2023,17.7,11.21,11.41,9.0,14.2,1.28,8.12
2023-04-27,191.0,191.0,187.0,188.9,-0.53,33192,6239300.2,2023,17.7,11.21,11.41,9.0,14.2,1.28,8.12
2023-04-30,190.0,190.0,185.7,187.0,-1.01,72250,13483452.5,2023,17.7,11.21,11.41,9.0,14.2,1.28,8.12
2023-05-02,187.0,190.0,183.3,183.5,-1.87,60158,11154536.3,2023,17.7,11.21,11.41,9.0,14.2,1.28,8.12
2023-05-03,183.0,185.0,182.5,185.0,0.82,38440,7043963.1,2023,17.7,11.21,11.41,9.0,14.2,1.28,8.12
2023-05-04,187.0,187.0,183.2,186.3,0.7,43945,8119156.0,2023,17.7,11.21,11.41,9.0,14.2,1.28,8.12
2023-05-07,187.0,187.0,183.0,183.0,-1.77,49157,9058965.3,2023,17.7,11.21,11.41,9.0,14.2,1.28,8.12
2023-05-08,186.0,186.0,180.2,181.5,-0.82,70629,12874084.3,2023,17.7,11.21,11.41,9.0,14.2,1.28,8.12
2023-05-09,184.9,184.9,180.4,183.2,0.94,59202,10808582.3,2023,17.7,11.21,11.41,9.0,14.2,1.28,8.12
2023-05-10,185.0,185.0,182.2,183.2,0.0,30993,5678710.9,2023,17.7,11.21,11.41,9.0,14.2,1.28,8.12
2023-05-11,185.0,185.0,182.0,182.3,-0.49,30993,5659418.6,2023,17.7,11.21,11.41,9.0,14.2,1.28,8.12
2023-05-14,184.0,185.0,182.0,184.0,0.93,58668,10753810.3,2023,17.7,11.21,11.41,9.0,14.2,1.28,8.12
2023-05-15,185.0,185.0,181.0,183.5,-0.27,36265,6625253.8,2023,17.7,11.21,11.41,9.0,14.2,1.28,8.12
2023-05-16,182.0,184.0,181.0,183.0,-0.27,75096,13641849.2,2023,17.7,11.21,11.41,9.0,14.2,1.28,8.12
2023-05-17,184.0,184.0,181.2,183.0,0.0,80320,14648325.9,2023,17.7,11.21,11.41,9.0,14.2,1.28,8.12
2023-05-18,186.0,186.0,181.3,184.0,0.55,68916,12672875.3,2023,17.7,11.21,11.41,9.0,14.2,1.28,8.12
2023-05-21,186.0,187.6,184.0,185.0,0.54,64088,11884188.9,2023,17.7,11.21,11.41,9.0,14.2,1.28,8.12
2023-05-22,185.0,186.0,182.5,184.8,-0.11,63675,11706709.9,2023,17.7,11.21,11.41,9.0,14.2,1.28,8.12
2023-05-23,185.0,187.5,185.0,187.0,1.19,56540,10548400.3,2023,17.7,11.21,11.41,9.0,14.2,1.28,8.12
2023-05-24,188.9,188.9,185.2,187.5,0.27,51793,9665969.9,2023,17.7,11.21,11.41,9.0,14.2,1.28,8.12
2023-05-28,187.0,191.0,186.0,188.1,0.32,115547,21847611.3,2023,17.7,11.21,11.41,9.0,14.2,1.28,8.12
2023-05-30,188.1,188.1,182.5,183.7,-2.34,71912,13271644.6,2023,17.7,11.21,11.41,9.0,14.2,1.28,8.12
2023-05-31,183.7,184.9,180.1,181.5,-1.2,64494,11774567.5,2023,17.7,11.21,11.41,9.0,14.2,1.28,8.12
2023-06-01,180.0,185.0,177.9,181.5,0.0,84886,15347582.8,2023,17.7,11.21,11.41,9.0,14.2,1.28,8.12
2023-06-04,181.0,185.5,180.0,183.9,1.32,58480,10741494.3,2023,17.7,11.21,11.41,9.0,14.2,1.28,8.12
2023-06-05,184.0,187.0,182.5,183.8,-0.05,49214,9062975.7,2023,17.7,11.21,11.41,9.0,14.2,1.28,8.12
2023-06-06,185.0,185.0,181.0,183.2,-0.33,39603,7240644.3,2023,17.7,11.21,11.41,9.0,14.2,1.28,8.12
2023-06-07,183.2,184.5,182.0,182.2,-0.55,46902,8583702.7,2023,17.7,11.21,11.41,9.0,14.2,1.28,8.12
2023-06-08,183.3,183.3,180.5,182.0,-0.11,56520,10265066.1,2023,17.7,11.21,11.41,9.0,14.2,1.28,8.12
2023-06-11,181.0,183.9,180.0,182.8,0.44,118134,21456443.3,2023,17.7,11.21,11.41,9.0,14.2,1.28,8.12
2023-06-12,184.0,185.0,181.6,182.6,-0.11,106025,19366296.5,2023,17.7,11.21,11.41,9.0,14.2,1.28,8.12
2023-06-13,182.0,185.0,180.5,183.0,0.22,95079,17419658.5,2023,17.7,11.21,11.41,9.0,14.2,1.28,8.12
2023-06-14,183.0,186.5,183.0,185.0,1.09,143558,26624566.8,2023,17.7,11.21,11.41,9.0,14.2,1.28,8.12
2023-06-15,185.2,186.9,183.5,183.7,-0.7,62147,11462951.2,2023,17.7,11.21,11.41,9.0,14.2,1.28,8.12
2023-06-18,183.1,186.0,182.3,183.1,-0.33,108598,19884425.8,2023,17.7,11.21,11.41,9.0,14.2,1.28,8.12
2023-06-19,183.0,183.9,181.8,181.8,-0.71,126493,23075192.9,2023,17.7,11.21,11.41,9.0,14.2,1.28,8.12
2023-06-20,184.9,185.3,182.0,183.7,1.05,126178,23268729.8,2023,17.7,11.21,11.41,9.0,14.2,1.28,8.12
2023-06-21,184.0,184.9,181.7,181.7,-1.09,147522,27070130.8,2023,17.7,11.21,11.41,9.0,14.2,1.28,8.12
2023-06-22,181.6,183.0,180.4,181.4,-0.17,77006,13969519.6,2023,17.7,11.21,11.41,9.0,14.2,1.28,8.12
2023-06-25,182.0,183.9,180.6,183.9,1.38,205653,37348650.2,2023,17.7,11.21,11.41,9.0,14.2,1.28,8.12
2023-06-26,183.9,185.6,181.0,182.0,-1.03,125881,22986988.8,2023,17.7,11.21,11.41,9.0,14.2,1.28,8.12
2023-06-27,182.0,192.0,182.0,192.0,5.49,224422,42111441.7,2023,17.7,11.21,11.41,9.0,14.2,1.28,8.12
2023-06-28,195.5,201.9,191.0,191.7,-0.16,174585,34033302.3,2023,17.7,11.21,11.41,9.0,14.2,1.28,8.12
2023-07-02,191.0,191.0,185.5,186.0,-2.97,109668,20560125.1,2023,17.7,11.21,11.41,9.0,14.2,1.28,8.12
2023-07-03,186.0,186.5,182.7,183.9,-1.13,75021,13822924.3,2023,17.7,11.21,11.41,9.0,14.2,1.28,8.12
2023-07-04,182.1,185.7,182.0,182.7,-0.65,101611,18598449.9,2023,17.7,11.21,11.41,9.0,14.2,1.28,8.12
2023-07-05,183.5,184.5,179.5,180.4,-1.26,122147,22091154.7,2023,17.7,11.21,11.41,9.0,14.2,1.28,8.12
2023-07-06,182.0,183.0,177.0,179.8,-0.33,217863,38904794.6,2023,17.7,11.21,11.41,9.0,14.2,1.28,8.12
2023-07-09,176.3,184.0,176.3,178.9,-0.5,119176,21523437.0,2023,17.7,11.21,11.41,9.0,14.2,1.28,8.12
2023-07-10,182.0,184.0,176.0,178.0,-0.5,159686,28546395.8,2023,17.7,11.21,11.41,9.0,14.2,1.28,8.12
2023-07-11,180.0,182.0,177.5,178.0,0.0,81788,14648845.3,2023,17.7,11.21,11.41,9.0,14.2,1.28,8.12
2023-07-12,178.2,183.0,178.2,180.5,1.4,75411,13594353.2,2023,17.7,11.21,11.41,9.0,14.2,1.28,8.12
2023-07-13,182.9,185.0,182.0,183.5,1.66,86772,15922680.0,2023,17.7,11.21,11.41,9.0,14.2,1.28,8.12
2023-07-16,186.3,186.8,182.0,186.0,1.36,71941,13232950.6,2023,17.7,11.21,11.41,9.0,14.2,1.28,8.12
2023-07-17,185.5,192.0,184.5,190.5,2.42,112081,21195041.1,2023,17.7,11.21,11.41,9.0,14.2,1.28,8.12
2023-07-18,193.0,197.2,191.0,195.0,2.36,223434,43618680.2,2023,17.7,11.21,11.41,9.0,14.2,1.28,8.12
2023-07-19,195.0,200.0,194.0,199.9,2.51,235210,46678152.4,2023,17.7,11.21,11.41,9.0,14.2,1.28,8.12
2023-07-20,200.0,206.0,200.0,203.9,2.0,266291,54111937.2,2023,17.7,11.21,11.41,9.0,14.2,1.28,8.12
2023-07-23,205.0,223.5,205.0,222.9,9.32,570751,123422835.3,2023,17.7,11.21,11.41,9.0,14.2,1.28,8.12
2023-07-24,220.0,241.9,215.0,231.0,3.63,828678,191648363.2,2023,17.7,11.21,11.41,9.0,14.2,1.28,8.12
2023-07-25,231.0,235.0,222.0,222.3,-3.77,347942,78283285.8,2023,17.7,11.21,11.41,9.0,14.2,1.28,8.12
2023-07-26,223.0,226.4,218.1,222.5,0.09,235135,52466988.4,2023,17.7,11.21,11.41,9.0,14.2,1.28,8.12
2023-07-27,223.0,226.0,218.2,219.5,-1.35,184952,40962810.5,2023,17.7,11.21,11.41,9.0,14.2,1.28,8.12
2023-07-30,220.0,223.7,212.7,215.0,-2.05,175072,37930164.6,2023,17.7,11.21,11.41,9.0,14.2,1.28,8.12
2023-07-31,217.0,222.0,213.4,220.0,2.33,173295,37843182.4,2023,17.7,11.21,11.41,9.0,14.2,1.28,8.12
2023-08-01,220.0,224.0,217.1,218.5,-0.68,153770,34028082.3,2023,17.7,11.21,11.41,9.0,14.2,1.28,8.12
2023-08-02,218.6,222.9,217.0,222.0,1.6,128173,28200067.7,2023,17.7,11.21,11.41,9.0,14.2,1.28,8.12
2023-08-03,224.4,225.0,221.5,224.0,0.9,134917,30129802.6,2023,17.7,11.21,11.41,9.0,14.2,1.28,8.12
2023-08-06,228.4,230.0,213.5,215.7,-3.71,391161,85577338.5,2023,17.7,11.21,11.41,9.0,14.2,1.28,8.12
2023-08-07,219.0,219.0,210.8,213.0,-1.25,146484,31396026.6,2023,17.7,11.21,11.41,9.0,14.2,1.28,8.12
2023-08-08,211.0,215.0,207.0,207.2,-2.72,127065,26725097.4,2023,17.7,11.21,11.41,9.0,14.2,1.28,8.12
2023-08-09,207.5,213.0,203.1,213.0,2.8,104293,21541251.1,2023,17.7,11.21,11.41,9.0,14.2,1.28,8.12
2023-08-10,215.9,216.8,210.0,210.0,-1.41,105657,22473614.6,2023,17.7,11.21,11.41,9.0,14.2,1.28,8.12
2023-08-13,213.0,218.0,209.0,214.9,2.33,130578,27950786.4,2023,17.7,11.21,11.41,9.0,14.2,1.28,8.12
2023-08-14,218.4,220.0,215.0,216.0,0.51,94254,20463567.9,2023,17.7,11.21,11.41,9.0,14.2,1.28,8.12
2023-08-15,218.0,218.0,212.1,213.6,-1.11,68773,14742997.6,2023,17.7,11.21,11.41,9.0,14.2,1.28,8.12
2023-08-16,213.7,213.7,209.0,211.0,-1.22,87457,18437305.1,2023,17.7,11.21,11.41,9.0,14.2,1.28,8.12
2023-08-17,211.0,214.0,210.0,211.5,0.24,44801,9488238.7,2023,17.7,11.21,11.41,9.0,14.2,1.28,8.12
2023-08-20,212.0,213.0,209.0,209.3,-1.04,97665,20513877.5,2023,17.7,11.21,11.41,9.0,14.2,1.28,8.12
2023-08-21,210.0,211.0,206.0,208.4,-0.43,63144,13194603.7,2023,17.7,11.21,11.41,9.0,14.2,1.28,8.12
2023-08-22,210.0,210.0,205.1,208.0,-0.19,59357,12320821.0,2023,17.7,11.21,11.41,9.0,14.2,1.28,8.12
2023-08-23,208.0,212.0,208.0,210.0,0.96,58048,12206026.6,2023,17.7,11.21,11.41,9.0,14.2,1.28,8.12
2023-08-24,209.0,210.5,205.5,206.0,-1.9,99709,20695501.3,2023,17.7,11.21,11.41,9.0,14.2,1.28,8.12
2023-08-27,206.0,209.0,205.0,205.5,-0.24,52800,10894570.4,2023,17.7,11.21,11.41,9.0,14.2,1.28,8.12
2023-08-28,204.0,210.0,204.0,207.5,0.97,59110,12283036.0,2023,17.7,11.21,11.41,9.0,14.2,1.28,8.12
2023-08-29,206.1,208.0,206.0,206.8,-0.34,29955,6195673.5,2023,17.7,11.21,11.41,9.0,14.2,1.28,8.12
2023-08-30,210.9,210.9,204.5,205.3,-0.73,87846,18124569.6,2023,17.7,11.21,11.41,9.0,14.2,1.28,8.12
2023-09-03,208.0,208.0,203.0,203.5,-0.88,70376,14377268.1,2023,17.7,11.21,11.41,9.0,14.2,1.28,8.12
2023-09-04,206.0,207.0,201.1,203.0,-0.25,59675,12111695.6,2023,17.7,11.21,11.41,9.0,14.2,1.28,8.12
2023-09-05,200.6,203.1,200.0,200.1,-1.43,70064,14071359.3,2023,17.7,11.21,11.41,9.0,14.2,1.28,8.12
2023-09-07,200.0,202.0,198.0,198.3,-0.9,56488,11252020.8,2023,17.7,11.21,11.41,9.0,14.2,1.28,8.12
2023-09-10,199.0,200.9,198.3,199.5,0.61,76639,15307067.4,2023,17.7,11.21,11.41,9.0,14.2,1.28,8.12
2023-09-11,200.1,205.0,187.0,205.0,2.76,91554,18477387.2,2023,17.7,11.21,11.41,9.0,14.2,1.28,8.12
2023-09-12,206.0,206.0,202.1,203.1,-0.93,45075,9174488.3,2023,17.7,11.21,11.41,9.0,14.2,1.28,8.12
2023-09-13,204.0,205.0,203.1,205.0,0.94,51737,10564973.0,2023,17.7,11.21,11.41,9.0,14.2,1.28,8.12
2023-09-17,205.0,208.0,203.0,203.7,-0.63,88264,18103425.6,2023,17.7,11.21,11.41,9.0,14.2,1.28,8.12
2023-09-18,205.0,205.0,201.1,204.4,0.34,33036,6722859.6,2023,17.7,11.21,11.41,9.0,14.2,1.28,8.12
2023-09-19,204.0,205.0,202.0,203.4,-0.49,35987,7301756.9,2023,17.7,11.21,11.41,9.0,14.2,1.28,8.12
2023-09-21,207.4,210.0,205.6,207.8,2.16,111506,23211144.9,2023,17.7,11.21,11.41,9.0,14.2,1.28,8.12
2023-09-24,208.0,209.0,204.2,205.0,-1.35,75290,15456477.8,2023,17.7,11.21,11.41,9.0,14.2,1.28,8.12
2023-09-25,208.0,208.0,204.0,205.3,0.15,53006,10871637.3,2023,17.7,11.21,11.41,9.0,14.2,1.28,8.12
2023-09-26,208.0,209.7,206.1,209.7,2.14,96915,20158397.6,2023,17.7,11.21,11.41,9.0,14.2,1.28,8.12
2023-09-27,210.0,210.0,207.3,208.5,-0.57,50400,10490775.2,2023,17.7,11.21,11.41,9.0,14.2,1.28,8.12
2023-10-01,208.0,208.9,204.6,206.9,-0.77,83973,17363649.1,2023,17.7,11.21,11.41,9.0,14.2,1.28,8.12
2023-10-02,204.0,209.0,204.0,207.4,0.24,100887,20850547.1,2023,17.7,11.21,11.41,9.0,14.2,1.28,8.12
2023-10-03,211.5,211.5,206.0,206.5,-0.43,64254,13278172.2,2023,17.7,11.21,11.41,9.0,14.2,1.28,8.12
2023-10-04,206.0,208.4,204.1,207.0,0.24,78383,16179664.1,2023,17.7,11.21,11.41,9.0,14.2,1.28,8.12
2023-10-05,206.1,208.1,206.1,208.0,0.48,84871,17616378.9,2023,17.7,11.21,11.41,9.0,14.2,1.28,8.12
2023-10-08,212.0,212.0,204.9,207.0,-0.48,88765,18377780.9,2023,17.7,11.21,11.41,9.0,14.2,1.28,8.12
2023-10-09,207.0,208.0,203.0,205.0,-0.97,70335,14383747.3,2023,17.7,11.21,11.41,9.0,14.2,1.28,8.12
2023-10-10,207.8,207.8,202.0,202.0,-1.46,71975,14593130.0,2023,17.7,11.21,11.41,9.0,14.2,1.28,8.12
2023-10-11,202.0,205.0,201.1,202.2,0.1,67161,13602458.0,2023,17.7,11.21,11.41,9.0,14.2,1.28,8.12
2023-10-12,203.9,203.9,200.0,201.9,-0.15,96885,19498592.2,2023,17.7,11.21,11.41,9.0,14.2,1.28,8.12
2023-10-16,201.0,202.0,198.5,198.7,-1.58,86878,17366483.8,2023,17.7,11.21,11.41,9.0,14.2,1.28,8.12
2023-10-17,201.0,207.0,200.2,202.0,1.66,48295,9789846.9,2023,17.7,11.21,11.41,9.0,14.2,1.28,8.12
2023-10-18,202.0,208.9,202.0,208.8,3.37,51411,10632409.7,2023,17.7,11.21,11.41,9.0,14.2,1.28,8.12
2023-10-19,210.9,211.0,205.2,208.8,0.0,37778,7876861.4,2023,17.7,11.21,11.41,9.0,14.2,1.28,8.12
2023-10-29,206.6,207.0,204.0,205.0,-1.82,39634,8155256.6,2023,17.7,11.21,11.41,9.0,14.2,1.28,8.12
2023-10-30,205.0,209.1,201.2,209.0,1.95,64960,13351129.3,2023,17.7,11.21,11.41,9.0,14.2,1.28,8.12
2023-10-31,209.0,209.0,206.1,207.9,-0.53,21139,4377814.3,2023,17.7,11.21,11.41,9.0,14.2,1.28,8.12
2023-11-01,207.0,210.0,206.3,208.9,0.48,60135,12518140.6,2023,17.7,11.21,11.41,9.0,14.2,1.28,8.12
2023-11-02,208.0,209.6,205.0,206.0,-1.39,62403,12875099.4,2023,17.7,11.21,11.41,9.0,14.2,1.28,8.12
2023-11-05,206.0,206.0,199.7,201.0,-2.43,158070,31779874.7,2023,17.7,11.21,11.41,9.0,14.2,1.28,8.12
2023-11-06,203.0,203.0,200.0,203.0,1.0,90878,18359976.6,2023,17.7,11.21,11.41,9.0,14.2,1.28,8.12
2023-11-07,205.0,205.5,203.3,205.4,1.18,53294,10886392.7,2023,17.7,11.21,11.41,9.0,14.2,1.28,8.12
2023-11-06,203.0,203.0,200.0,203.0,1.0,90878,18359976.6,2023,17.7,11.21,11.41,9.0,14.2,1.28,8.12
2023-11-07,205.0,205.5,203.3,205.4,1.18,53294,10886392.7,2023,17.7,11.21,11.41,9.0,14.2,1.28,8.12
2023-11-08,204.0,206.5,203.1,206.0,0.29,46836,9610759.3,2023,17.7,11.21,11.41,9.0,14.2,1.28,8.12
2023-11-09,205.0,208.0,203.6,208.0,0.97,37441,7705699.5,2023,17.7,11.21,11.41,9.0,14.2,1.28,8.12
2023-11-20,212.0,212.0,206.0,207.0,-0.48,76289,15829767.9,2023,17.7,11.21,11.41,9.0,14.2,1.28,8.12
2023-11-21,210.0,210.0,204.1,206.1,-0.43,80348,16534861.3,2023,17.7,11.21,11.41,9.0,14.2,1.28,8.12
2023-11-22,204.0,208.0,202.7,206.0,-0.05,75220,15433653.1,2023,17.7,11.21,11.41,9.0,14.2,1.28,8.12
2023-11-23,206.0,208.1,204.0,208.0,0.97,81017,16691027.6,2023,17.7,11.21,11.41,9.0,14.2,1.28,8.12
2023-11-26,206.0,209.0,205.2,208.0,0.0,76292,15850077.3,2023,17.7,11.21,11.41,9.0,14.2,1.28,8.12
2023-11-27,209.0,210.0,207.1,209.0,0.48,96183,20043724.1,2023,17.7,11.21,11.41,9.0,14.2,1.28,8.12
2023-11-28,209.9,212.0,209.0,211.0,0.96,168778,35517870.5,2023,17.7,11.21,11.41,9.0,14.2,1.28,8.12
2023-11-29,205.0,205.0,200.0,202.0,-3.31,65866,13278908.3,2023,17.7,11.21,11.41,9.0,14.2,1.28,8.12
2023-11-30,200.0,200.0,197.0,198.0,-1.98,63984,12654358.7,2023,17.7,11.21,11.41,9.0,14.2,1.28,8.12
2023-12-03,201.0,201.0,194.5,196.0,-1.01,60450,11830376.5,2023,17.7,11.21,11.41,9.0,14.2,1.28,8.12
2023-12-04,196.0,196.5,193.0,193.0,-1.53,79593,15459235.3,2023,17.7,11.21,11.41,9.0,14.2,1.28,8.12
2023-12-05,193.0,195.0,190.0,190.0,-1.55,75574,14504477.0,2023,17.7,11.21,11.41,9.0,14.2,1.28,8.12
2023-12-06,190.0,190.5,187.0,190.5,0.26,51139,9623547.7,2023,17.7,11.21,11.41,9.0,14.2,1.28,8.12
2023-12-07,191.0,193.0,188.4,191.0,0.26,39359,7503839.8,2023,17.7,11.21,11.41,9.0,14.2,1.28,8.12
2023-12-10,191.0,206.5,191.0,204.0,6.81,15408,3154322.8,2023,17.7,11.21,11.41,9.0,14.2,1.28,8.12
2023-12-11,208.0,208.0,197.0,200.9,-1.52,151441,30500205.4,2023,17.7,11.21,11.41,9.0,14.2,1.28,8.12
2023-12-12,200.9,202.5,197.2,199.0,-0.95,104498,20893653.5,2023,17.7,11.21,11.41,9.0,14.2,1.28,8.12
2023-12-13,199.0,202.9,197.5,198.0,-0.5,109189,21748943.5,2023,17.7,11.21,11.41,9.0,14.2,1.28,8.12
2023-12-14,199.0,200.0,196.1,198.5,0.25,75241,14880165.4,2023,17.7,11.21,11.41,9.0,14.2,1.28,8.12
2023-12-17,194.6,199.0,189.0,197.8,-0.35,170156,33398432.3,2023,17.7,11.21,11.41,9.0,14.2,1.28,8.12
2023-12-18,197.8,204.4,196.0,202.0,2.12,232491,46701436.7,2023,17.7,11.21,11.41,9.0,14.2,1.28,8.12
2023-12-19,205.0,209.0,202.6,204.0,0.99,272573,55879493.6,2023,17.7,11.21,11.41,9.0,14.2,1.28,8.12
2023-12-20,208.0,216.2,206.0,211.0,3.43,335098,70645540.0,2023,17.7,11.21,11.41,9.0,14.2,1.28,8.12
2023-12-21,213.0,213.0,206.0,207.0,-1.9,180068,37535302.9,2023,17.7,11.21,11.41,9.0,14.2,1.28,8.12
2023-12-24,210.0,210.0,201.2,203.0,-1.93,201452,41477710.0,2023,17.7,11.21,11.41,9.0,14.2,1.28,8.12
2023-12-27,203.5,211.1,201.9,204.1,0.54,164605,33728537.1,2023,17.7,11.21,11.41,9.0,14.2,1.28,8.12
2023-12-28,206.0,207.0,202.0,206.1,0.98,114690,23418834.9,2023,17.7,11.21,11.41,9.0,14.2,1.28,8.12
2024-01-01,206.1,207.9,202.9,207.0,0.44,107722,22061721.4,2024,16.99,14.54,10.2,5.5,11.69,1.39,8.45
2024-01-02,207.0,208.0,203.0,203.0,-1.93,168606,34558396.2,2024,16.99,14.54,10.2,5.5,11.69,1.39,8.45
2024-01-03,201.6,205.0,201.6,203.7,0.34,67600,13752330.4,2024,16.99,14.54,10.2,5.5,11.69,1.39,8.45
2024-01-04,203.0,205.1,201.0,202.0,-0.83,108703,22074204.3,2024,16.99,14.54,10.2,5.5,11.69,1.39,8.45
2024-01-07,201.0,205.0,198.1,198.3,-1.83,168782,33750723.6,2024,16.99,14.54,10.2,5.5,11.69,1.39,8.45
2024-01-08,200.1,203.0,200.0,200.0,0.86,112750,22693246.2,2024,16.99,14.54,10.2,5.5,11.69,1.39,8.45
2024-01-09,201.0,203.0,200.0,200.0,0.0,178234,35802717.3,2024,16.99,14.54,10.2,5.5,11.69,1.39,8.45
2024-01-10,204.0,208.0,201.0,201.0,0.5,117923,24035539.5,2024,16.99,14.54,10.2,5.5,11.69,1.39,8.45
2024-01-11,203.0,204.8,200.5,201.5,0.25,234224,47243988.8,2024,16.99,14.54,10.2,5.5,11.69,1.39,8.45
2024-01-14,204.9,206.0,202.1,205.0,1.74,102556,20946399.2,2024,16.99,14.54,10.2,5.5,11.69,1.39,8.45
2024-01-16,207.0,210.5,206.1,209.4,2.15,203296,42399704.5,2024,16.99,14.54,10.2,5.5,11.69,1.39,8.45
2024-01-17,213.5,214.0,205.8,208.5,-0.43,230444,48478653.0,2024,16.99,14.54,10.2,5.5,11.69,1.39,8.45
2024-01-18,206.5,209.0,204.7,206.5,-0.96,142185,29367050.8,2024,16.99,14.54,10.2,5.5,11.69,1.39,8.45
2024-01-21,202.4,204.5,200.0,202.0,-2.18,203178,41061800.4,2024,16.99,14.54,10.2,5.5,11.69,1.39,8.45
2024-01-22,200.7,202.0,196.1,198.0,-1.98,135115,26801171.0,2024,16.99,14.54,10.2,5.5,11.69,1.39,8.45
2024-01-23,199.0,200.0,196.5,198.0,0.0,106230,21003350.4,2024,16.99,14.54,10.2,5.5,11.69,1.39,8.45
2024-01-24,199.0,201.9,197.5,201.7,1.87,118722,23717708.6,2024,16.99,14.54,10.2,5.5,11.69,1.39,8.45
2024-01-25,200.0,202.9,199.0,202.0,0.15,113193,22820724.6,2024,16.99,14.54,10.2,5.5,11.69,1.39,8.45
2024-01-28,202.0,202.0,198.8,200.0,-0.99,93866,18753024.6,2024,16.99,14.54,10.2,5.5,11.69,1.39,8.45
2024-01-29,200.0,202.0,197.9,199.0,-0.5,89681,17889115.3,2024,16.99,14.54,10.2,5.5,11.69,1.39,8.45
2024-01-30,201.9,201.9,197.3,198.5,-0.25,84689,16842011.0,2024,16.99,14.54,10.2,5.5,11.69,1.39,8.45
2024-01-31,195.0,200.0,195.0,197.0,-0.76,99882,19626525.5,2024,16.99,14.54,10.2,5.5,11.69,1.39,8.45
2024-02-01,197.0,197.0,195.0,195.7,-0.66,85445,16734691.8,2024,16.99,14.54,10.2,5.5,11.69,1.39,8.45
2024-02-04,196.0,196.0,193.2,194.6,-0.56,64158,12476909.8,2024,16.99,14.54,10.2,5.5,11.69,1.39,8.45
2024-02-05,195.5,197.0,193.0,193.6,-0.51,61796,11974771.8,2024,16.99,14.54,10.2,5.5,11.69,1.39,8.45
2024-02-06,195.0,196.0,193.0,193.1,-0.26,52648,10202557.3,2024,16.99,14.54,10.2,5.5,11.69,1.39,8.45
2024-02-07,196.9,200.8,194.1,194.5,0.73,43724,8531908.0,2024,16.99,14.54,10.2,5.5,11.69,1.39,8.45
2024-02-08,194.5,197.0,194.1,195.0,0.26,58006,11308139.4,2024,16.99,14.54,10.2,5.5,11.69,1.39,8.45
2024-02-11,195.0,198.0,194.1,194.5,-0.26,87462,17064442.3,2024,16.99,14.54,10.2,5.5,11.69,1.39,8.45
2024-02-12,198.0,198.0,193.1,194.4,-0.05,62447,12139194.6,2024,16.99,14.54,10.2,5.5,11.69,1.39,8.45
2024-02-13,194.0,195.0,191.1,192.0,-1.23,106389,20497551.0,2024,16.99,14.54,10.2,5.5,11.69,1.39,8.45
2024-02-14,194.5,194.5,191.2,192.0,0.0,40692,7825838.3,2024,16.99,14.54,10.2,5.5,11.69,1.39,8.45
2024-02-15,193.0,193.0,190.1,191.0,-0.52,62801,11987537.8,2024,16.99,14.54,10.2,5.5,11.69,1.39,8.45
2024-02-18,190.0,192.0,188.3,188.7,-1.2,65815,12461450.4,2024,16.99,14.54,10.2,5.5,11.69,1.39,8.45
2024-02-20,186.1,191.0,186.1,189.0,0.16,74857,14128955.0,2024,16.99,14.54,10.2,5.5,11.69,1.39,8.45
2024-02-21,190.0,191.0,188.0,189.0,0.0,36476,6894824.0,2024,16.99,14.54,10.2,5.5,11.69,1.39,8.45
2024-02-22,189.0,190.0,186.5,186.5,-1.32,57767,10831124.3,2024,16.99,14.54,10.2,5.5,11.69,1.39,8.45
2024-02-25,188.0,188.0,180.0,181.3,-2.79,85059,15480684.8,2024,16.99,14.54,10.2,5.5,11.69,1.39,8.45
2024-02-26,184.0,187.6,179.2,182.5,0.66,54577,9936167.8,2024,16.99,14.54,10.2,5.5,11.69,1.39,8.45
2024-02-27,184.9,184.9,181.0,184.0,0.82,37472,6831592.0,2024,16.99,14.54,10.2,5.5,11.69,1.39,8.45
2024-02-28,184.0,186.0,181.7,185.0,0.54,46680,8613319.8,2024,16.99,14.54,10.2,5.5,11.69,1.39,8.45
2024-02-29,182.0,192.4,181.1,181.9,-1.68,34595,6312151.7,2024,16.99,14.54,10.2,5.5,11.69,1.39,8.45
2024-03-03,180.0,181.9,178.6,181.4,-0.27,51440,9288224.9,2024,16.99,14.54,10.2,5.5,11.69,1.39,8.45
2024-03-04,183.0,195.8,183.0,195.8,7.94,1780,332892.0,2024,16.99,14.54,10.2,5.5,11.69,1.39,8.45
2024-03-05,197.0,197.1,186.0,186.1,-4.95,54708,10356250.9,2024,16.99,14.54,10.2,5.5,11.69,1.39,8.45
2024-03-06,186.1,188.8,183.0,186.0,-0.05,27772,5164539.0,2024,16.99,14.54,10.2,5.5,11.69,1.39,8.45
2024-03-07,189.7,193.1,186.0,188.0,1.08,48510,9097623.4,2024,16.99,14.54,10.2,5.5,11.69,1.39,8.45
2024-03-10,191.7,192.0,188.0,191.0,1.6,51463,9766429.2,2024,16.99,14.54,10.2,5.5,11.69,1.39,8.45
2024-03-12,191.0,195.0,190.6,194.0,1.57,76306,14691223.6,2024,16.99,14.54,10.2,5.5,11.69,1.39,8.45
2024-03-13,197.8,197.8,191.1,194.0,0.0,63204,12242841.6,2024,16.99,14.54,10.2,5.5,11.69,1.39,8.45
2024-03-14,192.0,194.8,192.0,193.5,-0.26,73019,14092376.1,2024,16.99,14.54,10.2,5.5,11.69,1.39,8.45
2024-03-17,191.0,192.0,190.1,191.5,-1.03,40619,7746439.3,2024,16.99,14.54,10.2,5.5,11.69,1.39,8.45
2024-03-18,195.3,195.3,188.2,192.9,0.73,56093,10667247.9,2024,16.99,14.54,10.2,5.5,11.69,1.39,8.45
2024-03-19,192.5,192.5,188.5,189.0,-2.02,40516,7688193.6,2024,16.99,14.54,10.2,5.5,11.69,1.39,8.45
2024-03-20,192.7,192.7,187.2,190.0,0.53,40408,7641481.6,2024,16.99,14.54,10.2,5.5,11.69,1.39,8.45
2024-03-21,189.0,190.0,186.6,187.3,-1.42,43742,8209397.5,2024,16.99,14.54,10.2,5.5,11.69,1.39,8.45
2024-03-25,185.0,187.0,183.6,184.3,-1.6,81711,15073846.2,2024,16.99,14.54,10.2,5.5,11.69,1.39,8.45
2024-03-26,184.0,185.0,181.1,184.8,0.27,32463,5951354.7,2024,16.99,14.54,10.2,5.5,11.69,1.39,8.45
2024-03-27,184.0,185.0,181.5,182.9,-1.03,40354,7353346.1,2024,16.99,14.54,10.2,5.5,11.69,1.39,8.45
2024-03-28,186.5,186.5,181.0,181.9,-0.55,45881,8353715.5,2024,16.99,14.54,10.2,5.5,11.69,1.39,8.45
2024-03-31,182.1,200.0,179.0,181.6,-0.16,92143,16703251.7,2024,16.99,14.54,10.2,5.5,11.69,1.39,8.45
2024-04-01,180.0,182.5,179.0,181.2,-0.22,28648,5190099.4,2024,16.99,14.54,10.2,5.5,11.69,1.39,8.45
2024-04-02,184.8,184.8,181.0,181.2,0.0,91209,16515521.4,2024,16.99,14.54,10.2,5.5,11.69,1.39,8.45
2024-04-03,183.9,184.8,181.0,181.4,0.11,39590,7175605.1,2024,16.99,14.54,10.2,5.5,11.69,1.39,8.45
2024-04-04,181.0,181.0,179.0,179.6,-0.99,47587,8577878.4,2024,16.99,14.54,10.2,5.5,11.69,1.39,8.45
2024-04-07,180.0,181.9,177.5,180.6,0.56,59561,10684391.6,2024,16.99,14.54,10.2,5.5,11.69,1.39,8.45
2024-04-09,184.2,184.2,180.0,180.2,-0.22,58231,10544217.9,2024,16.99,14.54,10.2,5.5,11.69,1.39,8.45
2024-04-10,182.0,182.0,179.0,182.0,1.0,62691,11279408.8,2024,16.99,14.54,10.2,5.5,11.69,1.39,8.45
2024-04-14,182.0,182.0,179.0,179.0,-1.65,50721,9112217.3,2024,16.99,14.54,10.2,5.5,11.69,1.39,8.45
2024-04-15,180.0,181.0,176.0,180.0,0.56,124478,22108894.3,2024,16.99,14.54,10.2,5.5,11.69,1.39,8.45
2024-04-16,178.5,180.0,177.0,177.4,-1.44,28551,5074055.9,2024,16.99,14.54,10.2,5.5,11.69,1.39,8.45
2024-04-18,177.8,180.0,175.0,175.3,-1.18,31384,5529155.8,2024,16.99,14.54,10.2,5.5,11.69,1.39,8.45
2024-04-21,175.0,177.0,170.0,174.0,-0.74,77654,13325597.4,2024,16.99,14.54,10.2,5.5,11.69,1.39,8.45
2024-04-22,174.6,176.6,172.0,173.1,-0.52,80886,13997601.3,2024,16.99,14.54,10.2,5.5,11.69,1.39,8.45
2024-04-24,174.0,178.8,170.5,177.6,2.6,88218,15456291.8,2024,16.99,14.54,10.2,5.5,11.69,1.39,8.45
2024-04-25,178.0,178.5,175.0,176.0,-0.9,156967,27647829.4,2024,16.99,14.54,10.2,5.5,11.69,1.39,8.45
2024-04-28,179.5,179.5,172.0,176.0,0.0,64657,11393984.0,2024,16.99,14.54,10.2,5.5,11.69,1.39,8.45
2024-04-29,179.5,179.5,173.0,177.5,0.85,155320,27420854.4,2024,16.99,14.54,10.2,5.5,11.69,1.39,8.45
2024-04-30,178.0,180.0,175.0,180.0,1.41,207105,36850557.1,2024,16.99,14.54,10.2,5.5,11.69,1.39,8.45
2024-05-02,183.6,183.6,177.0,180.0,0.0,95841,17212338.4,2024,16.99,14.54,10.2,5.5,11.69,1.39,8.45
2024-05-05,180.0,180.0,175.0,177.9,-1.17,62269,10995487.7,2024,16.99,14.54,10.2,5.5,11.69,1.39,8.45
2024-05-06,181.4,181.4,174.5,176.0,-1.07,31949,5642513.8,2024,16.99,14.54,10.2,5.5,11.69,1.39,8.45
2024-05-07,174.1,176.6,173.0,174.0,-1.14,66370,11534223.4,2024,16.99,14.54,10.2,5.5,11.69,1.39,8.45
2024-05-08,172.5,176.0,171.2,172.0,-1.15,33006,5670134.1,2024,16.99,14.54,10.2,5.5,11.69,1.39,8.45
2024-05-09,174.4,174.4,170.0,173.2,0.7,52164,8925120.7,2024,16.99,14.54,10.2,5.5,11.69,1.39,8.45
2024-05-12,176.6,176.6,170.5,174.0,0.46,56128,9701160.0,2024,16.99,14.54,10.2,5.5,11.69,1.39,8.45
2024-05-13,177.4,181.0,173.2,178.0,2.3,92897,16515322.0,2024,16.99,14.54,10.2,5.5,11.69,1.39,8.45
2024-05-14,181.5,181.5,176.0,177.0,-0.56,39770,7048534.5,2024,16.99,14.54,10.2,5.5,11.69,1.39,8.45
2024-05-15,178.0,180.0,178.0,178.0,0.56,54933,9822282.0,2024,16.99,14.54,10.2,5.5,11.69,1.39,8.45
2024-05-16,181.5,181.5,175.1,176.0,-1.12,48622,8597970.5,2024,16.99,14.54,10.2,5.5,11.69,1.39,8.45
2024-05-19,179.0,181.0,177.0,181.0,2.84,119962,21514962.8,2024,16.99,14.54,10.2,5.5,11.69,1.39,8.45
2024-05-20,184.6,192.0,178.5,186.5,3.04,320341,59156168.2,2024,16.99,14.54,10.2,5.5,11.69,1.39,8.45
2024-05-21,190.2,190.2,184.3,188.0,0.8,161501,30123698.5,2024,16.99,14.54,10.2,5.5,11.69,1.39,8.45
2024-05-22,187.0,194.0,186.0,192.0,2.13,219662,41937711.5,2024,16.99,14.54,10.2,5.5,11.69,1.39,8.45
2024-05-26,192.0,196.0,189.0,192.0,0.0,210409,40489722.7,2024,16.99,14.54,10.2,5.5,11.69,1.39,8.45
2024-05-27,192.3,195.0,189.0,190.0,-1.04,97055,18584939.9,2024,16.99,14.54,10.2,5.5,11.69,1.39,8.45
2024-05-29,193.8,197.0,187.0,187.0,-1.58,143195,27341557.4,2024,16.99,14.54,10.2,5.5,11.69,1.39,8.45
2024-05-30,190.7,190.7,184.0,185.1,-1.02,66020,12348331.5,2024,16.99,14.54,10.2,5.5,11.69,1.39,8.45
2024-06-02,188.0,188.0,183.5,185.2,0.05,57918,10695685.7,2024,16.99,14.54,10.2,5.5,11.69,1.39,8.45
2024-06-03,188.9,188.9,183.0,183.6,-0.86,51212,9426716.3,2024,16.99,14.54,10.2,5.5,11.69,1.39,8.45
2024-06-04,187.2,187.2,182.4,184.0,0.22,37118,6814898.6,2024,16.99,14.54,10.2,5.5,11.69,1.39,8.45
2024-06-05,187.6,187.6,181.1,183.9,-0.05,64984,11860929.5,2024,16.99,14.54,10.2,5.5,11.69,1.39,8.45
2024-06-06,183.0,184.0,180.1,180.5,-1.85,64245,11621120.2,2024,16.99,14.54,10.2,5.5,11.69,1.39,8.45
2024-06-09,184.1,184.1,178.0,178.2,-1.27,59566,10675542.3,2024,16.99,14.54,10.2,5.5,11.69,1.39,8.45
2024-06-10,181.7,181.7,177.1,180.0,1.01,66964,11946379.0,2024,16.99,14.54,10.2,5.5,11.69,1.39,8.45
2024-06-11,183.6,183.6,178.5,181.1,0.61,58416,10538469.5,2024,16.99,14.54,10.2,5.5,11.69,1.39,8.45
2024-06-12,183.5,184.5,182.0,184.0,1.6,64847,11899927.1,2024,16.99,14.54,10.2,5.5,11.69,1.39,8.45
2024-06-13,185.0,186.1,181.1,186.1,1.14,68068,12464569.8,2024,16.99,14.54,10.2,5.5,11.69,1.39,8.45
2024-06-16,186.4,186.4,180.0,183.5,-1.4,54289,9905142.8,2024,16.99,14.54,10.2,5.5,11.69,1.39,8.45
2024-06-18,182.0,184.0,179.1,179.2,-2.34,50561,9109127.4,2024,16.99,14.54,10.2,5.5,11.69,1.39,8.45
2024-06-19,182.7,182.7,178.6,178.7,-0.28,35384,6352316.5,2024,16.99,14.54,10.2,5.5,11.69,1.39,8.45
2024-06-20,182.2,182.2,177.2,177.8,-0.5,39187,6980428.2,2024,16.99,14.54,10.2,5.5,11.69,1.39,8.45
2024-06-23,180.0,180.7,176.0,177.0,-0.45,68819,12166811.2,2024,16.99,14.54,10.2,5.5,11.69,1.39,8.45
2024-06-24,177.0,179.0,175.1,175.9,-0.62,65835,11581574.1,2024,16.99,14.54,10.2,5.5,11.69,1.39,8.45
2024-06-25,178.0,178.0,174.5,175.5,-0.23,76268,13345679.7,2024,16.99,14.54,10.2,5.5,11.69,1.39,8.45
2024-06-26,176.0,176.0,171.0,173.0,-1.42,110410,19079194.9,2024,16.99,14.54,10.2,5.5,11.69,1.39,8.45
2024-06-27,173.0,174.0,170.0,173.4,0.23,82663,14185072.9,2024,16.99,14.54,10.2,5.5,11.69,1.39,8.45
2024-06-30,174.0,175.0,172.2,172.5,-0.52,53993,9349835.7,2024,16.99,14.54,10.2,5.5,11.69,1.39,8.45
2024-07-01,172.0,173.9,171.0,173.9,0.81,76610,13191015.6,2024,16.99,14.54,10.2,5.5,11.69,1.39,8.45
2024-07-02,177.3,188.0,171.0,181.5,4.37,167185,29914861.3,2024,16.99,14.54,10.2,5.5,11.69,1.39,8.45
2024-07-03,182.9,183.6,174.4,180.6,-0.5,151772,27194792.9,2024,16.99,14.54,10.2,5.5,11.69,1.39,8.45
2024-07-04,181.0,182.4,178.4,180.0,-0.33,107015,19317995.6,2024,16.99,14.54,10.2,5.5,11.69,1.39,8.45
2024-07-07,183.6,183.6,179.2,181.4,0.78,149397,27046234.3,2024,16.99,14.54,10.2,5.5,11.69,1.39,8.45
2024-07-08,181.0,184.0,179.5,183.0,0.88,108356,19579700.8,2024,16.99,14.54,10.2,5.5,11.69,1.39,8.45
2024-07-09,186.6,186.6,179.1,182.3,-0.38,179442,32342265.8,2024,16.99,14.54,10.2,5.5,11.69,1.39,8.45
2024-07-10,185.9,185.9,180.5,184.0,0.93,203192,37270148.8,2024,16.99,14.54,10.2,5.5,11.69,1.39,8.45
2024-07-11,187.6,190.0,182.8,189.9,3.21,192251,35968543.8,2024,16.99,14.54,10.2,5.5,11.69,1.39,8.45
2024-07-14,193.0,204.7,192.1,200.0,5.32,368225,72103484.6,2024,16.99,14.54,10.2,5.5,11.69,1.39,8.45
2024-07-15,204.0,204.0,194.1,194.2,-2.9,326661,64384044.5,2024,16.99,14.54,10.2,5.5,11.69,1.39,8.45
2024-07-16,196.0,203.0,193.6,201.0,3.5,225370,44710379.8,2024,16.99,14.54,10.2,5.5,11.69,1.39,8.45
2024-07-17,205.0,205.0,200.0,204.9,1.94,270536,54937898.9,2024,16.99,14.54,10.2,5.5,11.69,1.39,8.45
2024-07-18,208.9,224.2,203.0,218.3,6.54,628039,134003462.3,2024,16.99,14.54,10.2,5.5,11.69,1.39,8.45
2024-07-21,218.0,225.3,214.0,224.9,3.02,654503,145382993.6,2024,16.99,14.54,10.2,5.5,11.69,1.39,8.45
2024-07-22,227.0,227.0,214.0,220.1,-2.13,450025,99049214.2,2024,16.99,14.54,10.2,5.5,11.69,1.39,8.45
2024-07-23,221.0,224.9,216.2,223.1,1.36,566972,125171135.1,2024,16.99,14.54,10.2,5.5,11.69,1.39,8.45
2024-07-24,223.0,230.0,218.0,221.0,-0.94,629002,140907226.0,2024,16.99,14.54,10.2,5.5,11.69,1.39,8.45
2024-07-25,221.0,239.0,221.0,235.0,6.33,699280,158912426.5,2024,16.99,14.54,10.2,5.5,11.69,1.39,8.45
2024-07-28,239.7,258.5,239.7,258.5,10.0,1002360,256918498.7,2024,16.99,14.54,10.2,5.5,11.69,1.39,8.45
2024-07-29,263.6,284.3,253.0,253.0,-2.13,1288357,343517863.3,2024,16.99,14.54,10.2,5.5,11.69,1.39,8.45
2024-07-30,254.0,257.9,243.0,254.0,0.4,740562,185560047.6,2024,16.99,14.54,10.2,5.5,11.69,1.39,8.45
2024-07-31,259.0,261.0,253.0,259.0,1.97,489245,125824683.1,2024,16.99,14.54,10.2,5.5,11.69,1.39,8.45
2024-08-01,260.0,264.1,255.0,255.9,-1.2,379256,97718383.3,2024,16.99,14.54,10.2,5.5,11.69,1.39,8.45
2024-08-05,255.0,255.0,245.7,249.4,-2.54,706240,176173569.4,2024,16.99,14.54,10.2,5.5,11.69,1.39,8.45
2024-08-06,245.2,248.0,226.1,230.0,-7.78,694815,164391071.8,2024,16.99,14.54,10.2,5.5,11.69,1.39,8.45
2024-08-07,227.5,239.0,223.2,238.5,3.7,512810,119418859.4,2024,16.99,14.54,10.2,5.5,11.69,1.39,8.45
2024-08-08,242.1,243.0,234.0,236.5,-0.84,310600,73831904.2,2024,16.99,14.54,10.2,5.5,11.69,1.39,8.45
2024-08-11,241.0,243.6,235.5,243.6,3.0,786878,189189731.6,2024,16.99,14.54,10.2,5.5,11.69,1.39,8.45
2024-08-12,245.0,258.9,245.0,253.8,4.19,653658,164696716.6,2024,16.99,14.54,10.2,5.5,11.69,1.39,8.45
2024-08-13,258.0,260.0,253.0,257.9,1.62,560415,144171001.7,2024,16.99,14.54,10.2,5.5,11.69,1.39,8.45
2024-08-14,255.0,260.0,250.1,259.1,0.47,463875,118746972.0,2024,16.99,14.54,10.2,5.5,11.69,1.39,8.45
2024-08-15,264.0,285.0,260.0,283.0,9.22,1270505,353804941.5,2024,16.99,14.54,10.2,5.5,11.69,1.39,8.45
2024-08-18,288.0,302.0,283.5,287.0,1.41,1427895,421625751.8,2024,16.99,14.54,10.2,5.5,11.69,1.39,8.45
2024-08-21,287.0,292.0,279.0,287.0,0.0,709266,202921015.0,2024,16.99,14.54,10.2,5.5,11.69,1.39,8.45
2024-08-22,287.0,300.0,284.0,284.7,-0.8,460097,132406553.6,2024,16.99,14.54,10.2,5.5,11.69,1.39,8.45
2024-08-25,288.0,288.0,272.0,275.0,-3.41,593298,163567731.8,2024,16.99,14.54,10.2,5.5,11.69,1.39,8.45
2024-08-27,275.0,275.0,258.0,258.0,-6.18,767736,201518906.0,2024,16.99,14.54,10.2,5.5,11.69,1.39,8.45
2024-08-28,263.1,267.0,255.0,259.0,0.39,428646,112209874.2,2024,16.99,14.54,10.2,5.5,11.69,1.39,8.45
2024-08-29,264.1,264.1,248.2,252.0,-2.7,345964,87273761.9,2024,16.99,14.54,10.2,5.5,11.69,1.39,8.45
2024-09-01,249.0,257.0,245.0,245.1,-2.74,318196,79253033.2,2024,16.99,14.54,10.2,5.5,11.69,1.39,8.45
2024-09-02,245.0,269.6,243.1,264.5,7.92,524530,134450373.6,2024,16.99,14.54,10.2,5.5,11.69,1.39,8.45
2024-09-03,268.0,270.0,259.0,259.7,-1.81,266600,70218598.3,2024,16.99,14.54,10.2,5.5,11.69,1.39,8.45
2024-09-04,264.8,264.8,246.0,249.0,-4.12,362314,90706827.1,2024,16.99,14.54,10.2,5.5,11.69,1.39,8.45
2024-09-05,253.9,253.9,242.5,245.9,-1.24,237948,58582144.6,2024,16.99,14.54,10.2,5.5,11.69,1.39,8.45
2024-09-08,245.9,252.1,241.5,243.0,-1.18,208968,51414699.5,2024,16.99,14.54,10.2,5.5,11.69,1.39,8.45
2024-09-09,244.0,244.0,234.3,236.0,-2.88,303514,72009006.0,2024,16.99,14.54,10.2,5.5,11.69,1.39,8.45
2024-09-10,239.0,242.8,235.0,236.0,0.0,271798,64836899.6,2024,16.99,14.54,10.2,5.5,11.69,1.39,8.45
2024-09-11,236.0,240.0,234.0,236.0,0.0,143345,33841514.6,2024,16.99,14.54,10.2,5.5,11.69,1.39,8.45
2024-09-12,240.7,243.0,235.0,242.9,2.92,300713,71979982.9,2024,16.99,14.54,10.2,5.5,11.69,1.39,8.45
2024-09-15,247.7,252.0,238.0,240.0,-1.19,274734,67510711.2,2024,16.99,14.54,10.2,5.5,11.69,1.39,8.45
2024-09-16,236.0,245.0,233.8,234.0,-2.5,139654,32850611.2,2024,16.99,14.54,10.2,5.5,11.69,1.39,8.45
2024-09-18,235.0,241.9,233.0,238.1,1.75,255350,60864579.1,2024,16.99,14.54,10.2,5.5,11.69,1.39,8.45
2024-09-22,242.8,247.6,240.0,244.0,2.48,170258,41271181.7,2024,16.99,14.54,10.2,5.5,11.69,1.39,8.45
2024-09-23,248.8,248.8,237.0,238.0,-2.46,130133,31168676.8,2024,16.99,14.54,10.2,5.5,11.69,1.39,8.45
2024-09-24,235.1,241.7,233.0,234.9,-1.3,169830,40092093.5,2024,16.99,14.54,10.2,5.5,11.69,1.39,8.45
2024-09-25,235.0,243.0,232.3,243.0,3.45,231718,55077607.0,2024,16.99,14.54,10.2,5.5,11.69,1.39,8.45
2024-09-26,247.8,247.8,234.0,238.0,-2.06,114688,27311494.7,2024,16.99,14.54,10.2,5.5,11.69,1.39,8.45
2024-09-29,234.1,240.0,231.0,235.0,-1.26,119056,28054805.2,2024,16.99,14.54,10.2,5.5,11.69,1.39,8.45
2024-09-30,233.0,240.1,233.0,238.0,1.28,114806,27400610.6,2024,16.99,14.54,10.2,5.5,11.69,1.39,8.45
2024-10-01,240.0,249.9,240.0,249.9,5.0,267153,65472520.0,2024,16.99,14.54,10.2,5.5,11.69,1.39,8.45
2024-10-02,254.8,254.8,240.5,245.5,-1.76,276956,68446741.3,2024,16.99,14.54,10.2,5.5,11.69,1.39,8.45
2024-10-06,246.0,250.0,244.0,249.0,1.43,177497,43919290.8,2024,16.99,14.54,10.2,5.5,11.69,1.39,8.45
2024-10-07,252.0,257.0,249.0,253.1,1.65,218332,55423381.3,2024,16.99,14.54,10.2,5.5,11.69,1.39,8.45
2024-10-08,255.0,258.1,250.5,251.1,-0.79,222852,56573993.1,2024,16.99,14.54,10.2,5.5,11.69,1.39,8.45
2024-10-09,250.1,254.0,250.1,253.7,1.04,136698,34465766.0,2024,16.99,14.54,10.2,5.5,11.69,1.39,8.45
2024-10-15,255.1,258.9,253.9,258.4,1.85,129559,33259648.0,2024,16.99,14.54,10.2,5.5,11.69,1.39,8.45
2024-10-16,261.5,266.7,259.5,263.0,1.78,199994,52519751.56,2024,16.99,14.54,10.2,5.5,11.69,1.39,8.45
2024-10-17,265.0,271.0,263.0,266.5,1.33,362357,97082880.2,2024,16.99,14.54,10.2,5.5,11.69,1.39,8.45
2024-10-20,262.0,271.0,257.0,263.5,-1.13,441438,116506150.3,2024,16.99,14.54,10.2,5.5,11.69,1.39,8.45
2024-10-21,264.0,264.0,256.1,257.0,-2.47,293514,76027351.1,2024,16.99,14.54,10.2,5.5,11.69,1.39,8.45
2024-10-22,258.0,262.0,255.1,260.5,1.36,206907,53756737.2,2024,16.99,14.54,10.2,5.5,11.69,1.39,8.45
2024-10-23,265.7,267.0,255.4,256.1,-1.69,306366,79658168.9,2024,16.99,14.54,10.2,5.5,11.69,1.39,8.45
2024-10-24,258.0,258.0,251.0,253.0,-1.21,158059,40015238.5,2024,16.99,14.54,10.2,5.5,11.69,1.39,8.45
2024-10-27,253.0,257.0,248.1,250.0,-1.19,134338,33597882.2,2024,16.99,14.54,10.2,5.5,11.69,1.39,8.45
2024-10-28,254.0,254.0,248.7,254.0,1.6,102439,25767988.9,2024,16.99,14.54,10.2,5.5,11.69,1.39,8.45
2024-10-29,254.0,257.9,254.0,255.9,0.75,118277,30136282.8,2024,16.99,14.54,10.2,5.5,11.69,1.39,8.45
2024-10-30,260.0,260.0,252.4,254.0,-0.74,120003,30524037.1,2024,16.99,14.54,10.2,5.5,11.69,1.39,8.45
2024-11-05,257.0,257.0,253.5,254.0,0.0,49920,12703234.3,2024,16.99,14.54,10.2,5.5,11.69,1.39,8.45
2024-11-06,255.0,261.1,253.2,256.8,1.1,105915,27104099.9,2024,16.99,14.54,10.2,5.5,11.69,1.39,8.45
2024-11-10,258.9,261.0,255.1,260.3,1.36,209467,54384038.7,2024,16.99,14.54,10.2,5.5,11.69,1.39,8.45
2024-11-11,258.0,264.0,258.0,260.6,0.12,252111,65975506.1,2024,16.99,14.54,10.2,5.5,11.69,1.39,8.45
2024-11-12,261.0,264.0,257.3,259.8,-0.31,135585,35342217.0,2024,16.99,14.54,10.2,5.5,11.69,1.39,8.45
2024-11-13,259.9,261.0,254.5,255.0,-1.85,123507,31673283.1,2024,16.99,14.54,10.2,5.5,11.69,1.39,8.45
2024-11-14,254.0,260.0,254.0,256.6,0.63,148677,38129234.4,2024,16.99,14.54,10.2,5.5,11.69,1.39,8.45
2024-11-17,258.0,260.0,257.0,257.2,0.23,134999,34946218.3,2024,16.99,14.54,10.2,5.5,11.69,1.39,8.45
2024-11-19,256.4,258.0,254.6,256.0,-0.47,212652,54425882.4,2024,16.99,14.54,10.2,5.5,11.69,1.39,8.45
2024-11-20,253.0,256.9,253.0,256.9,0.35,141408,36023300.3,2024,16.99,14.54,10.2,5.5,11.69,1.39,8.45
2024-11-21,258.5,259.8,254.1,255.0,-0.74,360990,92227100.6,2024,16.99,14.54,10.2,5.5,11.69,1.39,8.45
2024-11-24,242.0,243.0,236.1,236.8,-2.03,141904,33843700.7,2024,16.99,14.54,10.2,5.5,11.69,1.39,8.45
2024-11-25,241.5,241.5,235.0,235.5,-0.55,93907,22188710.3,2024,16.99,14.54,10.2,5.5,11.69,1.39,8.45
2024-11-26,230.8,242.9,230.8,239.0,1.49,140447,33366645.6,2024,16.99,14.54,10.2,5.5,11.69,1.39,8.45
2024-11-27,242.0,242.0,238.0,239.0,0.0,99121,23743639.2,2024,16.99,14.54,10.2,5.5,11.69,1.39,8.45
2024-11-28,239.0,241.0,236.0,237.0,-0.84,97490,23200679.3,2024,16.99,14.54,10.2,5.5,11.69,1.39,8.45
2024-12-01,237.0,237.0,232.0,233.0,-1.69,75953,17741151.6,2024,16.99,14.54,10.2,5.5,11.69,1.39,8.45
2024-12-02,237.6,237.6,229.0,229.4,-1.55,148285,34326171.9,2024,16.99,14.54,10.2,5.5,11.69,1.39,8.45
2024-12-03,230.0,232.0,228.0,228.5,-0.39,120563,27609909.8,2024,16.99,14.54,10.2,5.5,11.69,1.39,8.45
2024-12-04,233.0,233.0,225.5,228.2,-0.13,147819,33768289.8,2024,16.99,14.54,10.2,5.5,11.69,1.39,8.45
2024-12-05,228.3,230.0,225.4,225.8,-1.05,137659,31336776.4,2024,16.99,14.54,10.2,5.5,11.69,1.39,8.45
2024-12-08,226.0,226.0,220.0,221.9,-1.73,197930,44100818.4,2024,16.99,14.54,10.2,5.5,11.69,1.39,8.45
2024-12-09,224.9,224.9,220.0,221.0,-0.41,97044,21564456.0,2024,16.99,14.54,10.2,5.5,11.69,1.39,8.45
2024-12-10,222.0,224.7,220.0,221.7,0.32,76310,16906155.2,2024,16.99,14.54,10.2,5.5,11.69,1.39,8.45
2024-12-11,224.0,235.0,221.0,232.5,4.87,168543,38268064.4,2024,16.99,14.54,10.2,5.5,11.69,1.39,8.45
2024-12-12,237.1,237.1,226.0,226.0,-2.8,166841,38264412.9,2024,16.99,14.54,10.2,5.5,11.69,1.39,8.45
2024-12-16,227.0,227.9,222.5,224.0,-0.88,95717,21412232.6,2024,16.99,14.54,10.2,5.5,11.69,1.39,8.45
2024-12-17,224.0,239.0,220.1,228.0,1.79,117092,26555865.4,2024,16.99,14.54,10.2,5.5,11.69,1.39,8.45
2024-12-18,230.0,230.0,223.9,224.3,-1.62,71990,16256768.9,2024,16.99,14.54,10.2,5.5,11.69,1.39,8.45
2024-12-19,226.0,226.3,221.0,222.0,-1.03,72133,16065850.4,2024,16.99,14.54,10.2,5.5,11.69,1.39,8.45
2024-12-22,217.6,223.9,217.6,218.5,-1.58,94349,20702193.5,2024,16.99,14.54,10.2,5.5,11.69,1.39,8.45
2024-12-23,220.5,231.8,218.0,229.5,5.03,76892,17085032.05,2024,16.99,14.54,10.2,5.5,11.69,1.39,8.45
2024-12-24,230.0,230.5,225.5,227.0,-1.09,88682,20208874.3,2024,16.99,14.54,10.2,5.5,11.69,1.39,8.45
2024-12-26,227.0,238.0,225.0,233.0,2.64,159743,37107804.3,2024,16.99,14.54,10.2,5.5,11.69,1.39,8.45
2024-12-29,233.1,237.5,229.0,229.5,-1.5,131859,30675016.9,2024,16.99,14.54,10.2,5.5,11.69,1.39,8.45
2024-12-31,234.0,234.0,223.7,227.0,-1.09,103637,23380597.9,2024,16.99,14.54,10.2,5.5,11.69,1.39,8.45
2025-01-01,225.0,228.0,225.0,225.1,-0.84,39532,8923047.2,2025,16.28,15.95,9.62,8.0,14.11,1.4,8.52
2025-01-02,229.6,229.6,223.1,223.7,-0.62,63412,14210844.0,2025,16.28,15.95,9.62,8.0,14.11,1.4,8.52
2025-01-05,224.0,225.0,222.2,222.2,-0.67,83950,18705201.7,2025,16.28,15.95,9.62,8.0,14.11,1.4,8.52
2025-01-06,226.0,226.0,222.0,225.0,1.26,95564,21416757.5,2025,16.28,15.95,9.62,8.0,14.11,1.4,8.52
2025-01-07,229.5,229.5,223.0,223.6,-0.62,75783,16984329.7,2025,16.28,15.95,9.62,8.0,14.11,1.4,8.52
2025-01-08,228.0,228.0,222.2,223.9,0.13,64344,14378767.3,2025,16.28,15.95,9.62,8.0,14.11,1.4,8.52
2025-01-09,226.0,226.0,221.5,223.0,-0.4,58693,13050657.7,2025,16.28,15.95,9.62,8.0,14.11,1.4,8.52
2025-01-12,227.4,227.4,221.0,223.0,0.0,50922,11300884.6,2025,16.28,15.95,9.62,8.0,14.11,1.4,8.52
2025-01-13,221.5,224.0,220.5,222.0,-0.45,55050,12194313.9,2025,16.28,15.95,9.62,8.0,14.11,1.4,8.52
2025-01-15,221.0,223.0,220.1,220.7,-0.59,61369,13590379.6,2025,16.28,15.95,9.62,8.0,14.11,1.4,8.52
2025-01-16,219.0,222.0,216.5,217.5,-1.45,117005,25589940.8,2025,16.28,15.95,9.62,8.0,14.11,1.4,8.52
2025-01-19,216.1,219.0,214.0,217.7,0.09,110151,23775267.6,2025,16.28,15.95,9.62,8.0,14.11,1.4,8.52
2025-01-20,220.0,226.0,220.0,221.0,1.52,186777,41603662.7,2025,16.28,15.95,9.62,8.0,14.11,1.4,8.52
2025-01-21,221.0,223.0,218.1,219.0,-0.9,82396,18090557.0,2025,16.28,15.95,9.62,8.0,14.11,1.4,8.52
2025-01-22,219.0,223.9,219.0,223.0,1.83,91812,20321152.3,2025,16.28,15.95,9.62,8.0,14.11,1.4,8.52
2025-01-23,222.0,225.4,219.0,219.5,-1.57,80906,17941087.4,2025,16.28,15.95,9.62,8.0,14.11,1.4,8.52
2025-01-26,215.2,223.5,215.2,220.6,0.5,66588,14704136.1,2025,16.28,15.95,9.62,8.0,14.11,1.4,8.52
2025-01-27,216.2,223.0,216.2,218.5,-0.95,66281,14537111.5,2025,16.28,15.95,9.62,8.0,14.11,1.4,8.52
2025-01-28,218.5,220.8,218.0,218.9,0.18,79802,17440867.1,2025,16.28,15.95,9.62,8.0,14.11,1.4,8.52
2025-02-02,221.0,223.0,219.0,222.0,1.42,168526,37412365.5,2025,16.28,15.95,9.62,8.0,14.11,1.4,8.52
2025-02-03,222.5,228.0,222.5,224.0,0.9,200495,45130844.7,2025,16.28,15.95,9.62,8.0,14.11,1.4,8.52
2025-02-04,224.0,226.9,221.0,221.5,-1.12,71936,16004840.0,2025,16.28,15.95,9.62,8.0,14.11,1.4,8.52
2025-02-05,223.9,223.9,220.0,220.7,-0.36,86860,19145413.6,2025,16.28,15.95,9.62,8.0,14.11,1.4,8.52
2025-02-06,220.0,221.3,218.5,218.6,-0.95,103061,22625743.4,2025,16.28,15.95,9.62,8.0,14.11,1.4,8.52
2025-02-09,218.0,221.0,218.0,219.2,0.27,119895,26359972.9,2025,16.28,15.95,9.62,8.0,14.11,1.4,8.52
2025-02-10,215.0,221.0,215.0,218.0,-0.55,124839,27368057.1,2025,16.28,15.95,9.62,8.0,14.11,1.4,8.52
2025-02-11,218.0,220.2,218.0,218.5,0.23,87702,19212475.1,2025,16.28,15.95,9.62,8.0,14.11,1.4,8.52
2025-02-12,218.6,221.0,217.0,218.8,0.14,102640,22445787.2,2025,16.28,15.95,9.62,8.0,14.11,1.4,8.52
2025-02-13,218.0,221.0,217.2,218.0,-0.37,73686,16119303.1,2025,16.28,15.95,9.62,8.0,14.11,1.4,8.52
2025-02-16,218.0,221.7,218.0,219.3,0.6,115184,25348279.8,2025,16.28,15.95,9.62,8.0,14.11,1.4,8.52
2025-02-17,220.0,225.0,219.5,224.9,2.55,182178,40641966.4,2025,16.28,15.95,9.62,8.0,14.11,1.4,8.52
2025-02-18,229.3,229.3,222.7,224.0,-0.4,111661,25123626.9,2025,16.28,15.95,9.62,8.0,14.11,1.4,8.52
2025-02-20,225.0,225.0,221.3,221.5,-1.12,87411,19418362.3,2025,16.28,15.95,9.62,8.0,14.11,1.4,8.52
2025-02-23,220.2,223.5,216.0,221.0,-0.23,249928,55061026.8,2025,16.28,15.95,9.62,8.0,14.11,1.4,8.52
2025-02-24,223.0,224.0,220.1,221.4,0.18,96661,21455771.7,2025,16.28,15.95,9.62,8.0,14.11,1.4,8.52
2025-02-25,222.0,223.5,219.5,221.0,-0.18,76800,16969385.1,2025,16.28,15.95,9.62,8.0,14.11,1.4,8.52
2025-02-27,225.4,236.6,225.4,230.0,4.07,277981,63570071.8,2025,16.28,15.95,9.62,8.0,14.11,1.4,8.52
2025-03-02,234.6,235.0,228.0,235.0,2.17,435379,100980249.3,2025,16.28,15.95,9.62,8.0,14.11,1.4,8.52
2025-03-03,239.7,239.7,231.0,231.2,-1.62,177164,41502095.3,2025,16.28,15.95,9.62,8.0,14.11,1.4,8.52
2025-03-04,226.6,251.0,226.6,232.0,0.35,319940,73951740.5,2025,16.28,15.95,9.62,8.0,14.11,1.4,8.52
2025-03-05,232.0,234.0,228.2,233.0,0.43,202781,46710912.8,2025,16.28,15.95,9.62,8.0,14.11,1.4,8.52
2025-03-06,228.4,234.0,228.4,233.8,0.34,141645,32754621.0,2025,16.28,15.95,9.62,8.0,14.11,1.4,8.52
2025-03-09,230.5,237.0,228.0,228.3,-2.35,111190,25472143.1,2025,16.28,15.95,9.62,8.0,14.11,1.4,8.52
2025-03-10,230.0,230.0,226.5,230.0,0.74,153284,35002953.4,2025,16.28,15.95,9.62,8.0,14.11,1.4,8.52
2025-03-11,232.0,232.5,225.7,226.8,-1.39,123486,28191129.9,2025,16.28,15.95,9.62,8.0,14.11,1.4,8.52
2025-03-12,229.0,229.0,224.9,225.6,-0.53,79644,17987791.8,2025,16.28,15.95,9.62,8.0,14.11,1.4,8.52
2025-03-16,225.6,226.0,221.6,222.9,-1.2,130034,29005289.3,2025,16.28,15.95,9.62,8.0,14.11,1.4,8.52
2025-03-17,223.0,227.9,221.0,221.9,-0.45,102032,22822800.2,2025,16.28,15.95,9.62,8.0,14.11,1.4,8.52
2025-03-18,226.3,226.3,220.6,221.0,-0.41,76153,16857183.2,2025,16.28,15.95,9.62,8.0,14.11,1.4,8.52
2025-03-19,221.0,221.9,220.0,220.1,-0.41,76823,16936456.0,2025,16.28,15.95,9.62,8.0,14.11,1.4,8.52
2025-03-20,222.0,222.0,218.1,220.08,-0.01,105949,23301292.6,2025,16.28,15.95,9.62,8.0,14.11,1.4,8.52
2025-03-23,220.0,221.0,215.3,216.08,-1.82,122155,26521924.4,2025,16.28,15.95,9.62,8.0,14.11,1.4,8.52
2025-03-24,216.1,218.9,213.5,217.28,0.56,181137,39079738.1,2025,16.28,15.95,9.62,8.0,14.11,1.4,8.52
2025-03-25,221.6,221.6,210.7,213.37,-1.8,145639,31039092.0,2025,16.28,15.95,9.62,8.0,14.11,1.4,8.52
2025-03-26,215.6,217.0,213.5,216.86,1.64,96828,20897104.0,2025,16.28,15.95,9.62,8.0,14.11,1.4,8.52
2025-03-27,221.1,221.1,216.9,218.82,0.9,95912,20912099.7,2025,16.28,15.95,9.62,8.0,14.11,1.4,8.52
2025-03-30,218.0,222.0,217.0,219.52,0.32,104417,22985870.8,2025,16.28,15.95,9.62,8.0,14.11,1.4,8.52
2025-04-01,220.0,221.5,217.2,218.23,-0.59,87783,19180695.0,2025,16.28,15.95,9.62,8.0,14.11,1.4,8.52
2025-04-02,222.5,222.5,217.5,219.1,0.4,70475,15425509.0,2025,16.28,15.95,9.62,8.0,14.11,1.4,8.52
2025-04-03,219.0,241.0,213.0,222.99,1.78,225909,50011548.6,2025,16.28,15.95,9.62,8.0,14.11,1.4,8.52
2025-04-07,223.0,223.0,218.0,218.8,-1.88,63445,13946853.9,2025,16.28,15.95,9.62,8.0,14.11,1.4,8.52
2025-04-08,217.0,219.7,215.5,218.5,-0.14,65496,14214450.4,2025,16.28,15.95,9.62,8.0,14.11,1.4,8.52
2025-04-09,222.8,222.8,216.3,219.39,0.41,80106,17511472.3,2025,16.28,15.95,9.62,8.0,14.11,1.4,8.52
2025-04-10,220.0,220.5,218.2,219.14,-0.11,98152,21542405.7,2025,16.28,15.95,9.62,8.0,14.11,1.4,8.52
2025-04-13,219.5,220.0,218.3,218.69,-0.21,45875,10042650.5,2025,16.28,15.95,9.62,8.0,14.11,1.4,8.52
2025-04-15,223.0,223.0,218.3,219.09,0.18,49829,10937715.7,2025,16.28,15.95,9.62,8.0,14.11,1.4,8.52
2025-04-16,223.0,223.0,219.0,219.83,0.34,131743,28953926.6,2025,16.28,15.95,9.62,8.0,14.11,1.4,8.52
2025-04-17,222.0,224.0,219.5,222.62,1.27,104669,23175851.1,2025,16.28,15.95,9.62,8.0,14.11,1.4,8.52
2025-04-20,227.0,231.0,221.7,222.8,0.08,182192,40849093.0,2025,16.28,15.95,9.62,8.0,14.11,1.4,8.52
2025-04-21,222.8,224.0,220.4,220.97,-0.82,110813,24532457.0,2025,16.28,15.95,9.62,8.0,14.11,1.4,8.52
2025-04-22,220.6,221.9,218.4,219.18,-0.81,75158,16488061.0,2025,16.28,15.95,9.62,8.0,14.11,1.4,8.52
2025-04-23,219.0,219.0,215.0,216.91,-1.04,131955,28576063.5,2025,16.28,15.95,9.62,8.0,14.11,1.4,8.52
2025-04-24,216.0,217.9,215.4,216.72,-0.09,74907,16203823.3,2025,16.28,15.95,9.62,8.0,14.11,1.4,8.52
2025-04-27,217.1,219.7,217.0,217.59,0.4,100069,21811172.2,2025,16.28,15.95,9.62,8.0,14.11,1.4,8.52
2025-04-28,218.9,220.0,216.5,216.64,-0.44,184178,40085034.8,2025,16.28,15.95,9.62,8.0,14.11,1.4,8.52
2025-04-29,218.9,218.9,215.7,216.27,-0.17,154209,33448988.6,2025,16.28,15.95,9.62,8.0,14.11,1.4,8.52
2025-04-30,216.27,217.9,214.1,215.07,-0.55,92787,19972391.24,2025,16.28,15.95,9.62,8.0,14.11,1.4,8.52
2025-05-04,215.1,218.0,215.1,217.08,0.93,127236,27551467.5,2025,16.28,15.95,9.62,8.0,14.11,1.4,8.52
2025-05-05,218.0,218.0,215.3,215.97,-0.51,64191,13876624.4,2025,16.28,15.95,9.62,8.0,14.11,1.4,8.52
2025-05-06,216.0,216.3,214.2,214.78,-0.55,98848,21253102.5,2025,16.28,15.95,9.62,8.0,14.11,1.4,8.52
2025-05-07,214.6,221.6,213.0,220.84,2.82,165846,36028170.5,2025,16.28,15.95,9.62,8.0,14.11,1.4,8.52
2025-05-08,222.9,223.0,217.0,218.22,-1.19,77455,16897462.6,2025,16.28,15.95,9.62,8.0,14.11,1.4,8.52
2025-05-11,220.5,220.7,217.1,217.27,-0.44,79372,17291718.6,2025,16.28,15.95,9.62,8.0,14.11,1.4,8.52
2025-05-13,217.0,220.0,216.0,216.19,-0.5,62913,13655862.4,2025,16.28,15.95,9.62,8.0,14.11,1.4,8.52
2025-05-14,218.4,218.4,215.0,215.66,-0.25,78676,17029958.5,2025,16.28,15.95,9.62,8.0,14.11,1.4,8.52
2025-05-15,216.0,217.0,214.3,215.32,-0.16,89466,19259464.3,2025,16.28,15.95,9.62,8.0,14.11,1.4,8.52
2025-05-18,217.5,217.5,213.1,214.95,-0.17,215104,46167322.5,2025,16.28,15.95,9.62,8.0,14.11,1.4,8.52
2025-05-19,214.0,220.0,214.0,218.72,1.75,418392,90747834.0,2025,16.28,15.95,9.62,8.0,14.11,1.4,8.52
2025-05-20,218.0,222.5,216.0,221.72,1.37,102268,22504791.0,2025,16.28,15.95,9.62,8.0,14.11,1.4,8.52
2025-05-21,226.0,234.0,220.0,220.9,-0.37,193013,43421777.3,2025,16.28,15.95,9.62,8.0,14.11,1.4,8.52
2025-05-22,225.3,240.0,220.0,234.43,6.12,1009816,232021611.7,2025,16.28,15.95,9.62,8.0,14.11,1.4,8.52
2025-05-25,235.0,247.8,226.8,236.63,0.94,455875,106825209.8,2025,16.28,15.95,9.62,8.0,14.11,1.4,8.52
2025-05-26,241.3,246.0,230.0,235.07,-0.66,290043,68288693.2,2025,16.28,15.95,9.62,8.0,14.11,1.4,8.52
2025-05-27,238.0,253.4,229.3,241.43,2.71,601439,144731360.4,2025,16.28,15.95,9.62,8.0,14.11,1.4,8.52
2025-05-28,240.0,250.0,238.4,249.27,3.25,735920,180705215.2,2025,16.28,15.95,9.62,8.0,14.11,1.4,8.52
2025-06-02,250.0,257.0,243.0,246.7,-1.03,513720,127883159.5,2025,16.28,15.95,9.62,8.0,14.11,1.4,8.52
2025-06-03,244.0,245.9,237.5,238.76,-3.22,345696,83101897.0,2025,16.28,15.95,9.62,8.0,14.11,1.4,8.52
2025-06-04,241.0,248.0,234.2,238.68,-0.03,170799,40807355.0,2025,16.28,15.95,9.62,8.0,14.11,1.4,8.52
2025-06-05,237.1,240.9,236.1,236.61,-0.87,161439,38438562.9,2025,16.28,15.95,9.62,8.0,14.11,1.4,8.52
2025-06-08,235.6,249.0,231.1,231.56,-2.13,160783,37654441.0,2025,16.28,15.95,9.62,8.0,14.11,1.4,8.52
2025-06-09,231.5,236.0,231.5,234.16,1.12,100109,23387456.2,2025,16.28,15.95,9.62,8.0,14.11,1.4,8.52
2025-06-10,229.5,247.5,229.5,241.4,3.09,342181,81755842.2,2025,16.28,15.95,9.62,8.0,14.11,1.4,8.52
2025-06-11,240.0,246.0,237.5,244.08,1.11,412097,99958836.9,2025,16.28,15.95,9.62,8.0,14.11,1.4,8.52
2025-06-12,244.0,244.08,237.0,238.96,-2.1,138305,33047480.2,2025,16.28,15.95,9.62,8.0,14.11,1.4,8.52
2025-06-15,240.0,240.0,234.1,235.49,-1.45,138499,32651147.1,2025,16.28,15.95,9.62,8.0,14.11,1.4,8.52
2025-06-16,236.0,240.2,233.5,237.42,0.82,443097,104503382.1,2025,16.28,15.95,9.62,8.0,14.11,1.4,8.52
2025-06-17,240.0,240.0,233.0,233.2,-1.78,132126,30996651.7,2025,16.28,15.95,9.62,8.0,14.11,1.4,8.52
2025-06-18,233.0,236.0,230.5,231.6,-0.69,124174,28896001.5,2025,16.28,15.95,9.62,8.0,14.11,1.4,8.52
2025-06-19,230.1,233.8,230.0,230.14,-0.63,148454,34237341.2,2025,16.28,15.95,9.62,8.0,14.11,1.4,8.52
2025-06-22,231.0,232.0,227.5,228.3,-0.8,110145,25230831.0,2025,16.28,15.95,9.62,8.0,14.11,1.4,8.52
2025-06-23,232.8,232.8,227.9,228.19,-0.05,80545,18435992.7,2025,16.28,15.95,9.62,8.0,14.11,1.4,8.52
2025-06-24,230.0,233.9,229.6,230.31,0.93,121045,27930165.3,2025,16.28,15.95,9.62,8.0,14.11,1.4,8.52
2025-06-25,231.9,233.0,229.0,230.09,-0.1,49918,11483768.9,2025,16.28,15.95,9.62,8.0,14.11,1.4,8.52
2025-06-26,228.1,231.0,228.1,229.07,-0.44,88481,20304916.0,2025,16.28,15.95,9.62,8.0,14.11,1.4,8.52
2025-06-29,229.3,241.0,227.5,237.37,3.62,318193,74256279.3,2025,16.28,15.95,9.62,8.0,14.11,1.4,8.52
2025-06-30,237.37,242.7,235.2,240.67,1.39,255858,61200980.3,2025,16.28,15.95,9.62,8.0,14.11,1.4,8.52
2025-07-01,245.4,245.4,237.2,243.08,1.0,228491,54990745.9,2025,16.28,15.95,9.62,8.0,14.11,1.4,8.52
2025-07-02,247.9,247.9,239.0,243.58,0.21,192024,46396063.7,2025,16.28,15.95,9.62,8.0,14.11,1.4,8.52
2025-07-03,248.4,248.4,237.3,240.63,-1.21,214944,51706479.2,2025,16.28,15.95,9.62,8.0,14.11,1.4,8.52
2025-07-06,245.4,246.4,238.0,242.75,0.88,337466,81853729.4,2025,16.28,15.95,9.62,8.0,14.11,1.4,8.52
2025-07-07,242.75,244.0,236.7,238.38,-1.8,273101,65568689.4,2025,16.28,15.95,9.62,8.0,14.11,1.4,8.52
2025-07-08,239.0,241.0,236.3,237.78,-0.25,95182,22713895.3,2025,16.28,15.95,9.62,8.0,14.11,1.4,8.52
2025-07-09,236.1,244.5,236.1,243.13,2.25,249112,60062507.2,2025,16.28,15.95,9.62,8.0,14.11,1.4,8.52
2025-07-10,245.0,252.5,240.3,251.65,3.5,770677,192246741.1,2025,16.28,15.95,9.62,8.0,14.11,1.4,8.52
2025-07-13,256.6,266.0,254.9,259.19,3.0,860163,222429256.5,2025,16.28,15.95,9.62,8.0,14.11,1.4,8.52
2025-07-14,260.0,260.0,252.1,252.85,-2.45,594093,151138401.1,2025,16.28,15.95,9.62,8.0,14.11,1.4,8.52
2025-07-15,250.0,259.0,250.0,257.19,1.72,471573,120546952.6,2025,16.28,15.95,9.62,8.0,14.11,1.4,8.52
2025-07-16,262.0,267.5,257.4,259.57,0.93,771421,200722796.9,2025,16.28,15.95,9.62,8.0,14.11,1.4,8.52
2025-07-17,262.0,278.9,260.0,264.56,1.92,556423,148028626.0,2025,16.28,15.95,9.62,8.0,14.11,1.4,8.52
2025-07-20,264.0,270.0,256.0,257.9,-2.52,767141,201902613.8,2025,16.28,15.95,9.62,8.0,14.11,1.4,8.52
2025-07-21,258.0,263.0,255.3,259.94,0.79,290575,75506681.8,2025,16.28,15.95,9.62,8.0,14.11,1.4,8.52
2025-07-22,260.0,265.0,259.0,264.3,1.68,624169,163476137.6,2025,16.28,15.95,9.62,8.0,14.11,1.4,8.52
2025-07-23,265.0,266.0,260.1,262.08,-0.84,332561,87183059.8,2025,16.28,15.95,9.62,8.0,14.11,1.4,8.52
2025-07-24,263.0,264.0,259.0,261.43,-0.25,231522,60378521.8,2025,16.28,15.95,9.62,8.0,14.11,1.4,8.52
2025-07-27,260.0,267.7,260.0,263.14,0.65,871338,230528004.6,2025,16.28,15.95,9.62,8.0,14.11,1.4,8.52
2025-07-28,263.14,269.2,258.1,268.4,2.0,670655,176715936.2,2025,16.28,15.95,9.62,8.0,14.11,1.4,8.52
2025-07-29,270.0,272.8,267.0,270.86,0.92,784478,211923614.8,2025,16.28,15.95,9.62,8.0,14.11,1.4,8.52
2025-07-30,276.0,276.0,266.0,266.87,-1.47,549076,147353056.7,2025,16.28,15.95,9.62,8.0,14.11,1.4,8.52
2025-07-31,270.0,270.0,260.1,261.61,-1.97,366846,96289966.6,2025,16.28,15.95,9.62,8.0,14.11,1.4,8.52
2025-08-03,259.0,261.0,253.0,254.47,-2.73,366831,94064046.4,2025,16.28,15.95,9.62,8.0,14.11,1.4,8.52
2025-08-04,254.0,260.0,253.0,259.37,1.93,349922,89488689.5,2025,16.28,15.95,9.62,8.0,14.11,1.4,8.52
2025-08-05,257.3,262.0,255.0,255.44,-1.52,349200,90172836.0,2025,16.28,15.95,9.62,8.0,14.11,1.4,8.52
2025-08-06,260.5,260.5,252.0,254.26,-0.46,209056,53332837.1,2025,16.28,15.95,9.62,8.0,14.11,1.4,8.52
2025-08-07,253.0,257.8,253.0,255.42,0.46,182111,46581572.3,2025,16.28,15.95,9.62,8.0,14.11,1.4,8.52
2025-08-11,250.4,261.0,250.4,255.68,0.1,260511,67119287.5,2025,16.28,15.95,9.62,8.0,14.11,1.4,8.52
2025-08-12,260.7,260.7,252.0,254.28,-0.55,155475,39596776.7,2025,16.28,15.95,9.62,8.0,14.11,1.4,8.52
2025-08-13,258.1,259.0,251.0,251.53,-1.08,536750,136471137.2,2025,16.28,15.95,9.62,8.0,14.11,1.4,8.52
2025-08-14,252.0,253.0,249.4,250.95,-0.23,256552,64300317.1,2025,16.28,15.95,9.62,8.0,14.11,1.4,8.52
2025-08-17,255.9,255.9,249.2,249.41,-0.61,154359,38662900.6,2025,16.28,15.95,9.62,8.0,14.11,1.4,8.52
2025-08-18,249.0,251.8,248.0,250.66,0.5,159474,39813905.8,2025,16.28,15.95,9.62,8.0,14.11,1.4,8.52
2025-08-19,251.1,252.9,249.0,252.04,0.55,110650,27822748.8,2025,16.28,15.95,9.62,8.0,14.11,1.4,8.52
2025-08-20,250.6,253.2,250.0,250.66,-0.55,97873,24659904.4,2025,16.28,15.95,9.62,8.0,14.11,1.4,8.52
2025-08-21,252.0,253.0,248.0,252.01,0.54,135321,34016936.1,2025,16.28,15.95,9.62,8.0,14.11,1.4,8.52
2025-08-24,252.0,252.0,249.5,250.2,-0.72,105294,26386814.7,2025,16.28,15.95,9.62,8.0,14.11,1.4,8.52
2025-08-25,253.0,253.0,248.1,251.52,0.53,112131,28026637.9,2025,16.28,15.95,9.62,8.0,14.11,1.4,8.52
2025-08-26,251.0,253.0,249.0,250.64,-0.35,96856,24236642.9,2025,16.28,15.95,9.62,8.0,14.11,1.4,8.52
2025-08-27,255.6,256.0,250.0,255.29,1.86,281403,71155089.1,2025,16.28,15.95,9.62,8.0,14.11,1.4,8.52
2025-08-28,253.0,254.5,250.2,251.62,-1.44,147140,37063219.3,2025,16.28,15.95,9.62,8.0,14.11,1.4,8.52
2025-08-31,250.0,253.9,248.2,249.06,-1.02,126213,31523996.7,2025,16.28,15.95,9.62,8.0,14.11,1.4,8.52
2025-09-01,254.0,254.0,248.0,251.35,0.92,181532,45339335.0,2025,16.28,15.95,9.62,8.0,14.11,1.4,8.52
2025-09-02,256.3,256.3,250.0,251.15,-0.08,100272,25185695.9,2025,16.28,15.95,9.62,8.0,14.11,1.4,8.52
2025-09-03,253.0,253.0,249.0,249.89,-0.5,82725,20672550.7,2025,16.28,15.95,9.62,8.0,14.11,1.4,8.52
2025-09-04,251.3,251.3,246.3,249.71,-0.07,127112,31595648.7,2025,16.28,15.95,9.62,8.0,14.11,1.4,8.52
2025-09-07,252.0,252.0,247.1,247.56,-0.86,66784,16549371.5,2025,16.28,15.95,9.62,8.0,14.11,1.4,8.52
2025-09-08,250.0,250.0,243.0,244.98,-1.04,130659,32093212.2,2025,16.28,15.95,9.62,8.0,14.11,1.4,8.52
2025-09-18,240.1,240.1,223.0,229.0,-6.52,27308,6199178.8,2025,16.28,15.95,9.62,8.0,14.11,1.4,8.52
2025-09-21,225.0,245.0,225.0,243.33,6.26,233979,55642206.8,2025,16.28,15.95,9.62,8.0,14.11,1.4,8.52
2025-09-23,248.1,248.7,243.0,247.9,1.88,100523,24817219.3,2025,16.28,15.95,9.62,8.0,14.11,1.4,8.52
2025-09-24,248.0,249.7,245.0,247.0,-0.36,75438,18608047.1,2025,16.28,15.95,9.62,8.0,14.11,1.4,8.52
2025-09-25,245.0,249.1,243.0,247.0,0.0,52765,13015124.2,2025,16.28,15.95,9.62,8.0,14.11,1.4,8.52
2025-09-28,250.3,252.0,247.0,249.0,0.81,93704,23375581.2,2025,16.28,15.95,9.62,8.0,14.11,1.4,8.52
2025-10-07,247.3,247.8,240.0,244.9,-1.65,105750,25698501.5,2025,16.28,15.95,9.62,8.0,14.11,1.4,8.52
2025-10-08,249.7,249.7,237.6,241.0,-1.59,119238,28543639.2,2025,16.28,15.95,9.62,8.0,14.11,1.4,8.52
2025-10-09,245.2,250.1,240.7,242.9,0.79,98016,23907237.5,2025,16.28,15.95,9.62,8.0,14.11,1.4,8.52
2025-10-12,239.0,240.0,234.0,238.9,-1.65,239768,56546546.9,2025,16.28,15.95,9.62,8.0,14.11,1.4,8.52
2025-10-13,238.4,240.0,233.1,239.9,0.42,161743,38342917.1,2025,16.28,15.95,9.62,8.0,14.11,1.4,8.52
2025-10-14,241.9,241.9,234.0,234.0,-2.46,236028,55817607.0,2025,16.28,15.95,9.62,8.0,14.11,1.4,8.52
2025-10-15,235.0,237.7,230.3,234.0,0.0,268856,62632716.8,2025,16.28,15.95,9.62,8.0,14.11,1.4,8.52
2025-10-16,236.0,237.5,232.5,236.0,0.85,212927,49929473.3,2025,16.28,15.95,9.62,8.0,14.11,1.4,8.52
2025-10-19,236.0,244.4,231.4,240.0,1.69,285064,68407224.9,2025,16.28,15.95,9.62,8.0,14.11,1.4,8.52
2025-10-26,243.8,243.8,236.0,239.4,-0.25,142461,34073795.0,2025,16.28,15.95,9.62,8.0,14.11,1.4,8.52
2025-10-28,243.6,245.5,240.0,243.8,1.84,112791,27462194.9,2025,16.28,15.95,9.62,8.0,14.11,1.4,8.52
2025-10-29,244.9,247.0,242.1,245.5,0.7,200228,49051250.1,2025,16.28,15.95,9.62,8.0,14.11,1.4,8.52
2025-10-30,246.0,247.6,243.3,246.9,0.57,294319,72532576.3,2025,16.28,15.95,9.62,8.0,14.11,1.4,8.52
2025-11-02,242.0,243.0,234.0,238.0,-3.6,236192,56132059.4,2025,16.28,15.95,9.62,8.0,14.11,1.4,8.52
2025-11-03,236.0,237.9,233.1,233.4,-1.93,106551,24949589.2,2025,16.28,15.95,9.62,8.0,14.11,1.4,8.52
2025-11-04,232.0,235.0,230.0,230.2,-1.37,108580,25188259.0,2025,16.28,15.95,9.62,8.0,14.11,1.4,8.52
2025-11-05,229.3,249.0,226.0,235.0,2.09,383151,87465269.1,2025,16.28,15.95,9.62,8.0,14.11,1.4,8.52
2025-11-06,232.0,235.0,230.0,230.0,-2.13,77053,17818506.8,2025,16.28,15.95,9.62,8.0,14.11,1.4,8.52
2025-11-09,231.5,233.0,228.4,229.0,-0.43,194076,44695138.9,2025,16.28,15.95,9.62,8.0,14.11,1.4,8.52
2025-11-10,229.0,232.0,226.1,226.9,-0.92,102425,23359931.9,2025,16.28,15.95,9.62,8.0,14.11,1.4,8.52
2025-11-11,229.0,231.9,226.6,227.0,0.04,164406,37438423.2,2025,16.28,15.95,9.62,8.0,14.11,1.4,8.52
2025-11-12,227.0,228.9,223.5,225.5,-0.66,136513,30926985.9,2025,16.28,15.95,9.62,8.0,14.11,1.4,8.52
2025-11-13,226.0,228.3,225.1,226.1,0.27,88086,19999561.1,2025,16.28,15.95,9.62,8.0,14.11,1.4,8.52
2025-11-16,227.0,228.4,224.0,226.0,-0.04,102360,23174024.5,2025,16.28,15.95,9.62,8.0,14.11,1.4,8.52
2025-11-17,225.1,227.7,224.4,224.5,-0.66,92697,20863717.8,2025,16.28,15.95,9.62,8.0,14.11,1.4,8.52
2025-11-18,224.1,227.0,224.1,224.5,0.0,52253,11778335.9,2025,16.28,15.95,9.62,8.0,14.11,1.4,8.52
2025-11-19,226.9,226.9,223.0,223.9,-0.27,56872,12742741.6,2025,16.28,15.95,9.62,8.0,14.11,1.4,8.52
2025-11-20,223.9,224.8,218.9,221.9,-0.89,277777,61325025.8,2025,16.28,15.95,9.62,8.0,14.11,1.4,8.52
2025-11-23,222.0,224.0,221.0,223.5,0.72,105301,23421359.0,2025,16.28,15.95,9.62,8.0,14.11,1.4,8.52
2025-11-24,224.0,228.0,224.0,227.9,1.97,102265,23156475.8,2025,16.28,15.95,9.62,8.0,14.11,1.4,8.52
2025-11-25,227.1,229.0,225.0,228.8,0.39,101726,23138737.9,2025,16.28,15.95,9.62,8.0,14.11,1.4,8.52
2025-11-26,228.0,231.8,226.7,229.7,0.39,79063,18108264.4,2025,16.28,15.95,9.62,8.0,14.11,1.4,8.52
2025-11-27,230.9,232.0,228.0,230.7,0.44,91962,21207493.3,2025,16.28,15.95,9.62,8.0,14.11,1.4,8.52
2025-11-30,230.0,234.8,229.9,230.0,-0.3,97589,22587779.9,2025,16.28,15.95,9.62,8.0,14.11,1.4,8.52
2025-12-01,230.0,230.0,226.9,227.0,-1.3,52719,12014154.6,2025,16.28,15.95,9.62,8.0,14.11,1.4,8.52
2025-12-02,227.0,229.0,226.2,227.5,0.22,60803,13787911.3,2025,16.28,15.95,9.62,8.0,14.11,1.4,8.52
2025-12-03,228.5,228.5,224.1,225.0,-1.1,91971,20700677.2,2025,16.28,15.95,9.62,8.0,14.11,1.4,8.52
2025-12-07,221.0,226.0,221.0,226.0,0.44,89809,20069044.2,2025,16.28,15.95,9.62,8.0,14.11,1.4,8.52
2025-12-08,229.8,229.8,223.1,224.5,-0.66,49425,11093041.1,2025,16.28,15.95,9.62,8.0,14.11,1.4,8.52
2025-12-09,227.0,227.0,223.0,223.9,-0.27,64370,14458423.7,2025,16.28,15.95,9.62,8.0,14.11,1.4,8.52
2025-12-10,223.1,225.0,223.1,223.6,-0.13,63538,14229048.3,2025,16.28,15.95,9.62,8.0,14.11,1.4,8.52
2025-12-11,226.0,226.0,222.6,223.5,-0.04,66611,14884476.8,2025,16.28,15.95,9.62,8.0,14.11,1.4,8.52
2025-12-14,223.5,225.0,222.6,224.0,0.22,73492,16474714.8,2025,16.28,15.95,9.62,8.0,14.11,1.4,8.52
2025-12-15,223.0,226.9,222.9,226.7,1.21,89120,20054970.2,2025,16.28,15.95,9.62,8.0,14.11,1.4,8.52
2025-12-16,227.0,227.9,224.5,226.2,-0.22,64941,14707251.3,2025,16.28,15.95,9.62,8.0,14.11,1.4,8.52
2025-12-17,228.9,228.9,225.7,227.0,0.35,72596,16468926.4,2025,16.28,15.95,9.62,8.0,14.11,1.4,8.52
2025-12-18,225.7,227.6,225.7,226.0,-0.44,63026,14274978.0,2025,16.28,15.95,9.62,8.0,14.11,1.4,8.52
2025-12-21,226.0,228.0,225.0,225.9,-0.04,65870,14877645.3,2025,16.28,15.95,9.62,8.0,14.11,1.4,8.52
2025-12-22,225.0,226.5,224.1,224.5,-0.62,52274,11764211.3,2025,16.28,15.95,9.62,8.0,14.11,1.4,8.52
2025-12-23,224.5,226.0,223.0,224.0,-0.22,68164,15267340.9,2025,16.28,15.95,9.62,8.0,14.11,1.4,8.52
2025-12-24,224.0,228.0,222.7,228.0,1.79,89036,19933609.6,2025,16.28,15.95,9.62,8.0,14.11,1.4,8.52
2025-12-28,229.0,230.0,224.5,229.8,0.79,171040,38941024.3,2025,16.28,15.95,9.62,8.0,14.11,1.4,8.52
2025-12-29,233.2,233.2,227.5,229.9,0.04,100390,23041758.6,2025,16.28,15.95,9.62,8.0,14.11,1.4,8.52
2025-12-31,230.0,232.0,228.0,228.0,-0.83,67132,15431230.9,2025,16.28,15.95,9.62,8.0,14.11,1.4,8.52
2026-01-01,231.0,231.0,226.8,227.0,-0.44,40289,9197167.2,2026,,,,,,,
2026-01-04,229.9,229.9,226.1,226.1,-0.4,53394,12116344.1,2026,,,,,,,
2026-01-05,226.1,230.0,224.9,230.0,1.72,141991,32084463.8,2026,,,,,,,
2026-01-06,230.0,231.0,228.0,228.5,-0.65,55124,12679169.4,2026,,,,,,,
2026-01-07,230.0,230.0,226.6,228.0,-0.22,55204,12571199.0,2026,,,,,,,
2026-01-08,226.3,230.0,225.5,228.0,0.0,60878,13813139.5,2026,,,,,,,
2026-01-12,232.5,232.5,225.0,228.0,0.0,125875,28544612.8,2026,,,,,,,
2026-01-13,225.3,229.8,225.3,226.9,-0.48,52290,11849172.6,2026,,,,,,,
2026-01-14,226.1,228.0,225.0,226.0,-0.4,81854,18501568.9,2026,,,,,,,
2026-01-18,225.0,228.5,225.0,228.2,0.97,111936,25460818.6,2026,,,,,,,
2026-01-20,232.7,234.1,228.0,230.0,0.79,389051,89620290.2,2026,,,,,,,
2026-01-21,228.0,234.9,227.0,228.9,-0.48,207746,47512746.5,2026,,,,,,,
2026-01-22,228.5,229.7,227.1,228.0,-0.39,69966,15952999.6,2026,,,,,,,
2026-01-25,229.0,233.5,229.0,233.0,2.19,245949,56811271.0,2026,,,,,,,
2026-01-26,233.0,238.0,231.3,232.9,-0.04,192953,45143155.5,2026,,,,,,,
2026-01-27,234.9,234.9,229.6,229.6,-1.42,130359,30182879.6,2026,,,,,,,
2026-01-28,229.0,229.8,225.0,228.5,-0.48,156966,35716117.2,2026,,,,,,,
2026-01-29,229.9,231.0,225.8,226.6,-0.83,151135,34474808.5,2026,,,,,,,
2026-02-01,228.9,228.9,226.1,227.9,0.57,111683,25397468.9,2026,,,,,,,
2026-02-02,223.4,229.0,223.4,227.8,-0.04,53749,12227713.2,2026,,,,,,,
2026-02-03,226.1,228.0,224.0,226.1,-0.75,59078,13412742.5,2026,,,,,,,
2026-02-04,221.6,228.9,221.6,225.8,-0.13,109146,24719893.9,2026,,,,,,,
2026-02-05,227.5,227.5,225.0,225.4,-0.18,99731,22507703.2,2026,,,,,,,
2026-02-08,226.1,228.1,225.4,225.7,0.13,92958,21063294.9,2026,,,,,,,
2026-02-09,227.0,227.0,223.8,224.6,-0.49,92658,20855176.9,2026,,,,,,,
2026-02-10,223.8,225.0,223.2,224.5,-0.04,78846,17673458.9,2026,,,,,,,
2026-02-11,228.9,229.4,224.1,226.0,0.67,95890,21654764.9,2026,,,,,,,
2026-02-12,226.0,226.2,224.5,224.9,-0.49,92347,20794009.6,2026,,,,,,,
2026-02-16,229.0,229.0,224.0,224.2,-0.31,42658,9578422.4,2026,,,,,,,
2026-02-17,224.0,225.0,223.1,223.2,-0.45,71273,15938645.3,2026,,,,,,,
2026-02-22,223.2,225.0,220.6,221.3,-0.85,132847,29519287.4,2026,,,,,,,
2026-02-23,224.0,224.0,220.5,221.1,-0.09,115620,25581988.1,2026,,,,,,,
2026-02-24,225.0,225.0,221.1,224.0,1.31,67421,15063529.2,2026,,,,,,,
2026-02-25,224.0,225.0,222.0,224.9,0.4,44087,9868105.3,2026,,,,,,,
2026-02-26,229.3,229.3,225.0,226.7,0.8,75123,16962104.4,2026,,,,,,,
2026-03-01,231.2,231.2,224.5,228.0,0.57,115599,26259520.0,2026,,,,,,,
2026-03-03,232.5,232.5,221.5,231.0,1.32,118156,27244851.3,2026,,,,,,,
2026-03-09,235.6,245.1,235.6,250.0,8.23,2979,711000.0,2026,,,,,,,
2026-03-10,254.0,255.0,240.1,246.0,-1.76,462000,113400000.0,2026,,,,,,,
2026-03-11,250.0,250.0,239.5,240.0,-2.4,125000,30300000.0,2026,,,,,,,
2026-03-12,244.0,248.0,236.0,244.0,1.92,274000,66700000.0,2026,,,,,,,
