date,open,high,low,close,price_change_pct,volume,turnover,year,eps,pe-ratio,roe,dividend
2022-01-02,585.0,593.0,580.0,589.0,0.63,35465.0,20836762.7,2022,12.91,31.5,9.45,10.0
2022-01-03,599.0,607.9,587.1,595.0,1.02,65710.0,39435972.3,2022,12.91,31.5,9.45,10.0
2022-01-04,595.1,609.0,585.0,607.0,2.02,61815.0,37200691.4,2022,12.91,31.5,9.45,10.0
2022-01-05,619.0,629.0,601.0,605.2,-0.3,86845.0,53436314.7,2022,12.91,31.5,9.45,10.0
2022-01-06,597.1,617.0,595.0,614.0,1.45,45566.0,27864070.9,2022,12.91,31.5,9.45,10.0
2022-01-09,623.0,674.0,620.0,671.0,9.28,138748.0,89993203.3,2022,12.91,31.5,9.45,10.0
2022-01-10,684.4,700.0,670.0,690.0,2.83,105159.0,72265593.7,2022,12.91,31.5,9.45,10.0
2022-01-11,690.0,745.0,676.2,723.0,4.78,94467.0,67759373.2,2022,12.91,31.5,9.45,10.0
2022-01-12,725.0,759.9,711.0,714.0,-1.24,157172.0,115494796.5,2022,12.91,31.5,9.45,10.0
2022-01-13,700.1,775.0,700.1,775.0,8.54,123926.0,90762483.1,2022,12.91,31.5,9.45,10.0
2022-01-16,780.0,800.0,777.0,794.0,2.45,131599.0,104149349.3,2022,12.91,31.5,9.45,10.0
2022-01-17,794.0,798.0,775.0,781.0,-1.64,72049.0,56366160.1,2022,12.91,31.5,9.45,10.0
2022-01-18,769.0,785.0,740.0,754.0,-3.46,117714.0,89367271.2,2022,12.91,31.5,9.45,10.0
2022-01-19,754.0,767.8,732.1,737.0,-2.25,85558.0,63495616.7,2022,12.91,31.5,9.45,10.0
2022-01-20,740.0,774.0,723.0,773.0,4.88,80682.0,60630422.1,2022,12.91,31.5,9.45,10.0
2022-01-23,773.0,785.0,744.0,745.1,-3.61,61634.0,46671120.6,2022,12.91,31.5,9.45,10.0
2022-01-24,730.2,742.0,697.0,705.0,-5.38,157192.0,112757090.1,2022,12.91,31.5,9.45,10.0
2022-01-25,705.0,736.0,678.0,705.0,0.0,82597.0,58465038.3,2022,12.91,31.5,9.45,10.0
2022-01-26,705.0,719.0,681.1,693.0,-1.7,56224.0,39078309.6,2022,12.91,31.5,9.45,10.0
2022-01-27,704.0,715.0,690.0,690.0,-0.43,43322.0,30246260.5,2022,12.91,31.5,9.45,10.0
2022-01-30,703.8,734.0,703.8,732.0,6.09,118879.0,86219560.1,2022,12.91,31.5,9.45,10.0
2022-01-31,740.0,744.9,716.0,718.0,-1.91,45853.0,33179443.1,2022,12.91,31.5,9.45,10.0
2022-02-01,717.5,740.0,705.0,734.9,2.35,78230.0,56870385.6,2022,12.91,31.5,9.45,10.0
2022-02-03,743.0,760.0,730.0,732.0,-0.39,135297.0,100834588.2,2022,12.91,31.5,9.45,10.0
2022-02-06,725.0,732.0,712.0,713.0,-2.6,63071.0,45307060.3,2022,12.91,31.5,9.45,10.0
2022-02-07,705.0,721.0,705.0,712.0,-0.14,41628.0,29691152.2,2022,12.91,31.5,9.45,10.0
2022-02-08,726.2,754.8,705.0,710.0,-0.28,113731.0,81791608.2,2022,12.91,31.5,9.45,10.0
2022-02-09,710.0,714.0,695.8,698.0,-1.69,28915.0,20246463.8,2022,12.91,31.5,9.45,10.0
2022-02-10,705.0,720.0,690.0,712.0,2.01,78979.0,55500974.5,2022,12.91,31.5,9.45,10.0
2022-02-13,698.0,698.0,665.0,672.0,-5.62,108062.0,73018965.3,2022,12.91,31.5,9.45,10.0
2022-02-14,672.0,697.0,666.5,679.0,1.04,43805.0,29678988.0,2022,12.91,31.5,9.45,10.0
2022-02-15,690.0,703.0,675.2,703.0,3.53,29067.0,20027550.0,2022,12.91,31.5,9.45,10.0
2022-02-16,700.0,705.0,677.0,688.0,-2.13,73217.0,50140137.9,2022,12.91,31.5,9.45,10.0
2022-02-17,688.0,698.0,676.0,681.0,-1.02,43478.0,29911227.5,2022,12.91,31.5,9.45,10.0
2022-02-20,667.4,680.0,651.0,670.0,-1.62,65281.0,43550450.2,2022,12.91,31.5,9.45,10.0
2022-02-21,670.0,685.0,660.0,682.0,1.79,73053.0,49243217.0,2022,12.91,31.5,9.45,10.0
2022-02-22,695.0,719.0,680.0,715.0,4.84,146213.0,102933744.4,2022,12.91,31.5,9.45,10.0
2022-02-23,729.0,730.0,706.0,720.0,0.7,82445.0,59212879.2,2022,12.91,31.5,9.45,10.0
2022-02-24,706.0,706.0,681.1,685.0,-4.86,147526.0,101860280.6,2022,12.91,31.5,9.45,10.0
2022-02-27,684.0,699.0,675.0,689.9,0.72,119050.0,82225946.6,2022,12.91,31.5,9.45,10.0
2022-02-28,699.9,699.9,670.0,678.0,-1.72,71566.0,48952029.2,2022,12.91,31.5,9.45,10.0
2022-03-02,667.0,679.0,652.7,656.0,-3.24,54412.0,35896122.1,2022,12.91,31.5,9.45,10.0
2022-03-06,658.0,668.0,638.0,642.0,-2.13,38426.0,24888770.6,2022,12.91,31.5,9.45,10.0
2022-03-07,652.0,652.0,625.0,625.0,-2.65,32589.0,20650942.5,2022,12.91,31.5,9.45,10.0
2022-03-09,630.0,649.7,590.1,649.7,3.95,98397.0,59549502.4,2022,12.91,31.5,9.45,10.0
2022-03-10,636.8,669.9,614.7,669.9,3.11,62388.0,40168920.0,2022,12.91,31.5,9.45,10.0
2022-03-13,680.0,680.0,669.0,669.5,-0.06,317775.0,213113872.2,2022,12.91,31.5,9.45,10.0
2022-03-14,669.5,678.0,657.0,666.2,-0.49,27410.0,18367512.5,2022,12.91,31.5,9.45,10.0
2022-03-15,667.0,673.0,649.8,656.0,-1.53,45407.0,29810880.3,2022,12.91,31.5,9.45,10.0
2022-03-16,656.0,663.0,640.0,650.0,-0.91,43842.0,28225192.2,2022,12.91,31.5,9.45,10.0
2022-03-20,637.0,660.0,637.0,641.0,-1.38,25751.0,16610458.8,2022,12.91,31.5,9.45,10.0
2022-03-21,653.0,660.0,640.0,652.0,1.72,41920.0,27184373.4,2022,12.91,31.5,9.45,10.0
2022-03-22,665.0,665.0,654.0,659.8,1.2,23761.0,15653904.0,2022,12.91,31.5,9.45,10.0
2022-03-23,650.1,657.5,640.0,647.0,-1.94,46402.0,29975348.5,2022,12.91,31.5,9.45,10.0
2022-03-24,655.0,657.0,636.0,644.9,-0.32,34926.0,22417013.9,2022,12.91,31.5,9.45,10.0
2022-03-27,640.0,657.7,613.7,657.7,1.98,82467.0,51615194.8,2022,12.91,31.5,9.45,10.0
2022-03-28,644.6,644.6,625.1,626.0,-4.82,24984.0,15771041.6,2022,12.91,31.5,9.45,10.0
2022-03-29,638.0,638.0,608.0,613.9,-1.93,30334.0,18673857.7,2022,12.91,31.5,9.45,10.0
2022-03-30,624.9,630.0,607.0,628.0,2.3,31471.0,19531570.8,2022,12.91,31.5,9.45,10.0
2022-03-31,630.0,636.1,607.0,609.0,-3.03,26266.0,16106877.0,2022,12.91,31.5,9.45,10.0
2022-04-03,609.0,612.2,595.0,596.0,-2.13,32003.0,19172319.4,2022,12.91,31.5,9.45,10.0
2022-04-04,604.0,605.0,583.0,583.0,-2.18,22189.0,13063546.5,2022,12.91,31.5,9.45,10.0
2022-04-05,583.0,585.0,553.0,558.0,-4.29,49757.0,28060132.7,2022,12.91,31.5,9.45,10.0
2022-04-06,556.0,569.0,540.0,541.0,-3.05,41182.0,22699153.3,2022,12.91,31.5,9.45,10.0
2022-04-07,541.0,560.0,540.0,546.9,1.09,39687.0,21849415.4,2022,12.91,31.5,9.45,10.0
2022-04-11,557.0,568.0,530.4,532.0,-2.72,33717.0,18570125.8,2022,12.91,31.5,9.45,10.0
2022-04-12,540.0,540.0,515.0,518.0,-2.63,25020.0,13033494.1,2022,12.91,31.5,9.45,10.0
2022-04-13,512.0,532.0,512.0,527.0,1.74,33626.0,17648952.5,2022,12.91,31.5,9.45,10.0
2022-04-17,536.0,536.0,510.0,510.0,-3.23,19821.0,10270443.5,2022,12.91,31.5,9.45,10.0
2022-04-18,505.0,508.9,495.0,495.0,-2.94,32287.0,16099874.8,2022,12.91,31.5,9.45,10.0
2022-04-19,490.0,512.0,485.0,505.0,2.02,23470.0,11719051.1,2022,12.91,31.5,9.45,10.0
2022-04-20,495.2,515.0,486.0,488.0,-3.37,20079.0,9925223.8,2022,12.91,31.5,9.45,10.0
2022-04-21,488.0,495.0,462.2,487.0,-0.2,34570.0,16449411.3,2022,12.91,31.5,9.45,10.0
2022-04-24,495.0,535.4,488.0,525.0,7.8,26004.0,13334500.6,2022,12.91,31.5,9.45,10.0
2022-04-25,535.5,540.0,507.0,509.0,-3.05,32653.0,17033703.6,2022,12.91,31.5,9.45,10.0
2022-04-26,509.0,520.0,498.0,506.1,-0.57,21224.0,10732407.3,2022,12.91,31.5,9.45,10.0
2022-04-27,500.0,513.0,496.0,506.0,-0.02,16370.0,8263972.2,2022,12.91,31.5,9.45,10.0
2022-04-28,507.0,510.1,493.0,498.0,-1.58,19205.0,9635173.2,2022,12.91,31.5,9.45,10.0
2022-05-02,500.0,507.9,472.0,476.0,-4.42,19741.0,9513885.2,2022,12.91,31.5,9.45,10.0
2022-05-04,476.0,485.0,465.0,466.0,-2.1,19723.0,9304214.5,2022,12.91,31.5,9.45,10.0
2022-05-05,460.0,475.0,446.0,452.0,-3.0,29662.0,13538345.4,2022,12.91,31.5,9.45,10.0
2022-05-08,452.0,466.0,440.0,464.0,2.65,21920.0,9807471.1,2022,12.91,31.5,9.45,10.0
2022-05-09,471.9,477.0,456.0,459.9,-0.88,22227.0,10374569.0,2022,12.91,31.5,9.45,10.0
2022-05-10,462.0,474.3,458.2,465.0,1.11,20556.0,9571234.7,2022,12.91,31.5,9.45,10.0
2022-05-11,472.5,490.0,468.0,489.0,5.16,32120.0,15528452.0,2022,12.91,31.5,9.45,10.0
2022-05-12,498.7,513.0,490.0,495.0,1.23,56544.0,28351149.8,2022,12.91,31.5,9.45,10.0
2022-05-17,495.0,495.0,470.0,470.0,-5.05,22162.0,10573534.7,2022,12.91,31.5,9.45,10.0
2022-05-18,466.0,484.5,452.0,475.1,1.09,19205.0,9019446.3,2022,12.91,31.5,9.45,10.0
2022-05-19,475.0,484.5,455.0,462.0,-2.76,24485.0,11407946.9,2022,12.91,31.5,9.45,10.0
2022-05-20,471.0,471.1,452.0,453.0,-1.95,13521.0,6201519.2,2022,12.91,31.5,9.45,10.0
2022-05-23,450.0,455.0,445.0,445.0,-1.77,19117.0,8572892.1,2022,12.91,31.5,9.45,10.0
2022-05-24,445.0,462.9,440.0,453.0,1.8,19905.0,8998475.9,2022,12.91,31.5,9.45,10.0
2022-05-25,462.0,471.2,454.0,460.0,1.55,16820.0,7751236.7,2022,12.91,31.5,9.45,10.0
2022-05-26,465.0,471.0,452.0,459.9,-0.02,11228.0,5135390.6,2022,12.91,31.5,9.45,10.0
2022-05-27,450.8,465.9,445.1,449.0,-2.37,42163.0,19113116.6,2022,12.91,31.5,9.45,10.0
2022-05-30,450.0,451.0,427.8,433.0,-3.56,32735.0,14284923.3,2022,12.91,31.5,9.45,10.0
2022-05-31,430.0,443.3,426.0,428.0,-1.15,15815.0,6809349.9,2022,12.91,31.5,9.45,10.0
2022-06-01,433.0,437.0,424.0,429.0,0.23,15306.0,6571859.2,2022,12.91,31.5,9.45,10.0
2022-06-02,434.5,437.5,423.0,425.0,-0.93,16837.0,7185394.2,2022,12.91,31.5,9.45,10.0
2022-06-03,425.0,429.0,416.7,423.9,-0.26,15728.0,6608790.5,2022,12.91,31.5,9.45,10.0
2022-06-06,432.0,440.0,424.1,427.0,0.73,16114.0,6920137.6,2022,12.91,31.5,9.45,10.0
2022-06-07,433.0,433.0,420.0,424.7,-0.54,20577.0,8739692.6,2022,12.91,31.5,9.45,10.0
2022-06-08,428.0,467.0,423.0,453.0,6.66,36952.0,16525972.9,2022,12.91,31.5,9.45,10.0
2022-06-09,462.0,464.0,437.1,439.0,-3.09,50223.0,22798608.7,2022,12.91,31.5,9.45,10.0
2022-06-10,432.0,445.0,428.0,432.0,-1.59,35202.0,15312091.8,2022,12.91,31.5,9.45,10.0
2022-06-13,439.0,439.0,422.0,425.0,-1.62,14617.0,6256017.4,2022,12.91,31.5,9.45,10.0
2022-06-14,430.0,430.0,416.6,419.0,-1.41,17836.0,7483374.8,2022,12.91,31.5,9.45,10.0
2022-06-15,419.0,423.0,408.2,415.0,-0.95,16567.0,6840211.7,2022,12.91,31.5,9.45,10.0
2022-06-16,408.0,430.0,408.0,418.0,0.72,10899.0,4582417.3,2022,12.91,31.5,9.45,10.0
2022-06-17,411.1,426.0,411.1,415.0,-0.72,3958.0,1642576.9,2022,12.91,31.5,9.45,10.0
2022-06-19,415.0,415.0,398.6,399.0,-3.86,18942.0,7649323.4,2022,12.91,31.5,9.45,10.0
2022-06-20,396.0,398.1,379.0,381.0,-4.51,29430.0,11343357.7,2022,12.91,31.5,9.45,10.0
2022-06-21,381.0,402.0,381.0,396.5,4.07,22589.0,8909850.5,2022,12.91,31.5,9.45,10.0
2022-06-22,400.0,402.0,386.0,390.0,-1.64,19387.0,7585986.7,2022,12.91,31.5,9.45,10.0
2022-06-23,383.0,389.0,373.0,378.0,-3.08,19923.0,7519977.2,2022,12.91,31.5,9.45,10.0
2022-06-24,378.0,399.8,363.0,388.0,2.65,16526.0,6320376.7,2022,12.91,31.5,9.45,10.0
2022-06-26,395.0,415.1,391.0,413.0,6.44,36003.0,14670828.3,2022,12.91,31.5,9.45,10.0
2022-06-27,415.0,433.5,401.8,406.8,-1.5,39906.0,16571556.9,2022,12.91,31.5,9.45,10.0
2022-06-28,400.0,412.3,394.0,400.0,-1.67,11954.0,4774524.8,2022,12.91,31.5,9.45,10.0
2022-06-29,404.0,419.9,400.0,414.0,3.5,20811.0,8532447.3,2022,12.91,31.5,9.45,10.0
2022-06-30,422.2,447.9,415.0,441.0,6.52,49017.0,21299732.1,2022,12.91,31.5,9.45,10.0
2022-07-01,449.0,455.0,430.0,443.5,0.57,32829.0,14662709.5,2022,12.91,31.5,9.45,10.0
2022-07-03,436.0,471.0,435.0,468.1,5.55,43667.0,19875263.2,2022,12.91,31.5,9.45,10.0
2022-07-04,476.0,500.0,448.0,455.0,-2.8,71351.0,34044893.7,2022,12.91,31.5,9.45,10.0
2022-07-05,456.1,472.0,429.0,437.2,-3.91,66947.0,29982431.2,2022,12.91,31.5,9.45,10.0
2022-07-06,444.0,457.9,422.2,453.0,3.61,56934.0,25094404.9,2022,12.91,31.5,9.45,10.0
2022-07-07,462.0,471.0,445.0,451.0,-0.44,42385.0,19299230.2,2022,12.91,31.5,9.45,10.0
2022-07-08,443.0,450.8,435.0,435.4,-3.46,12793.0,5613306.1,2022,12.91,31.5,9.45,10.0
2022-07-11,426.7,433.5,410.0,413.0,-5.14,36587.0,15280002.8,2022,12.91,31.5,9.45,10.0
2022-07-12,419.9,423.6,404.9,416.0,0.73,26276.0,10883472.2,2022,12.91,31.5,9.45,10.0
2022-07-13,423.9,447.0,417.0,440.0,5.77,32802.0,14244627.6,2022,12.91,31.5,9.45,10.0
2022-07-14,448.8,459.0,439.0,450.0,2.27,39116.0,17555433.5,2022,12.91,31.5,9.45,10.0
2022-07-15,450.0,455.0,444.0,450.0,0.0,21585.0,9707312.0,2022,12.91,31.5,9.45,10.0
2022-07-17,447.0,459.0,446.0,448.0,-0.44,15822.0,7144511.9,2022,12.91,31.5,9.45,10.0
2022-07-18,449.0,457.0,440.3,455.0,1.56,17294.0,7809360.9,2022,12.91,31.5,9.45,10.0
2022-07-19,461.0,487.5,456.0,479.0,5.27,109006.0,51814248.3,2022,12.91,31.5,9.45,10.0
2022-07-20,486.0,505.0,476.1,494.0,3.13,107059.0,53102827.6,2022,12.91,31.5,9.45,10.0
2022-07-21,503.0,504.0,488.0,490.0,-0.81,36217.0,17871126.4,2022,12.91,31.5,9.45,10.0
2022-07-22,494.0,494.0,475.0,483.0,-1.43,52426.0,25296123.9,2022,12.91,31.5,9.45,10.0
2022-07-24,492.0,514.0,484.0,514.0,6.42,88375.0,44114903.2,2022,12.91,31.5,9.45,10.0
2022-07-25,521.0,559.0,512.0,558.9,8.74,131024.0,70125278.3,2022,12.91,31.5,9.45,10.0
2022-07-26,560.0,565.0,534.0,535.0,-4.28,117732.0,64332422.3,2022,12.91,31.5,9.45,10.0
2022-07-27,533.0,558.0,519.0,552.0,3.18,104565.0,56509584.3,2022,12.91,31.5,9.45,10.0
2022-07-28,559.0,585.0,550.0,566.0,2.54,142113.0,80779697.2,2022,12.91,31.5,9.45,10.0
2022-07-29,574.1,576.0,561.0,566.1,0.02,59558.0,33941943.4,2022,12.91,31.5,9.45,10.0
2022-07-31,576.0,576.0,551.0,553.0,-2.31,90251.0,50694539.0,2022,12.91,31.5,9.45,10.0
2022-08-01,553.0,577.0,546.0,558.0,0.9,88757.0,49845706.1,2022,12.91,31.5,9.45,10.0
2022-08-02,567.0,575.0,553.1,562.0,0.72,37437.0,21090440.4,2022,12.91,31.5,9.45,10.0
2022-08-03,570.0,573.0,555.1,558.0,-0.71,93323.0,53021380.2,2022,12.91,31.5,9.45,10.0
2022-08-04,550.1,569.0,540.0,541.0,-3.05,87770.0,48302070.5,2022,12.91,31.5,9.45,10.0
2022-08-05,530.2,550.0,519.0,520.0,-3.88,77183.0,40508753.5,2022,12.91,31.5,9.45,10.0
2022-08-07,514.1,535.0,514.1,528.0,1.54,50518.0,26711836.2,2022,12.91,31.5,9.45,10.0
2022-08-08,528.0,549.0,524.0,539.0,2.08,61805.0,33290768.2,2022,12.91,31.5,9.45,10.0
2022-08-09,548.0,548.0,521.0,526.0,-2.41,78651.0,41851229.9,2022,12.91,31.5,9.45,10.0
2022-08-10,526.0,530.0,516.0,520.0,-1.14,47222.0,24585588.0,2022,12.91,31.5,9.45,10.0
2022-08-11,520.0,527.0,511.2,511.2,-1.69,19140.0,9922354.6,2022,12.91,31.5,9.45,10.0
2022-08-14,504.0,520.0,492.0,495.0,-3.17,38493.0,19373297.9,2022,12.91,31.5,9.45,10.0
2022-08-15,486.0,544.0,486.0,540.0,9.09,69564.0,36054504.1,2022,12.91,31.5,9.45,10.0
2022-08-16,549.0,555.0,520.0,530.0,-1.85,75238.0,40495543.9,2022,12.91,31.5,9.45,10.0
2022-08-17,520.1,540.0,519.6,528.0,-0.38,68943.0,36556337.4,2022,12.91,31.5,9.45,10.0
2022-08-18,521.1,547.5,521.1,541.0,2.46,98719.0,52880938.8,2022,12.91,31.5,9.45,10.0
2022-08-21,541.0,552.0,531.0,534.0,-1.29,30901.0,16719678.1,2022,12.91,31.5,9.45,10.0
2022-08-22,524.0,539.0,520.1,533.0,-0.19,50668.0,26849149.7,2022,12.91,31.5,9.45,10.0
2022-08-23,540.0,540.0,525.1,527.5,-1.03,30388.0,16064096.8,2022,12.91,31.5,9.45,10.0
2022-08-24,538.0,538.0,523.2,525.0,-0.47,26077.0,13798384.7,2022,12.91,31.5,9.45,10.0
2022-08-25,525.0,535.0,515.0,517.9,-1.35,35246.0,18388388.6,2022,12.91,31.5,9.45,10.0
2022-08-26,516.6,526.0,501.0,503.0,-2.88,50004.0,25239774.0,2022,12.91,31.5,9.45,10.0
2022-08-28,493.0,513.0,483.0,483.0,-3.98,78933.0,38675872.2,2022,12.91,31.5,9.45,10.0
2022-08-29,481.0,498.0,476.0,491.0,1.66,31086.0,15139782.5,2022,12.91,31.5,9.45,10.0
2022-08-30,490.0,502.5,485.0,485.0,-1.22,25777.0,12739779.5,2022,12.91,31.5,9.45,10.0
2022-08-31,484.0,495.0,475.5,476.2,-1.81,19092.0,9173156.4,2022,12.91,31.5,9.45,10.0
2022-09-01,471.0,485.0,462.0,484.0,1.64,37702.0,17795030.7,2022,12.91,31.5,9.45,10.0
2022-09-02,476.0,494.0,476.0,486.9,0.6,14505.0,6996291.6,2022,12.91,31.5,9.45,10.0
2022-09-04,478.0,496.0,478.0,487.0,0.02,16325.0,7995349.4,2022,12.91,31.5,9.45,10.0
2022-09-05,478.1,495.0,478.1,479.3,-1.58,21062.0,10171816.1,2022,12.91,31.5,9.45,10.0
2022-09-06,478.0,480.0,467.0,467.0,-2.57,17789.0,8380198.5,2022,12.91,31.5,9.45,10.0
2022-09-07,474.0,474.0,455.0,463.0,-0.86,21004.0,9681436.5,2022,12.91,31.5,9.45,10.0
2022-09-08,465.0,476.3,454.0,465.0,0.43,35136.0,16387200.0,2022,12.91,31.5,9.45,10.0
2022-09-11,460.1,472.0,456.1,457.1,-1.7,16367.0,7566709.2,2022,12.91,31.5,9.45,10.0
2022-09-12,451.1,460.0,451.1,454.0,-0.68,13702.0,6236409.0,2022,12.91,31.5,9.45,10.0
2022-09-13,462.0,469.0,460.0,465.0,2.42,14319.0,6671601.7,2022,12.91,31.5,9.45,10.0
2022-09-14,470.0,497.0,470.0,496.0,6.67,48244.0,23399267.0,2022,12.91,31.5,9.45,10.0
2022-09-15,495.0,499.9,465.7,470.0,-5.24,51061.0,24450331.1,2022,12.91,31.5,9.45,10.0
2022-09-16,461.0,466.0,442.0,462.0,-1.7,27045.0,12350613.4,2022,12.91,31.5,9.45,10.0
2022-09-18,460.0,463.0,445.0,450.0,-2.6,34200.0,15453769.6,2022,12.91,31.5,9.45,10.0
2022-09-20,441.0,446.0,430.4,430.4,-4.36,22812.0,9924060.7,2022,12.91,31.5,9.45,10.0
2022-09-21,439.0,446.0,431.0,435.0,1.07,16011.0,7000109.6,2022,12.91,31.5,9.45,10.0
2022-09-22,434.0,438.6,427.0,428.0,-1.61,12274.0,5289286.9,2022,12.91,31.5,9.45,10.0
2022-09-25,420.0,428.0,411.6,412.0,-3.74,16625.0,6912645.2,2022,12.91,31.5,9.45,10.0
2022-09-27,412.0,428.0,406.0,423.0,2.67,14423.0,6020832.0,2022,12.91,31.5,9.45,10.0
2022-09-28,429.0,430.0,415.0,421.0,-0.47,9494.0,3974512.7,2022,12.91,31.5,9.45,10.0
2022-09-29,428.0,428.7,417.0,420.0,-0.24,9689.0,4083295.2,2022,12.91,31.5,9.45,10.0
2022-10-09,428.0,449.5,422.0,447.0,6.43,19165.0,8418282.5,2022,12.91,31.5,9.45,10.0
2022-10-10,450.1,450.1,431.3,439.0,-1.79,17693.0,7780054.4,2022,12.91,31.5,9.45,10.0
2022-10-11,431.0,441.0,428.0,440.0,0.23,11099.0,4826391.7,2022,12.91,31.5,9.45,10.0
2022-10-12,440.0,459.0,432.0,455.0,3.41,18015.0,8098239.9,2022,12.91,31.5,9.45,10.0
2022-10-13,458.0,462.0,447.1,455.9,0.2,15678.0,7146462.7,2022,12.91,31.5,9.45,10.0
2022-10-16,463.0,463.0,439.0,442.0,-3.05,17613.0,7833842.7,2022,12.91,31.5,9.45,10.0
2022-10-17,450.8,450.8,431.4,438.0,-0.9,12598.0,5508099.7,2022,12.91,31.5,9.45,10.0
2022-10-19,437.0,437.9,422.4,424.2,-3.15,14833.0,6307563.7,2022,12.91,31.5,9.45,10.0
2022-10-20,417.0,428.4,417.0,426.0,0.42,13490.0,5696567.0,2022,12.91,31.5,9.45,10.0
2022-10-23,421.0,433.0,421.0,430.0,0.94,4454.0,1908519.0,2022,12.91,31.5,9.45,10.0
2022-10-31,434.0,434.0,426.2,430.0,0.0,7025.0,3027736.5,2022,12.91,31.5,9.45,10.0
2022-11-01,430.0,450.0,422.1,444.0,3.26,25004.0,10900249.7,2022,12.91,31.5,9.45,10.0
2022-11-02,452.5,457.0,440.2,449.0,1.13,27136.0,12206182.1,2022,12.91,31.5,9.45,10.0
2022-11-03,449.0,455.9,440.0,441.2,-1.74,6646.0,2987212.7,2022,12.91,31.5,9.45,10.0
2022-11-06,442.0,461.0,441.5,461.0,4.49,25998.0,11783141.1,2022,12.91,31.5,9.45,10.0
2022-11-07,465.0,479.4,454.0,458.0,-0.65,30745.0,14409164.3,2022,12.91,31.5,9.45,10.0
2022-11-08,465.0,467.0,451.0,457.0,-0.22,14813.0,6803754.6,2022,12.91,31.5,9.45,10.0
2022-11-09,450.0,464.0,440.0,440.1,-3.7,29072.0,13009522.2,2022,12.91,31.5,9.45,10.0
2022-11-10,448.0,448.0,425.0,426.0,-3.2,25253.0,10874871.9,2022,12.91,31.5,9.45,10.0
2022-11-13,422.0,442.0,421.0,427.0,0.23,13459.0,5789463.8,2022,12.91,31.5,9.45,10.0
2022-11-14,421.0,441.0,421.0,435.0,1.87,11671.0,5075822.8,2022,12.91,31.5,9.45,10.0
2022-11-15,432.0,445.0,431.0,431.0,-0.92,12936.0,5662654.7,2022,12.91,31.5,9.45,10.0
2022-11-16,432.0,442.9,429.0,439.0,1.86,25079.0,10858609.9,2022,12.91,31.5,9.45,10.0
2022-11-17,432.0,455.0,432.0,451.0,2.73,20852.0,9389091.8,2022,12.91,31.5,9.45,10.0
2022-11-22,460.0,468.0,441.0,447.9,-0.69,17662.0,7940058.4,2022,12.91,31.5,9.45,10.0
2022-11-23,440.0,448.9,440.0,448.0,0.02,7852.0,3488570.3,2022,12.91,31.5,9.45,10.0
2022-11-24,446.8,452.5,441.1,448.0,0.0,12437.0,5557635.0,2022,12.91,31.5,9.45,10.0
2022-11-27,442.1,459.0,442.1,457.0,2.01,39588.0,17952401.6,2022,12.91,31.5,9.45,10.0
2022-11-28,460.0,466.1,452.1,452.1,-1.07,21445.0,9832159.3,2022,12.91,31.5,9.45,10.0
2022-11-29,446.8,458.9,446.8,455.0,0.64,8137.0,3694212.7,2022,12.91,31.5,9.45,10.0
2022-11-30,445.9,463.0,445.9,448.1,-1.52,11202.0,5054244.1,2022,12.91,31.5,9.45,10.0
2022-12-01,457.0,457.0,437.0,445.0,-0.69,19860.0,8870460.6,2022,12.91,31.5,9.45,10.0
2022-12-04,442.0,452.0,442.0,443.9,-0.25,10202.0,4555187.9,2022,12.91,31.5,9.45,10.0
2022-12-05,436.8,450.8,431.0,435.0,-2.0,12742.0,5552827.3,2022,12.91,31.5,9.45,10.0
2022-12-06,440.0,440.0,426.3,430.0,-1.15,10511.0,4529291.4,2022,12.91,31.5,9.45,10.0
2022-12-07,435.0,435.0,424.0,424.0,-1.4,8130.0,3481441.7,2022,12.91,31.5,9.45,10.0
2022-12-11,420.1,425.0,415.0,416.1,-1.86,14028.0,5871162.6,2022,12.91,31.5,9.45,10.0
2022-12-12,421.0,426.0,416.1,426.0,2.38,12536.0,5270230.6,2022,12.91,31.5,9.45,10.0
2022-12-13,434.5,434.5,423.0,425.0,-0.23,7919.0,3380860.8,2022,12.91,31.5,9.45,10.0
2022-12-14,417.5,433.5,417.5,426.6,0.38,3671.0,1560767.4,2022,12.91,31.5,9.45,10.0
2022-12-15,419.1,427.6,419.1,419.5,-1.66,8212.0,3470405.9,2022,12.91,31.5,9.45,10.0
2022-12-18,419.0,419.0,412.0,416.0,-0.83,11073.0,4588738.6,2022,12.91,31.5,9.45,10.0
2022-12-19,413.5,423.0,413.5,416.8,0.19,7082.0,2974587.0,2022,12.91,31.5,9.45,10.0
2022-12-20,418.3,424.8,418.3,420.1,0.79,4461.0,1879253.1,2022,12.91,31.5,9.45,10.0
2022-12-21,420.0,420.0,411.0,411.0,-2.17,4914.0,2032607.4,2022,12.91,31.5,9.45,10.0
2022-12-22,410.0,416.9,400.7,402.0,-2.19,9969.0,4044070.1,2022,12.91,31.5,9.45,10.0
2022-12-26,410.0,435.0,410.0,433.0,7.71,28760.0,12128964.5,2022,12.91,31.5,9.45,10.0
2022-12-27,441.5,464.0,440.0,450.0,3.93,45874.0,20820614.7,2022,12.91,31.5,9.45,10.0
2022-12-28,450.0,460.0,438.9,439.0,-2.44,35738.0,16016915.5,2022,12.91,31.5,9.45,10.0
2022-12-29,440.0,467.0,436.1,465.8,6.1,33641.0,15377752.6,2022,12.91,31.5,9.45,10.0
2023-01-01,474.4,480.0,450.0,450.0,-3.39,51278.0,24085418.0,2023,13.97,28.1,9.6,6.5
2023-01-02,458.8,468.0,451.2,468.0,4.0,74758.0,34536650.3,2023,13.97,28.1,9.6,6.5
2023-01-03,446.0,462.5,445.0,451.0,1.19,35976.0,16302823.7,2023,13.97,28.1,9.6,6.5
2023-01-04,443.8,470.0,443.8,466.0,3.33,37773.0,17400578.2,2023,13.97,28.1,9.6,6.5
2023-01-05,475.3,486.0,464.0,478.8,2.75,90588.0,42871162.1,2023,13.97,28.1,9.6,6.5
2023-01-08,478.8,492.0,469.3,479.0,0.04,54672.0,26421872.3,2023,13.97,28.1,9.6,6.5
2023-01-09,487.9,505.9,481.2,505.0,5.43,50260.0,24961385.6,2023,13.97,28.1,9.6,6.5
2023-01-10,515.1,532.0,490.0,499.0,-1.19,159401.0,82311314.1,2023,13.97,28.1,9.6,6.5
2023-01-12,508.9,525.0,473.5,480.0,-3.81,73865.0,36450243.0,2023,13.97,28.1,9.6,6.5
2023-01-17,485.0,502.0,472.7,498.0,3.75,41570.0,20411449.9,2023,13.97,28.1,9.6,6.5
2023-01-18,498.8,514.0,489.0,492.0,-1.2,48047.0,24132416.8,2023,13.97,28.1,9.6,6.5
2023-01-19,490.0,498.0,486.0,486.0,-1.22,29669.0,14582253.4,2023,13.97,28.1,9.6,6.5
2023-01-23,482.7,495.0,472.2,472.2,-2.84,28562.0,13795501.4,2023,13.97,28.1,9.6,6.5
2023-01-24,464.0,496.7,463.0,494.0,4.62,59410.0,28201787.4,2023,13.97,28.1,9.6,6.5
2023-01-25,502.9,502.9,485.1,490.0,-0.81,28449.0,14114889.1,2023,13.97,28.1,9.6,6.5
2023-01-26,481.0,499.8,481.0,486.0,-0.82,19328.0,9467900.8,2023,13.97,28.1,9.6,6.5
2023-01-29,483.0,488.0,471.0,479.8,-1.28,28819.0,13763395.0,2023,13.97,28.1,9.6,6.5
2023-01-30,480.8,481.0,460.0,465.0,-3.08,36595.0,17057454.7,2023,13.97,28.1,9.6,6.5
2023-01-31,473.9,473.9,456.0,456.0,-1.94,26568.0,12268413.4,2023,13.97,28.1,9.6,6.5
2023-02-01,464.0,465.0,447.0,460.0,0.88,25096.0,11467134.6,2023,13.97,28.1,9.6,6.5
2023-02-02,452.0,466.0,451.0,453.0,-1.52,24341.0,11103405.0,2023,13.97,28.1,9.6,6.5
2023-02-05,450.0,467.0,448.0,456.9,0.86,18235.0,8296826.5,2023,13.97,28.1,9.6,6.5
2023-02-06,450.1,463.0,450.1,457.2,0.07,15005.0,6895326.6,2023,13.97,28.1,9.6,6.5
2023-02-07,459.0,488.0,459.0,488.0,6.74,40394.0,19327995.8,2023,13.97,28.1,9.6,6.5
2023-02-08,490.6,497.0,475.0,475.0,-2.66,28759.0,13971472.0,2023,13.97,28.1,9.6,6.5
2023-02-09,471.0,483.0,470.0,483.0,1.68,21245.0,10119195.4,2023,13.97,28.1,9.6,6.5
2023-02-12,485.0,485.0,462.0,467.0,-3.31,27118.0,12684964.8,2023,13.97,28.1,9.6,6.5
2023-02-14,457.7,465.0,457.7,463.0,-0.86,18716.0,8635805.1,2023,13.97,28.1,9.6,6.5
2023-02-15,454.0,469.0,454.0,460.0,-0.65,22656.0,10452989.7,2023,13.97,28.1,9.6,6.5
2023-02-16,455.0,464.1,451.0,451.0,-1.96,18621.0,8484571.1,2023,13.97,28.1,9.6,6.5
2023-02-20,455.0,455.0,440.0,444.0,-1.55,13631.0,6084309.9,2023,13.97,28.1,9.6,6.5
2023-02-22,444.8,461.7,444.8,456.7,2.86,17468.0,7954761.4,2023,13.97,28.1,9.6,6.5
2023-02-23,448.0,450.0,436.2,442.1,-3.2,29981.0,13284962.7,2023,13.97,28.1,9.6,6.5
2023-02-26,433.3,460.0,420.0,459.9,4.03,36798.0,15918808.1,2023,13.97,28.1,9.6,6.5
2023-02-27,460.0,460.0,436.0,448.3,-2.52,14770.0,6615175.7,2023,13.97,28.1,9.6,6.5
2023-02-28,457.0,457.0,440.0,444.0,-0.96,7952.0,3558940.8,2023,13.97,28.1,9.6,6.5
2023-03-01,441.0,448.7,436.0,439.9,-0.92,10757.0,4721339.0,2023,13.97,28.1,9.6,6.5
2023-03-02,435.0,436.0,429.0,431.0,-2.02,11723.0,5067633.7,2023,13.97,28.1,9.6,6.5
2023-03-05,433.5,434.0,420.2,420.2,-2.51,13860.0,5895207.3,2023,13.97,28.1,9.6,6.5
2023-03-07,428.6,430.0,417.0,423.8,0.86,15942.0,6739504.3,2023,13.97,28.1,9.6,6.5
2023-03-09,432.0,439.9,430.0,439.0,3.59,12433.0,5420553.6,2023,13.97,28.1,9.6,6.5
2023-03-12,439.9,446.9,430.0,434.8,-0.96,28252.0,12331930.5,2023,13.97,28.1,9.6,6.5
2023-03-13,430.0,435.0,426.0,432.7,-0.48,15355.0,6612978.9,2023,13.97,28.1,9.6,6.5
2023-03-14,437.0,437.0,427.0,429.5,-0.74,17393.0,7485467.3,2023,13.97,28.1,9.6,6.5
2023-03-15,438.0,438.0,426.8,429.0,-0.12,10304.0,4422697.8,2023,13.97,28.1,9.6,6.5
2023-03-16,434.0,434.0,425.6,428.0,-0.23,6168.0,2645834.6,2023,13.97,28.1,9.6,6.5
2023-03-19,430.0,432.0,420.0,427.0,-0.23,9319.0,3961610.1,2023,13.97,28.1,9.6,6.5
2023-03-20,433.8,435.0,428.0,433.0,1.41,7496.0,3231474.9,2023,13.97,28.1,9.6,6.5
2023-03-22,430.0,441.0,424.0,429.0,-0.92,12264.0,5303631.2,2023,13.97,28.1,9.6,6.5
2023-03-23,426.0,431.0,416.0,418.3,-2.49,11106.0,4669994.5,2023,13.97,28.1,9.6,6.5
2023-03-26,426.6,426.6,415.0,416.2,-0.5,9569.0,3994869.7,2023,13.97,28.1,9.6,6.5
2023-03-27,416.2,425.0,407.7,425.0,2.11,13378.0,5572141.3,2023,13.97,28.1,9.6,6.5
2023-03-28,430.0,432.0,420.0,422.0,-0.71,26273.0,11203600.2,2023,13.97,28.1,9.6,6.5
2023-03-29,420.0,425.0,414.0,423.0,0.24,10368.0,4334152.2,2023,13.97,28.1,9.6,6.5
2023-03-30,429.9,429.9,414.3,414.4,-2.03,12908.0,5406264.4,2023,13.97,28.1,9.6,6.5
2023-04-02,418.3,424.0,405.0,406.7,-1.86,14519.0,5982682.6,2023,13.97,28.1,9.6,6.5
2023-04-03,410.0,414.8,400.0,403.9,-0.69,13807.0,5576147.8,2023,13.97,28.1,9.6,6.5
2023-04-04,395.9,410.0,395.9,409.0,1.26,6330.0,2567899.8,2023,13.97,28.1,9.6,6.5
2023-04-05,410.0,411.7,404.0,407.1,-0.46,5911.0,2412830.4,2023,13.97,28.1,9.6,6.5
2023-04-06,412.0,412.0,400.3,405.0,-0.52,7660.0,3095220.4,2023,13.97,28.1,9.6,6.5
2023-04-09,400.0,406.9,393.0,397.2,-1.93,7890.0,3149394.6,2023,13.97,28.1,9.6,6.5
2023-04-10,395.0,400.0,391.0,395.0,-0.55,4923.0,1955871.0,2023,13.97,28.1,9.6,6.5
2023-04-11,400.0,409.5,395.0,406.0,2.78,17938.0,7217130.5,2023,13.97,28.1,9.6,6.5
2023-04-12,410.0,442.0,410.0,438.0,7.88,23511.0,10063128.5,2023,13.97,28.1,9.6,6.5
2023-04-13,446.0,447.0,425.0,429.0,-2.05,26247.0,11377101.5,2023,13.97,28.1,9.6,6.5
2023-04-16,428.0,437.0,422.3,429.0,0.0,8078.0,3472450.9,2023,13.97,28.1,9.6,6.5
2023-04-17,421.0,429.9,417.0,417.0,-2.8,6352.0,2675127.5,2023,13.97,28.1,9.6,6.5
2023-04-18,409.5,425.3,409.5,412.0,-1.2,6126.0,2537437.1,2023,13.97,28.1,9.6,6.5
2023-04-19,420.2,426.0,414.1,419.5,1.82,4165.0,1744277.7,2023,13.97,28.1,9.6,6.5
2023-04-20,416.9,420.0,412.6,414.0,-1.31,5697.0,2371315.4,2023,13.97,28.1,9.6,6.5
2023-04-23,408.0,418.0,408.0,410.0,-0.97,9934.0,4075782.7,2023,13.97,28.1,9.6,6.5
2023-04-24,418.2,418.2,403.0,414.8,1.17,9315.0,3839022.4,2023,13.97,28.1,9.6,6.5
2023-04-25,411.0,420.0,410.0,420.0,1.25,5756.0,2400146.7,2023,13.97,28.1,9.6,6.5
2023-04-26,412.0,427.0,410.0,413.0,-1.67,3775.0,1564271.8,2023,13.97,28.1,9.6,6.5
2023-04-27,414.0,415.0,408.9,412.9,-0.02,5935.0,2448606.0,2023,13.97,28.1,9.6,6.5
2023-04-30,412.0,414.0,405.0,408.0,-1.19,6477.0,2642338.1,2023,13.97,28.1,9.6,6.5
2023-05-02,408.0,410.0,402.2,405.0,-0.74,7761.0,3152401.6,2023,13.97,28.1,9.6,6.5
2023-05-03,397.0,407.0,397.0,404.0,-0.25,4862.0,1965433.5,2023,13.97,28.1,9.6,6.5
2023-05-04,408.0,412.9,401.0,412.9,2.2,5488.0,2244005.0,2023,13.97,28.1,9.6,6.5
2023-05-07,406.0,414.0,403.0,406.0,-1.67,2772.0,1125947.5,2023,13.97,28.1,9.6,6.5
2023-05-08,399.1,414.0,399.0,403.0,-0.74,6715.0,2692679.6,2023,13.97,28.1,9.6,6.5
2023-05-09,395.0,410.0,395.0,405.9,0.72,3995.0,1623214.3,2023,13.97,28.1,9.6,6.5
2023-05-10,398.1,414.0,398.1,404.0,-0.47,5397.0,2181174.5,2023,13.97,28.1,9.6,6.5
2023-05-11,399.1,405.9,399.1,403.6,-0.1,3967.0,1601670.0,2023,13.97,28.1,9.6,6.5
2023-05-14,402.3,410.0,400.2,400.2,-0.84,6743.0,2707183.4,2023,13.97,28.1,9.6,6.5
2023-05-15,400.0,408.0,397.0,401.0,0.2,6124.0,2464190.8,2023,13.97,28.1,9.6,6.5
2023-05-16,403.0,407.0,400.0,405.0,1.0,6074.0,2441374.4,2023,13.97,28.1,9.6,6.5
2023-05-17,409.9,411.0,402.0,410.0,1.23,7607.0,3096134.1,2023,13.97,28.1,9.6,6.5
2023-05-18,416.9,425.0,402.2,415.0,1.22,11949.0,4991933.2,2023,13.97,28.1,9.6,6.5
2023-05-21,410.4,422.0,408.6,415.0,0.0,12139.0,5054382.1,2023,13.97,28.1,9.6,6.5
2023-05-22,420.0,432.9,410.0,419.0,0.96,12191.0,5137575.9,2023,13.97,28.1,9.6,6.5
2023-05-23,420.0,435.0,419.0,434.0,3.58,25385.0,10907924.4,2023,13.97,28.1,9.6,6.5
2023-05-24,434.0,442.0,425.4,434.2,0.05,21437.0,9296753.2,2023,13.97,28.1,9.6,6.5
2023-05-28,430.0,442.8,417.0,419.1,-3.48,18685.0,8014954.0,2023,13.97,28.1,9.6,6.5
2023-05-30,419.0,427.0,406.0,407.0,-2.89,22782.0,9362551.3,2023,13.97,28.1,9.6,6.5
2023-05-31,410.0,419.0,400.0,402.4,-1.13,22891.0,9258305.3,2023,13.97,28.1,9.6,6.5
2023-06-01,410.4,414.0,397.0,405.0,0.65,15126.0,6111916.5,2023,13.97,28.1,9.6,6.5
2023-06-04,413.0,421.2,409.0,419.0,3.46,16486.0,6849561.1,2023,13.97,28.1,9.6,6.5
2023-06-05,424.0,424.0,409.0,411.0,-1.91,12832.0,5331986.4,2023,13.97,28.1,9.6,6.5
2023-06-06,414.0,418.0,408.0,417.5,1.58,15932.0,6572216.7,2023,13.97,28.1,9.6,6.5
2023-06-07,423.9,423.9,414.7,417.0,-0.12,9881.0,4145846.6,2023,13.97,28.1,9.6,6.5
2023-06-08,424.0,437.9,408.7,436.9,4.77,65511.0,28081717.2,2023,13.97,28.1,9.6,6.5
2023-06-11,437.0,470.0,437.0,465.0,6.43,116344.0,53595759.7,2023,13.97,28.1,9.6,6.5
2023-06-12,465.0,470.0,455.0,467.0,0.43,73987.0,34159131.2,2023,13.97,28.1,9.6,6.5
2023-06-13,460.0,485.3,460.0,477.6,2.27,63616.0,30242110.1,2023,13.97,28.1,9.6,6.5
2023-06-14,487.0,487.0,457.0,469.8,-1.63,65134.0,30707273.8,2023,13.97,28.1,9.6,6.5
2023-06-15,465.0,472.0,455.0,460.0,-2.09,34029.0,15734079.7,2023,13.97,28.1,9.6,6.5
2023-06-18,469.2,474.9,460.0,473.9,3.02,52532.0,24623255.8,2023,13.97,28.1,9.6,6.5
2023-06-19,483.3,499.4,470.0,488.0,2.98,87454.0,42715611.3,2023,13.97,28.1,9.6,6.5
2023-06-20,496.0,499.8,461.0,466.0,-4.51,57358.0,27638165.3,2023,13.97,28.1,9.6,6.5
2023-06-21,470.0,483.0,461.8,462.0,-0.86,45860.0,21466002.9,2023,13.97,28.1,9.6,6.5
2023-06-22,460.0,475.0,458.0,461.1,-0.19,36688.0,17080890.5,2023,13.97,28.1,9.6,6.5
2023-06-25,465.0,496.0,458.1,494.5,7.24,84332.0,40971340.8,2023,13.97,28.1,9.6,6.5
2023-06-26,504.3,530.0,495.0,515.9,4.33,143692.0,74349276.8,2023,13.97,28.1,9.6,6.5
2023-06-27,526.0,538.5,518.0,530.0,2.73,122600.0,65051851.9,2023,13.97,28.1,9.6,6.5
2023-06-28,540.0,540.0,510.0,513.0,-3.21,75291.0,38985307.3,2023,13.97,28.1,9.6,6.5
2023-07-02,513.0,530.0,505.0,508.0,-0.97,87143.0,45117165.9,2023,13.97,28.1,9.6,6.5
2023-07-03,508.0,517.9,490.0,499.8,-1.61,57375.0,28950776.7,2023,13.97,28.1,9.6,6.5
2023-07-04,508.0,515.0,500.0,510.4,2.12,30353.0,15386032.8,2023,13.97,28.1,9.6,6.5
2023-07-05,518.0,520.0,497.0,500.0,-2.04,42676.0,21617250.1,2023,13.97,28.1,9.6,6.5
2023-07-06,510.0,510.0,492.0,498.0,-0.4,41381.0,20629469.8,2023,13.97,28.1,9.6,6.5
2023-07-09,507.9,519.9,506.0,518.0,4.02,41937.0,21555596.6,2023,13.97,28.1,9.6,6.5
2023-07-10,528.3,533.9,521.0,527.0,1.74,78747.0,41542435.4,2023,13.97,28.1,9.6,6.5
2023-07-11,530.0,550.0,527.0,541.7,2.79,104545.0,56564159.9,2023,13.97,28.1,9.6,6.5
2023-07-12,542.3,552.0,530.0,534.0,-1.42,68768.0,37092323.5,2023,13.97,28.1,9.6,6.5
2023-07-13,538.0,542.9,521.0,524.0,-1.87,53621.0,28643857.4,2023,13.97,28.1,9.6,6.5
2023-07-16,515.2,534.0,515.2,525.0,0.19,25300.0,13267644.1,2023,13.97,28.1,9.6,6.5
2023-07-17,535.5,540.0,520.0,538.0,2.48,26265.0,14047192.1,2023,13.97,28.1,9.6,6.5
2023-07-18,548.7,548.7,533.6,538.0,0.0,20416.0,11023625.6,2023,13.97,28.1,9.6,6.5
2023-07-19,535.0,540.0,525.1,529.0,-1.67,21328.0,11368747.3,2023,13.97,28.1,9.6,6.5
2023-07-20,539.5,539.5,525.0,528.0,-0.19,18051.0,9528735.2,2023,13.97,28.1,9.6,6.5
2023-07-23,538.5,541.0,525.0,535.8,1.48,42793.0,22882144.8,2023,13.97,28.1,9.6,6.5
2023-07-24,546.5,546.5,523.0,527.0,-1.64,45558.0,24100493.9,2023,13.97,28.1,9.6,6.5
2023-07-25,537.5,537.5,514.0,514.0,-2.47,25172.0,13025351.9,2023,13.97,28.1,9.6,6.5
2023-07-26,524.2,524.2,513.0,514.8,0.16,13703.0,7083717.6,2023,13.97,28.1,9.6,6.5
2023-07-27,525.0,525.0,496.0,499.0,-3.07,34129.0,17240070.1,2023,13.97,28.1,9.6,6.5
2023-07-30,508.9,508.9,480.0,482.0,-3.41,47679.0,23252490.6,2023,13.97,28.1,9.6,6.5
2023-07-31,491.0,496.5,482.0,490.0,1.66,26130.0,12809540.0,2023,13.97,28.1,9.6,6.5
2023-08-01,481.0,504.9,479.0,481.9,-1.65,29933.0,14556202.3,2023,13.97,28.1,9.6,6.5
2023-08-02,475.1,496.7,475.1,496.7,3.07,27791.0,13419404.2,2023,13.97,28.1,9.6,6.5
2023-08-03,500.0,503.0,475.1,478.0,-3.76,103331.0,50209066.9,2023,13.97,28.1,9.6,6.5
2023-08-06,487.5,493.0,460.0,463.9,-2.95,32953.0,15342275.4,2023,13.97,28.1,9.6,6.5
2023-08-07,473.1,476.7,455.0,473.8,2.13,24708.0,11569238.6,2023,13.97,28.1,9.6,6.5
2023-08-08,473.0,480.0,456.0,461.0,-2.7,16336.0,7589191.5,2023,13.97,28.1,9.6,6.5
2023-08-09,470.2,476.0,457.0,476.0,3.25,17618.0,8223020.1,2023,13.97,28.1,9.6,6.5
2023-08-10,484.0,485.0,473.0,479.9,0.82,11651.0,5600104.9,2023,13.97,28.1,9.6,6.5
2023-08-13,470.5,488.4,469.0,481.9,0.42,26280.0,12612781.2,2023,13.97,28.1,9.6,6.5
2023-08-14,489.0,489.0,475.1,479.1,-0.58,12216.0,5893049.5,2023,13.97,28.1,9.6,6.5
2023-08-15,488.0,488.0,466.0,466.0,-2.73,19008.0,8977177.1,2023,13.97,28.1,9.6,6.5
2023-08-16,457.0,475.3,457.0,460.0,-1.29,19734.0,9110373.0,2023,13.97,28.1,9.6,6.5
2023-08-17,469.2,475.0,460.1,472.0,2.61,18531.0,8715083.2,2023,13.97,28.1,9.6,6.5
2023-08-20,481.0,481.0,464.0,467.0,-1.06,8939.0,4176735.5,2023,13.97,28.1,9.6,6.5
2023-08-21,476.0,476.0,458.1,463.5,-0.75,8660.0,4025383.2,2023,13.97,28.1,9.6,6.5
2023-08-22,472.0,472.0,464.1,471.5,1.73,7144.0,3348938.3,2023,13.97,28.1,9.6,6.5
2023-08-23,480.9,484.8,474.0,480.9,1.99,10150.0,4874233.0,2023,13.97,28.1,9.6,6.5
2023-08-24,490.5,490.5,463.2,464.0,-3.51,21801.0,10336997.7,2023,13.97,28.1,9.6,6.5
2023-08-27,473.1,473.1,457.0,463.5,-0.11,22495.0,10446065.8,2023,13.97,28.1,9.6,6.5
2023-08-28,462.0,471.0,462.0,469.0,1.19,9940.0,4659440.6,2023,13.97,28.1,9.6,6.5
2023-08-29,465.0,478.0,465.0,467.0,-0.43,14627.0,6847667.2,2023,13.97,28.1,9.6,6.5
2023-08-30,476.0,476.0,465.0,465.0,-0.43,8049.0,3773177.5,2023,13.97,28.1,9.6,6.5
2023-09-03,473.0,473.0,460.6,464.0,-0.22,24855.0,11519266.3,2023,13.97,28.1,9.6,6.5
2023-09-04,473.2,473.2,457.0,467.9,0.84,12753.0,5900501.4,2023,13.97,28.1,9.6,6.5
2023-09-05,470.0,470.0,463.0,463.0,-1.05,7888.0,3666750.0,2023,13.97,28.1,9.6,6.5
2023-09-07,470.0,470.0,452.1,455.0,-1.73,20919.0,9549130.3,2023,13.97,28.1,9.6,6.5
2023-09-10,457.0,463.0,453.0,453.0,-0.44,6209.0,2835582.3,2023,13.97,28.1,9.6,6.5
2023-09-11,462.0,470.0,453.0,469.0,3.53,13795.0,6406504.1,2023,13.97,28.1,9.6,6.5
2023-09-12,478.2,478.2,462.0,469.0,0.0,13815.0,6478223.2,2023,13.97,28.1,9.6,6.5
2023-09-13,471.0,480.0,470.0,478.9,2.11,25879.0,12338888.0,2023,13.97,28.1,9.6,6.5
2023-09-17,479.8,479.8,463.0,464.0,-3.11,18851.0,8833317.0,2023,13.97,28.1,9.6,6.5
2023-09-18,473.1,473.1,462.0,468.0,0.86,5395.0,2521629.2,2023,13.97,28.1,9.6,6.5
2023-09-19,476.9,476.9,466.0,476.9,1.9,6044.0,2852646.0,2023,13.97,28.1,9.6,6.5
2023-09-21,486.4,500.0,486.4,494.5,3.69,30520.0,15054672.0,2023,13.97,28.1,9.6,6.5
2023-09-24,500.0,500.0,484.4,487.0,-1.52,24368.0,11990196.6,2023,13.97,28.1,9.6,6.5
2023-09-25,490.0,490.0,483.0,485.0,-0.41,10318.0,5024900.1,2023,13.97,28.1,9.6,6.5
2023-09-26,494.7,504.0,486.0,490.0,1.03,13277.0,6541312.8,2023,13.97,28.1,9.6,6.5
2023-09-27,480.2,495.0,480.2,487.9,-0.43,17292.0,8437160.7,2023,13.97,28.1,9.6,6.5
2023-10-01,497.6,497.6,475.0,479.0,-1.82,10922.0,5210558.5,2023,13.97,28.1,9.6,6.5
2023-10-02,480.0,483.4,472.0,480.0,0.21,11568.0,5527767.5,2023,13.97,28.1,9.6,6.5
2023-10-03,487.0,487.0,470.0,472.9,-1.48,10469.0,4953745.9,2023,13.97,28.1,9.6,6.5
2023-10-04,480.0,480.1,473.1,475.2,0.49,6748.0,3223646.3,2023,13.97,28.1,9.6,6.5
2023-10-05,484.6,484.6,471.1,472.0,-0.67,4092.0,1938688.1,2023,13.97,28.1,9.6,6.5
2023-10-08,481.4,481.4,456.1,461.0,-2.33,18581.0,8608385.2,2023,13.97,28.1,9.6,6.5
2023-10-09,455.0,471.0,452.0,463.0,0.43,8273.0,3802727.1,2023,13.97,28.1,9.6,6.5
2023-10-10,470.0,470.0,455.0,457.9,-1.1,12867.0,5866650.0,2023,13.97,28.1,9.6,6.5
2023-10-11,467.0,467.0,453.2,458.3,0.09,10740.0,4922440.4,2023,13.97,28.1,9.6,6.5
2023-10-12,467.4,467.4,452.5,454.1,-0.92,6958.0,3167446.2,2023,13.97,28.1,9.6,6.5
2023-10-16,461.0,461.0,446.1,448.0,-1.34,12668.0,5695741.5,2023,13.97,28.1,9.6,6.5
2023-10-17,454.0,468.0,452.0,457.0,2.01,6779.0,3114635.0,2023,13.97,28.1,9.6,6.5
2023-10-18,466.0,466.0,458.0,464.0,1.53,9673.0,4472465.7,2023,13.97,28.1,9.6,6.5
2023-10-19,469.0,469.0,460.0,462.5,-0.32,9870.0,4580984.0,2023,13.97,28.1,9.6,6.5
2023-10-29,453.4,462.0,448.3,455.0,-1.62,6740.0,3066964.8,2023,13.97,28.1,9.6,6.5
2023-10-30,447.5,459.0,447.5,456.0,0.22,7625.0,3443581.5,2023,13.97,28.1,9.6,6.5
2023-10-31,449.1,456.0,447.1,450.0,-1.32,2876.0,1291158.5,2023,13.97,28.1,9.6,6.5
2023-11-01,459.0,459.0,448.0,453.9,0.87,5653.0,2542648.2,2023,13.97,28.1,9.6,6.5
2023-11-02,450.0,450.0,445.0,446.9,-1.54,9062.0,4041612.1,2023,13.97,28.1,9.6,6.5
2023-11-05,440.0,444.8,431.0,438.9,-1.79,9813.0,4270226.4,2023,13.97,28.1,9.6,6.5
2023-11-06,440.0,450.0,430.2,438.1,-0.18,9591.0,4231956.2,2023,13.97,28.1,9.6,6.5
2023-11-07,446.8,447.0,435.1,442.0,0.89,5652.0,2495759.5,2023,13.97,28.1,9.6,6.5
2023-11-06,440.0,450.0,430.2,438.1,-0.18,9591.0,4231956.2,2023,13.97,28.1,9.6,6.5
2023-11-07,446.8,447.0,435.1,442.0,0.89,5652.0,2495759.5,2023,13.97,28.1,9.6,6.5
2023-11-08,442.0,446.0,440.0,446.0,0.9,4389.0,1937471.7,2023,13.97,28.1,9.6,6.5
2023-11-09,454.0,454.0,428.4,430.0,-3.59,10529.0,4547847.5,2023,13.97,28.1,9.6,6.5
2023-11-20,438.6,447.3,431.0,431.0,0.23,3219.0,1402478.6,2023,13.97,28.1,9.6,6.5
2023-11-21,439.0,439.0,425.0,430.0,-0.23,6294.0,2695050.4,2023,13.97,28.1,9.6,6.5
2023-11-22,423.0,438.0,423.0,432.0,0.47,3386.0,1465740.6,2023,13.97,28.1,9.6,6.5
2023-11-23,440.0,440.0,423.0,434.0,0.46,12789.0,5488376.4,2023,13.97,28.1,9.6,6.5
2023-11-26,439.0,454.0,439.0,452.0,4.15,10844.0,4868690.0,2023,13.97,28.1,9.6,6.5
2023-11-27,460.0,466.8,443.1,444.0,-1.77,10772.0,4898126.0,2023,13.97,28.1,9.6,6.5
2023-11-28,435.5,470.0,435.5,453.9,2.23,3167.0,1429816.3,2023,13.97,28.1,9.6,6.5
2023-11-29,462.9,470.0,450.0,452.0,-0.42,5656.0,2555550.5,2023,13.97,28.1,9.6,6.5
2023-11-30,461.0,461.0,442.0,448.0,-0.88,3396.0,1511581.0,2023,13.97,28.1,9.6,6.5
2023-12-03,451.9,451.9,438.0,444.0,-0.89,3319.0,1464830.0,2023,13.97,28.1,9.6,6.5
2023-12-04,438.0,450.0,436.0,447.5,0.79,6495.0,2887742.0,2023,13.97,28.1,9.6,6.5
2023-12-05,446.0,450.0,436.1,440.0,-1.68,6459.0,2854630.2,2023,13.97,28.1,9.6,6.5
2023-12-06,438.1,445.0,438.0,440.1,0.02,3319.0,1466236.9,2023,13.97,28.1,9.6,6.5
2023-12-07,448.0,448.9,439.0,443.0,0.66,6417.0,2849628.9,2023,13.97,28.1,9.6,6.5
2023-12-10,443.0,474.0,443.0,474.0,7.0,2332.0,1079473.0,2023,13.97,28.1,9.6,6.5
2023-12-11,483.4,483.4,451.0,462.0,-2.53,26770.0,12410313.1,2023,13.97,28.1,9.6,6.5
2023-12-12,462.0,480.0,458.0,478.9,3.66,34611.0,16244614.1,2023,13.97,28.1,9.6,6.5
2023-12-13,471.0,508.0,471.0,482.0,0.65,24945.0,12137039.3,2023,13.97,28.1,9.6,6.5
2023-12-14,490.0,490.0,475.6,482.0,0.0,9666.0,4655621.9,2023,13.97,28.1,9.6,6.5
2023-12-17,472.5,490.0,472.0,487.9,1.22,21096.0,10213296.2,2023,13.97,28.1,9.6,6.5
2023-12-18,497.0,511.0,495.0,505.0,3.5,51980.0,26183750.1,2023,13.97,28.1,9.6,6.5
2023-12-19,514.7,514.7,492.1,506.0,0.2,27737.0,13863969.1,2023,13.97,28.1,9.6,6.5
2023-12-20,506.0,522.0,498.1,512.0,1.19,45244.0,23025101.2,2023,13.97,28.1,9.6,6.5
2023-12-21,522.0,522.0,491.0,499.0,-2.54,51473.0,25636581.4,2023,13.97,28.1,9.6,6.5
2023-12-24,499.0,499.0,484.0,485.4,-2.73,35347.0,17354355.7,2023,13.97,28.1,9.6,6.5
2023-12-27,485.0,490.0,475.0,481.0,-0.91,16825.0,8111101.5,2023,13.97,28.1,9.6,6.5
2023-12-28,482.0,489.0,475.1,484.0,0.62,21002.0,10109277.0,2023,13.97,28.1,9.6,6.5
2024-01-01,493.6,502.9,475.0,476.0,-1.65,10289.0,4973324.1,2024,10.03,76.7,6.41,5.26
2024-01-02,475.0,482.0,463.1,465.0,-2.31,23736.0,11184553.4,2024,10.03,76.7,6.41,5.26
2024-01-03,460.0,475.0,459.0,468.1,0.67,17599.0,8225526.4,2024,10.03,76.7,6.41,5.26
2024-01-04,477.4,477.4,461.0,463.9,-0.9,13049.0,6093369.1,2024,10.03,76.7,6.41,5.26
2024-01-07,473.0,473.0,455.0,459.5,-0.95,18742.0,8632183.5,2024,10.03,76.7,6.41,5.26
2024-01-08,468.6,470.0,460.0,469.9,2.26,11227.0,5208764.7,2024,10.03,76.7,6.41,5.26
2024-01-09,479.0,494.7,471.0,490.0,4.28,51019.0,24914158.7,2024,10.03,76.7,6.41,5.26
2024-01-10,499.8,508.0,495.0,499.9,2.02,71702.0,36047506.5,2024,10.03,76.7,6.41,5.26
2024-01-11,507.0,507.0,496.5,497.0,-0.58,33892.0,16949441.5,2024,10.03,76.7,6.41,5.26
2024-01-14,506.0,506.0,499.1,502.9,1.19,27630.0,13866132.8,2024,10.03,76.7,6.41,5.26
2024-01-16,510.0,522.0,506.0,515.0,2.41,52361.0,26915405.5,2024,10.03,76.7,6.41,5.26
2024-01-17,524.2,525.3,490.3,495.1,-3.86,43187.0,22174546.7,2024,10.03,76.7,6.41,5.26
2024-01-18,495.0,500.0,485.0,499.9,0.97,54665.0,26818207.6,2024,10.03,76.7,6.41,5.26
2024-01-21,490.0,501.0,485.0,486.1,-2.76,25854.0,12741200.2,2024,10.03,76.7,6.41,5.26
2024-01-22,480.1,495.0,478.5,482.0,-0.84,26682.0,12991067.2,2024,10.03,76.7,6.41,5.26
2024-01-23,483.0,489.0,475.1,482.0,0.0,14598.0,7037570.2,2024,10.03,76.7,6.41,5.26
2024-01-24,487.0,495.0,481.1,482.0,0.0,17251.0,8414459.0,2024,10.03,76.7,6.41,5.26
2024-01-25,486.0,486.1,470.0,479.9,-0.44,31090.0,14757723.3,2024,10.03,76.7,6.41,5.26
2024-01-28,480.0,483.0,473.2,480.0,0.02,13469.0,6428586.7,2024,10.03,76.7,6.41,5.26
2024-01-29,471.0,487.0,471.0,485.0,1.04,8258.0,3995688.4,2024,10.03,76.7,6.41,5.26
2024-01-30,480.1,488.0,480.1,486.0,0.21,12193.0,5922069.2,2024,10.03,76.7,6.41,5.26
2024-01-31,477.0,494.0,476.1,479.0,-1.44,12215.0,5875660.0,2024,10.03,76.7,6.41,5.26
2024-02-01,470.0,490.0,470.0,479.9,0.19,24385.0,11722329.7,2024,10.03,76.7,6.41,5.26
2024-02-04,471.0,484.0,471.0,482.0,0.44,10794.0,5170288.5,2024,10.03,76.7,6.41,5.26
2024-02-05,491.5,491.5,476.1,477.6,-0.91,9689.0,4658692.1,2024,10.03,76.7,6.41,5.26
2024-02-06,485.0,486.1,482.0,484.0,1.34,8390.0,4066211.8,2024,10.03,76.7,6.41,5.26
2024-02-07,489.0,489.0,483.0,487.0,0.62,13458.0,6546063.6,2024,10.03,76.7,6.41,5.26
2024-02-08,483.5,489.0,478.0,484.5,-0.51,9491.0,4590166.6,2024,10.03,76.7,6.41,5.26
2024-02-11,483.0,494.0,481.0,481.0,-0.72,12010.0,5848549.8,2024,10.03,76.7,6.41,5.26
2024-02-12,477.0,489.9,475.1,488.0,1.46,9460.0,4565458.2,2024,10.03,76.7,6.41,5.26
2024-02-13,485.0,488.0,472.1,477.0,-2.25,17652.0,8457973.0,2024,10.03,76.7,6.41,5.26
2024-02-14,486.0,519.0,485.0,507.2,6.33,147892.0,74647537.2,2024,10.03,76.7,6.41,5.26
2024-02-15,511.0,513.3,496.0,500.0,-1.42,37050.0,18653482.6,2024,10.03,76.7,6.41,5.26
2024-02-18,510.0,510.0,475.3,475.3,-4.94,54349.0,26308132.3,2024,10.03,76.7,6.41,5.26
2024-02-20,484.0,489.9,477.0,481.0,1.2,23955.0,11552029.1,2024,10.03,76.7,6.41,5.26
2024-02-21,490.0,494.0,483.0,485.0,0.83,11414.0,5534933.9,2024,10.03,76.7,6.41,5.26
2024-02-22,493.8,509.0,484.0,489.9,1.01,58163.0,28805518.1,2024,10.03,76.7,6.41,5.26
2024-02-25,499.6,507.0,489.0,493.5,0.73,56596.0,28144063.4,2024,10.03,76.7,6.41,5.26
2024-02-26,483.7,503.9,483.7,499.9,1.3,22820.0,11329835.7,2024,10.03,76.7,6.41,5.26
2024-02-27,509.8,509.8,489.0,493.5,-1.28,14058.0,6930314.4,2024,10.03,76.7,6.41,5.26
2024-02-28,499.4,503.2,485.0,485.0,-1.72,11988.0,5831470.4,2024,10.03,76.7,6.41,5.26
2024-02-29,490.0,490.0,470.0,471.6,-2.76,32334.0,15393967.2,2024,10.03,76.7,6.41,5.26
2024-03-03,480.0,480.0,462.0,464.0,-1.61,23620.0,11024983.9,2024,10.03,76.7,6.41,5.26
2024-03-04,473.2,501.0,473.2,501.0,7.97,3418.0,1698448.0,2024,10.03,76.7,6.41,5.26
2024-03-05,511.0,511.0,482.2,484.0,-3.39,16990.0,8317522.4,2024,10.03,76.7,6.41,5.26
2024-03-06,492.9,492.9,474.5,479.0,-1.03,17342.0,8362118.3,2024,10.03,76.7,6.41,5.26
2024-03-07,488.5,498.2,480.5,482.9,0.81,16757.0,8148478.5,2024,10.03,76.7,6.41,5.26
2024-03-10,492.0,497.7,486.0,493.0,2.09,12889.0,6346800.2,2024,10.03,76.7,6.41,5.26
2024-03-12,496.0,506.0,492.2,506.0,2.64,30314.0,15162285.2,2024,10.03,76.7,6.41,5.26
2024-03-13,505.0,518.0,500.1,513.0,1.38,50610.0,25789958.0,2024,10.03,76.7,6.41,5.26
2024-03-14,511.0,522.0,500.0,502.0,-2.14,37294.0,19020950.8,2024,10.03,76.7,6.41,5.26
2024-03-17,508.9,515.0,500.0,504.5,0.5,29808.0,15108248.5,2024,10.03,76.7,6.41,5.26
2024-03-18,513.0,513.0,502.8,505.0,0.1,15105.0,7642276.7,2024,10.03,76.7,6.41,5.26
2024-03-19,513.0,530.0,513.0,520.9,3.15,126483.0,66417900.0,2024,10.03,76.7,6.41,5.26
2024-03-20,520.0,529.9,510.0,512.0,-1.71,35619.0,18448536.5,2024,10.03,76.7,6.41,5.26
2024-03-21,515.0,527.3,514.0,519.0,1.37,68424.0,35689048.3,2024,10.03,76.7,6.41,5.26
2024-03-25,520.5,524.9,512.0,514.3,-0.91,15951.0,8237238.5,2024,10.03,76.7,6.41,5.26
2024-03-26,523.0,523.0,515.0,515.6,0.25,20888.0,10829448.9,2024,10.03,76.7,6.41,5.26
2024-03-27,525.0,525.0,507.0,507.0,-1.67,19911.0,10196868.4,2024,10.03,76.7,6.41,5.26
2024-03-28,516.9,516.9,500.1,505.4,-0.32,20726.0,10473859.0,2024,10.03,76.7,6.41,5.26
2024-03-31,509.8,509.8,496.0,497.0,-1.66,25134.0,12627462.9,2024,10.03,76.7,6.41,5.26
2024-04-01,506.8,506.8,489.1,492.5,-0.91,17224.0,8496990.8,2024,10.03,76.7,6.41,5.26
2024-04-02,493.0,499.0,488.2,494.0,0.3,19189.0,9440454.5,2024,10.03,76.7,6.41,5.26
2024-04-03,495.0,500.0,492.0,494.0,0.0,7045.0,3483594.7,2024,10.03,76.7,6.41,5.26
2024-04-04,495.0,500.0,490.4,492.0,-0.4,18993.0,9389562.8,2024,10.03,76.7,6.41,5.26
2024-04-07,501.3,525.0,496.3,518.2,5.33,63998.0,32972837.0,2024,10.03,76.7,6.41,5.26
2024-04-09,525.0,539.9,521.5,532.9,2.84,111871.0,59751975.0,2024,10.03,76.7,6.41,5.26
2024-04-10,532.0,540.0,513.0,515.0,-3.36,48937.0,25704556.5,2024,10.03,76.7,6.41,5.26
2024-04-14,507.2,520.0,507.1,513.0,-0.39,19488.0,10061916.3,2024,10.03,76.7,6.41,5.26
2024-04-15,508.3,523.0,506.1,508.0,-0.97,23165.0,11905432.7,2024,10.03,76.7,6.41,5.26
2024-04-16,507.0,511.0,500.1,502.0,-1.18,20323.0,10265231.4,2024,10.03,76.7,6.41,5.26
2024-04-18,506.9,506.9,498.0,498.0,-0.8,15704.0,7853063.5,2024,10.03,76.7,6.41,5.26
2024-04-21,497.1,504.6,490.0,504.6,1.33,20622.0,10224547.3,2024,10.03,76.7,6.41,5.26
2024-04-22,505.0,510.0,491.3,492.0,-2.5,10026.0,4990710.4,2024,10.03,76.7,6.41,5.26
2024-04-24,492.0,514.0,488.0,496.0,0.81,23133.0,11633481.1,2024,10.03,76.7,6.41,5.26
2024-04-25,496.0,515.0,496.0,505.0,1.81,37979.0,19256453.3,2024,10.03,76.7,6.41,5.26
2024-04-28,510.0,528.0,507.0,517.0,2.38,53337.0,27780363.4,2024,10.03,76.7,6.41,5.26
2024-04-29,527.0,550.0,515.0,540.0,4.45,104168.0,55019820.8,2024,10.03,76.7,6.41,5.26
2024-04-30,545.0,580.0,538.0,551.0,2.04,222743.0,125784725.4,2024,10.03,76.7,6.41,5.26
2024-05-02,551.0,562.0,534.1,534.1,-3.07,100732.0,54981525.8,2024,10.03,76.7,6.41,5.26
2024-05-05,535.0,540.0,512.0,514.0,-3.76,48643.0,25618149.8,2024,10.03,76.7,6.41,5.26
2024-05-06,517.0,532.0,515.0,516.0,0.39,50709.0,26352678.2,2024,10.03,76.7,6.41,5.26
2024-05-07,508.6,529.9,508.6,515.0,-0.19,26801.0,13873098.2,2024,10.03,76.7,6.41,5.26
2024-05-08,524.0,524.0,512.0,524.0,1.75,19887.0,10327263.9,2024,10.03,76.7,6.41,5.26
2024-05-09,530.9,532.0,519.0,521.0,-0.57,34012.0,17850239.0,2024,10.03,76.7,6.41,5.26
2024-05-12,522.5,526.0,517.5,521.0,0.0,26915.0,14006841.8,2024,10.03,76.7,6.41,5.26
2024-05-13,523.9,527.8,517.0,517.0,-0.77,24096.0,12528012.2,2024,10.03,76.7,6.41,5.26
2024-05-14,517.0,523.0,516.0,518.0,0.19,18918.0,9813487.8,2024,10.03,76.7,6.41,5.26
2024-05-15,518.0,524.5,513.2,513.2,-0.93,27404.0,14208590.3,2024,10.03,76.7,6.41,5.26
2024-05-16,515.9,519.0,507.0,511.0,-0.43,21974.0,11238909.7,2024,10.03,76.7,6.41,5.26
2024-05-19,521.2,521.2,507.1,514.0,0.59,35803.0,18337995.3,2024,10.03,76.7,6.41,5.26
2024-05-20,519.0,519.9,509.0,510.0,-0.78,32450.0,16661678.8,2024,10.03,76.7,6.41,5.26
2024-05-21,513.0,540.0,510.0,524.9,2.92,43232.0,22641095.2,2024,10.03,76.7,6.41,5.26
2024-05-22,525.0,530.0,517.0,517.8,-1.35,29658.0,15478445.9,2024,10.03,76.7,6.41,5.26
2024-05-26,516.0,523.0,511.1,511.2,-1.27,22990.0,11823437.3,2024,10.03,76.7,6.41,5.26
2024-05-27,512.0,522.0,511.0,515.0,0.74,24524.0,12640553.6,2024,10.03,76.7,6.41,5.26
2024-05-29,525.0,525.0,506.1,511.0,-0.78,21058.0,10749707.6,2024,10.03,76.7,6.41,5.26
2024-05-30,520.0,520.0,507.5,510.0,-0.2,23514.0,12005595.8,2024,10.03,76.7,6.41,5.26
2024-06-02,512.0,527.0,510.0,519.0,1.76,39314.0,20409671.0,2024,10.03,76.7,6.41,5.26
2024-06-03,525.0,529.2,515.0,518.9,-0.02,28268.0,14699383.9,2024,10.03,76.7,6.41,5.26
2024-06-04,527.4,527.4,510.0,515.0,-0.75,16496.0,8510265.7,2024,10.03,76.7,6.41,5.26
2024-06-05,515.0,520.0,512.0,512.1,-0.56,22104.0,11416390.4,2024,10.03,76.7,6.41,5.26
2024-06-06,515.0,517.5,508.0,510.0,-0.41,30986.0,15831727.9,2024,10.03,76.7,6.41,5.26
2024-06-09,510.0,517.0,504.1,511.8,0.35,28465.0,14545988.7,2024,10.03,76.7,6.41,5.26
2024-06-10,515.0,516.9,509.2,512.0,0.04,24004.0,12302793.7,2024,10.03,76.7,6.41,5.26
2024-06-11,511.0,520.0,511.0,517.9,1.15,32735.0,16935464.7,2024,10.03,76.7,6.41,5.26
2024-06-12,520.0,526.0,515.2,523.9,1.16,45892.0,23895143.6,2024,10.03,76.7,6.41,5.26
2024-06-13,523.9,565.0,523.9,534.0,1.93,131365.0,70820903.4,2024,10.03,76.7,6.41,5.26
2024-06-16,537.0,545.0,525.4,525.4,-1.61,45884.0,24532016.1,2024,10.03,76.7,6.41,5.26
2024-06-18,525.3,527.7,516.0,519.0,-1.22,36956.0,19250096.1,2024,10.03,76.7,6.41,5.26
2024-06-19,519.0,530.4,513.1,527.0,1.54,37439.0,19649215.1,2024,10.03,76.7,6.41,5.26
2024-06-20,527.0,545.0,527.0,530.0,0.57,66423.0,35563077.3,2024,10.03,76.7,6.41,5.26
2024-06-23,539.0,565.0,532.0,558.2,5.32,124491.0,68067020.0,2024,10.03,76.7,6.41,5.26
2024-06-24,569.3,575.0,548.0,555.0,-0.57,122421.0,68694476.3,2024,10.03,76.7,6.41,5.26
2024-06-25,554.0,571.0,540.1,547.9,-1.28,68990.0,38208309.1,2024,10.03,76.7,6.41,5.26
2024-06-26,549.0,555.0,540.0,546.3,-0.29,72661.0,39885151.7,2024,10.03,76.7,6.41,5.26
2024-06-27,544.0,554.8,542.1,542.2,-0.75,36957.0,20160806.8,2024,10.03,76.7,6.41,5.26
2024-06-30,542.2,571.0,540.0,559.0,3.1,119612.0,67100768.2,2024,10.03,76.7,6.41,5.26
2024-07-01,569.9,569.9,553.0,554.0,-0.89,53135.0,29896619.9,2024,10.03,76.7,6.41,5.26
2024-07-02,565.0,587.5,560.0,566.0,2.17,45100.0,25593314.7,2024,10.03,76.7,6.41,5.26
2024-07-03,577.3,622.6,561.1,622.6,10.0,288240.0,174909441.1,2024,10.03,76.7,6.41,5.26
2024-07-04,635.0,673.0,612.0,643.0,3.28,193415.0,123963905.2,2024,10.03,76.7,6.41,5.26
2024-07-07,631.0,649.2,612.5,616.1,-4.18,107555.0,67732153.4,2024,10.03,76.7,6.41,5.26
2024-07-08,620.0,639.4,618.1,621.9,0.94,104986.0,65761517.4,2024,10.03,76.7,6.41,5.26
2024-07-09,630.0,630.0,615.0,617.2,-0.76,62313.0,38766774.6,2024,10.03,76.7,6.41,5.26
2024-07-10,627.0,634.0,619.0,623.9,1.09,53787.0,33629858.6,2024,10.03,76.7,6.41,5.26
2024-07-11,630.0,637.0,620.0,620.0,-0.63,73077.0,45926124.6,2024,10.03,76.7,6.41,5.26
2024-07-14,632.4,650.0,623.0,623.0,0.48,53314.0,33449754.9,2024,10.03,76.7,6.41,5.26
2024-07-15,635.4,635.4,615.0,619.0,-0.64,81071.0,50632126.8,2024,10.03,76.7,6.41,5.26
2024-07-16,617.0,636.4,612.0,630.0,1.78,60256.0,37955701.8,2024,10.03,76.7,6.41,5.26
2024-07-17,642.0,689.9,630.0,681.0,8.1,135044.0,89714538.1,2024,10.03,76.7,6.41,5.26
2024-07-18,682.0,700.0,667.0,668.0,-1.91,150815.0,103381324.9,2024,10.03,76.7,6.41,5.26
2024-07-21,681.3,699.9,657.0,674.0,0.9,138523.0,94022887.7,2024,10.03,76.7,6.41,5.26
2024-07-22,686.9,695.0,665.0,683.5,1.41,94528.0,64195774.1,2024,10.03,76.7,6.41,5.26
2024-07-23,697.1,706.0,685.1,700.0,2.41,93314.0,65191937.9,2024,10.03,76.7,6.41,5.26
2024-07-24,713.9,725.0,690.9,702.9,0.41,154596.0,109316833.7,2024,10.03,76.7,6.41,5.26
2024-07-25,706.0,728.0,705.0,707.1,0.6,108258.0,77622949.3,2024,10.03,76.7,6.41,5.26
2024-07-28,721.2,721.2,690.0,703.0,-0.58,91311.0,63714948.8,2024,10.03,76.7,6.41,5.26
2024-07-29,717.0,717.0,689.1,700.0,-0.43,145638.0,102633831.8,2024,10.03,76.7,6.41,5.26
2024-07-30,714.0,755.0,700.0,743.0,6.14,182228.0,132665129.8,2024,10.03,76.7,6.41,5.26
2024-07-31,757.8,798.0,744.0,777.1,4.59,160147.0,125102848.5,2024,10.03,76.7,6.41,5.26
2024-08-01,777.1,798.0,758.6,767.0,-1.3,171819.0,134378906.3,2024,10.03,76.7,6.41,5.26
2024-08-05,767.0,775.0,731.0,742.0,-3.26,139363.0,103576789.9,2024,10.03,76.7,6.41,5.26
2024-08-06,727.2,734.9,677.0,679.0,-8.49,221383.0,155587390.7,2024,10.03,76.7,6.41,5.26
2024-08-07,676.0,739.9,656.0,723.0,6.48,119754.0,84721814.1,2024,10.03,76.7,6.41,5.26
2024-08-08,736.9,751.0,703.0,710.0,-1.8,87699.0,62934087.3,2024,10.03,76.7,6.41,5.26
2024-08-11,724.2,738.0,711.0,725.0,2.11,108187.0,77933036.1,2024,10.03,76.7,6.41,5.26
2024-08-12,725.0,790.0,725.0,756.0,4.28,177910.0,133715879.5,2024,10.03,76.7,6.41,5.26
2024-08-13,769.0,800.0,758.0,781.0,3.31,181708.0,142892097.3,2024,10.03,76.7,6.41,5.26
2024-08-14,796.0,850.0,781.0,838.0,7.3,202548.0,167167446.7,2024,10.03,76.7,6.41,5.26
2024-08-15,854.7,890.0,794.0,821.0,-2.03,180405.0,152919940.0,2024,10.03,76.7,6.41,5.26
2024-08-18,804.6,870.0,775.0,814.1,-0.84,251906.0,205308978.6,2024,10.03,76.7,6.41,5.26
2024-08-21,825.0,856.0,820.3,833.0,2.32,163185.0,136663873.0,2024,10.03,76.7,6.41,5.26
2024-08-22,835.0,910.0,835.0,880.0,5.64,280949.0,248473596.5,2024,10.03,76.7,6.41,5.26
2024-08-25,897.0,897.0,830.0,833.0,-5.34,175465.0,150591750.4,2024,10.03,76.7,6.41,5.26
2024-08-27,830.0,859.0,795.2,804.0,-3.48,145502.0,120432293.9,2024,10.03,76.7,6.41,5.26
2024-08-28,804.0,835.0,788.1,792.0,-1.49,129664.0,105309296.0,2024,10.03,76.7,6.41,5.26
2024-08-29,792.0,802.0,776.2,776.2,-1.99,86933.0,68260585.7,2024,10.03,76.7,6.41,5.26
2024-09-01,778.1,789.5,756.0,757.0,-2.47,68245.0,52594788.7,2024,10.03,76.7,6.41,5.26
2024-09-02,771.0,824.9,747.1,817.0,7.93,115818.0,91988085.6,2024,10.03,76.7,6.41,5.26
2024-09-03,833.3,844.7,795.0,805.0,-1.47,99325.0,80809112.2,2024,10.03,76.7,6.41,5.26
2024-09-04,811.0,818.0,757.1,769.0,-4.47,81527.0,63572818.0,2024,10.03,76.7,6.41,5.26
2024-09-05,760.0,780.3,747.1,761.0,-1.04,64676.0,49193465.3,2024,10.03,76.7,6.41,5.26
2024-09-08,771.0,783.0,750.0,753.5,-0.99,43617.0,33446366.7,2024,10.03,76.7,6.41,5.26
2024-09-09,753.5,760.0,726.2,727.0,-3.52,73622.0,54311685.0,2024,10.03,76.7,6.41,5.26
2024-09-10,740.0,749.0,716.5,723.0,-0.55,66897.0,48898304.6,2024,10.03,76.7,6.41,5.26
2024-09-11,736.0,744.9,721.5,732.9,1.37,61063.0,44930229.1,2024,10.03,76.7,6.41,5.26
2024-09-12,739.0,770.0,737.0,760.2,3.72,60602.0,45703160.3,2024,10.03,76.7,6.41,5.26
2024-09-15,774.0,784.9,739.9,739.9,-2.67,80241.0,61272284.2,2024,10.03,76.7,6.41,5.26
2024-09-16,730.0,743.9,700.7,708.0,-4.31,65921.0,47326864.3,2024,10.03,76.7,6.41,5.26
2024-09-18,721.0,722.1,685.0,692.0,-2.26,51569.0,35887391.0,2024,10.03,76.7,6.41,5.26
2024-09-22,705.8,724.0,682.0,690.0,-0.29,32395.0,22635805.1,2024,10.03,76.7,6.41,5.26
2024-09-23,700.1,700.1,639.1,654.0,-5.22,55540.0,36349933.8,2024,10.03,76.7,6.41,5.26
2024-09-24,667.0,670.0,626.0,636.9,-2.61,52099.0,33237080.5,2024,10.03,76.7,6.41,5.26
2024-09-25,640.0,677.0,625.0,675.0,5.98,51062.0,33336459.1,2024,10.03,76.7,6.41,5.26
2024-09-26,675.0,684.9,637.0,648.0,-4.0,34570.0,22761746.6,2024,10.03,76.7,6.41,5.26
2024-09-29,640.0,659.0,635.0,640.0,-1.23,15801.0,10201462.1,2024,10.03,76.7,6.41,5.26
2024-09-30,652.0,672.9,645.0,664.0,3.75,21283.0,14043602.2,2024,10.03,76.7,6.41,5.26
2024-10-01,677.0,730.4,673.2,730.4,10.0,79659.0,56958429.6,2024,10.03,76.7,6.41,5.26
2024-10-02,745.0,758.8,716.0,730.0,-0.05,70104.0,51669110.3,2024,10.03,76.7,6.41,5.26
2024-10-06,730.0,763.0,726.0,758.0,3.84,48195.0,36284447.1,2024,10.03,76.7,6.41,5.26
2024-10-07,769.0,782.0,743.1,750.0,-1.06,52061.0,39749713.0,2024,10.03,76.7,6.41,5.26
2024-10-08,763.9,763.9,726.0,728.0,-2.93,33701.0,24883172.1,2024,10.03,76.7,6.41,5.26
2024-10-09,725.0,738.9,722.0,728.7,0.1,26422.0,19246988.1,2024,10.03,76.7,6.41,5.26
2024-10-15,725.0,800.0,725.0,772.0,5.94,39580.0,30267459.8,2024,10.03,76.7,6.41,5.26
2024-10-16,787.0,789.0,775.0,788.0,2.07,39454.0,30809124.6,2024,10.03,76.7,6.41,5.26
2024-10-17,795.0,799.0,766.0,784.0,-0.51,52794.0,41647561.0,2024,10.03,76.7,6.41,5.26
2024-10-20,771.0,780.0,750.0,753.0,-3.95,83146.0,63561029.1,2024,10.03,76.7,6.41,5.26
2024-10-21,753.0,754.8,730.0,731.0,-2.92,51414.0,37945416.1,2024,10.03,76.7,6.41,5.26
2024-10-22,737.0,755.0,737.0,749.0,2.46,33513.0,24945902.0,2024,10.03,76.7,6.41,5.26
2024-10-23,763.9,823.9,750.0,823.9,10.0,534448.0,434443621.8,2024,10.03,76.7,6.41,5.26
2024-10-24,840.3,872.0,831.0,833.0,1.1,294357.0,249279018.9,2024,10.03,76.7,6.41,5.26
2024-10-27,816.4,830.0,784.1,801.1,-3.83,404892.0,326485618.7,2024,10.03,76.7,6.41,5.26
2024-10-28,801.0,828.0,801.0,827.0,3.23,141357.0,115738485.5,2024,10.03,76.7,6.41,5.26
2024-10-29,839.0,851.0,815.0,818.1,-1.08,121743.0,102010512.2,2024,10.03,76.7,6.41,5.26
2024-10-30,818.1,825.0,780.0,794.5,-2.88,173378.0,138709814.2,2024,10.03,76.7,6.41,5.26
2024-11-05,810.3,810.3,784.0,785.0,-1.2,45101.0,35725096.4,2024,10.03,76.7,6.41,5.26
2024-11-06,800.7,804.4,780.0,793.0,1.02,80631.0,63732753.4,2024,10.03,76.7,6.41,5.26
2024-11-10,795.0,810.5,795.0,805.0,1.51,83059.0,66769709.4,2024,10.03,76.7,6.41,5.26
2024-11-11,821.1,821.1,793.6,804.7,-0.04,93820.0,75375053.6,2024,10.03,76.7,6.41,5.26
2024-11-12,820.7,820.7,791.0,798.0,-0.83,61849.0,49661833.1,2024,10.03,76.7,6.41,5.26
2024-11-13,798.1,814.0,788.0,806.3,1.04,117191.0,94429095.0,2024,10.03,76.7,6.41,5.26
2024-11-14,814.0,818.0,798.0,800.0,-0.78,92291.0,74716080.1,2024,10.03,76.7,6.41,5.26
2024-11-17,810.0,812.0,791.0,791.0,-1.13,91830.0,73622972.1,2024,10.03,76.7,6.41,5.26
2024-11-19,792.0,800.0,765.0,766.0,-3.16,117948.0,91943552.2,2024,10.03,76.7,6.41,5.26
2024-11-20,773.0,779.9,758.4,767.0,0.13,77100.0,59244066.9,2024,10.03,76.7,6.41,5.26
2024-11-21,779.0,779.0,750.0,752.0,-1.96,62613.0,47573427.0,2024,10.03,76.7,6.41,5.26
2024-11-24,754.0,765.0,750.0,750.0,-0.27,56287.0,42675209.2,2024,10.03,76.7,6.41,5.26
2024-11-25,755.2,778.1,755.1,769.0,2.53,36978.0,28425281.1,2024,10.03,76.7,6.41,5.26
2024-11-26,774.0,783.8,773.0,777.0,1.04,37066.0,28848639.1,2024,10.03,76.7,6.41,5.26
2024-11-27,780.1,784.9,773.0,775.0,-0.26,45516.0,35428916.5,2024,10.03,76.7,6.41,5.26
2024-11-28,780.0,780.0,757.0,761.0,-1.81,71364.0,54720007.8,2024,10.03,76.7,6.41,5.26
2024-12-01,764.0,764.0,748.0,752.1,-1.17,47763.0,36106831.7,2024,10.03,76.7,6.41,5.26
2024-12-02,757.9,760.3,740.0,745.0,-0.94,56999.0,42711912.4,2024,10.03,76.7,6.41,5.26
2024-12-03,750.0,779.0,747.2,760.5,2.08,44762.0,34227430.6,2024,10.03,76.7,6.41,5.26
2024-12-04,764.0,769.9,752.0,753.0,-0.99,30452.0,23179551.5,2024,10.03,76.7,6.41,5.26
2024-12-05,753.0,760.0,734.0,738.0,-1.99,56214.0,41648578.1,2024,10.03,76.7,6.41,5.26
2024-12-08,730.6,735.0,722.0,723.1,-2.02,39686.0,28801874.2,2024,10.03,76.7,6.41,5.26
2024-12-09,723.2,735.9,705.0,715.0,-1.12,38740.0,27773852.3,2024,10.03,76.7,6.41,5.26
2024-12-10,715.0,720.0,700.0,703.0,-1.68,28402.0,20035132.8,2024,10.03,76.7,6.41,5.26
2024-12-11,703.0,726.0,702.0,720.0,2.42,31062.0,22206363.3,2024,10.03,76.7,6.41,5.26
2024-12-12,720.0,734.4,708.0,717.9,-0.29,24891.0,17813715.7,2024,10.03,76.7,6.41,5.26
2024-12-16,704.0,708.9,686.0,691.9,-3.62,36234.0,25090173.0,2024,10.03,76.7,6.41,5.26
2024-12-17,686.1,705.0,683.0,696.0,0.59,20919.0,14580812.1,2024,10.03,76.7,6.41,5.26
2024-12-18,708.0,708.0,695.0,697.0,0.14,16235.0,11385445.2,2024,10.03,76.7,6.41,5.26
2024-12-19,692.0,697.0,678.0,678.0,-2.73,29981.0,20482376.0,2024,10.03,76.7,6.41,5.26
2024-12-22,675.1,680.0,663.0,671.0,-1.03,37960.0,25471631.2,2024,10.03,76.7,6.41,5.26
2024-12-23,684.4,684.4,656.6,671.1,0.01,24607.0,16381210.0,2024,10.03,76.7,6.41,5.26
2024-12-24,680.0,688.1,663.5,682.0,1.62,24058.0,16370428.5,2024,10.03,76.7,6.41,5.26
2024-12-26,682.0,685.0,665.0,665.0,-2.49,13666.0,9168936.7,2024,10.03,76.7,6.41,5.26
2024-12-29,651.7,670.9,651.7,652.1,-1.94,27551.0,18119586.4,2024,10.03,76.7,6.41,5.26
2024-12-31,653.0,653.0,617.5,640.0,-1.86,53837.0,34047322.4,2024,10.03,76.7,6.41,5.26
2025-01-01,645.1,656.7,633.0,648.0,1.25,25608.0,16617955.1,2025,22.63,26.6,12.92,15.79
2025-01-02,650.0,660.0,641.0,656.0,1.23,22615.0,14770625.8,2025,22.63,26.6,12.92,15.79
2025-01-05,656.0,669.0,650.0,655.0,-0.15,27737.0,18338935.8,2025,22.63,26.6,12.92,15.79
2025-01-06,660.0,666.0,655.2,666.0,1.68,22427.0,14831424.1,2025,22.63,26.6,12.92,15.79
2025-01-07,675.0,683.0,667.0,676.0,1.5,21623.0,14560475.7,2025,22.63,26.6,12.92,15.79
2025-01-08,662.5,726.2,662.5,708.0,4.73,51199.0,35949042.2,2025,22.63,26.6,12.92,15.79
2025-01-09,700.2,711.0,685.0,685.0,-3.25,30849.0,21399238.0,2025,22.63,26.6,12.92,15.79
2025-01-12,695.0,697.8,660.0,660.0,-3.65,18683.0,12574810.8,2025,22.63,26.6,12.92,15.79
2025-01-13,650.0,672.0,650.0,655.0,-0.76,30625.0,20174005.0,2025,22.63,26.6,12.92,15.79
2025-01-15,655.0,656.0,641.9,642.0,-1.98,30959.0,20037885.8,2025,22.63,26.6,12.92,15.79
2025-01-16,645.0,649.0,620.0,622.0,-3.12,44191.0,27750780.0,2025,22.63,26.6,12.92,15.79
2025-01-19,622.0,647.0,622.0,638.0,2.57,21222.0,13515217.7,2025,22.63,26.6,12.92,15.79
2025-01-20,645.0,645.0,624.3,624.3,-2.15,42201.0,26570588.7,2025,22.63,26.6,12.92,15.79
2025-01-21,636.0,636.0,620.0,626.9,0.42,14249.0,8904423.0,2025,22.63,26.6,12.92,15.79
2025-01-22,630.0,645.0,630.0,640.0,2.09,25440.0,16273855.0,2025,22.63,26.6,12.92,15.79
2025-01-23,642.0,654.5,630.0,634.5,-0.86,31946.0,20288384.3,2025,22.63,26.6,12.92,15.79
2025-01-26,627.0,632.0,609.0,617.0,-2.76,56328.0,34820884.5,2025,22.63,26.6,12.92,15.79
2025-01-27,608.0,641.0,608.0,629.0,1.94,26924.0,16879569.1,2025,22.63,26.6,12.92,15.79
2025-01-28,640.0,640.0,618.5,631.0,0.32,32780.0,20589452.2,2025,22.63,26.6,12.92,15.79
2025-02-02,632.0,655.0,632.0,653.0,3.49,62513.0,40372113.2,2025,22.63,26.6,12.92,15.79
2025-02-03,660.0,670.0,650.0,650.0,-0.46,55060.0,36289959.9,2025,22.63,26.6,12.92,15.79
2025-02-04,663.0,663.0,640.0,650.0,0.0,25789.0,16701784.7,2025,22.63,26.6,12.92,15.79
2025-02-05,650.0,675.0,642.0,671.0,3.23,53581.0,35665565.6,2025,22.63,26.6,12.92,15.79
2025-02-06,672.0,689.0,665.4,672.0,0.15,58490.0,39813366.5,2025,22.63,26.6,12.92,15.79
2025-02-09,670.0,678.3,650.0,665.0,-1.04,29731.0,19593862.7,2025,22.63,26.6,12.92,15.79
2025-02-10,673.0,676.0,655.7,658.0,-1.05,24196.0,16023292.6,2025,22.63,26.6,12.92,15.79
2025-02-11,650.0,671.0,647.1,652.0,-0.91,14376.0,9366858.9,2025,22.63,26.6,12.92,15.79
2025-02-12,653.1,660.0,647.3,654.0,0.31,17450.0,11410621.4,2025,22.63,26.6,12.92,15.79
2025-02-13,660.0,669.0,652.0,656.0,0.31,26594.0,17557999.4,2025,22.63,26.6,12.92,15.79
2025-02-16,667.0,690.0,661.3,685.5,4.5,73480.0,49796842.1,2025,22.63,26.6,12.92,15.79
2025-02-17,698.0,700.0,674.6,676.0,-1.39,41057.0,28009173.4,2025,22.63,26.6,12.92,15.79
2025-02-18,689.5,689.5,669.0,670.0,-0.89,18624.0,12590052.3,2025,22.63,26.6,12.92,15.79
2025-02-20,660.0,680.0,660.0,662.0,-1.19,19947.0,13326992.3,2025,22.63,26.6,12.92,15.79
2025-02-23,655.0,665.8,650.1,660.0,-0.3,26006.0,17125786.5,2025,22.63,26.6,12.92,15.79
2025-02-24,670.0,670.0,653.2,653.5,-0.98,19370.0,12723602.7,2025,22.63,26.6,12.92,15.79
2025-02-25,663.0,663.0,650.0,651.0,-0.38,16797.0,11018777.3,2025,22.63,26.6,12.92,15.79
2025-02-27,664.0,677.0,651.0,655.0,0.61,17721.0,11598737.1,2025,22.63,26.6,12.92,15.79
2025-03-02,660.0,677.0,660.0,675.8,3.18,29568.0,19841868.3,2025,22.63,26.6,12.92,15.79
2025-03-03,689.0,699.0,676.0,678.0,0.33,43171.0,29445073.1,2025,22.63,26.6,12.92,15.79
2025-03-04,676.0,683.0,661.5,663.0,-2.21,17911.0,11969212.3,2025,22.63,26.6,12.92,15.79
2025-03-05,674.8,674.8,650.1,654.0,-1.36,20991.0,13755782.6,2025,22.63,26.6,12.92,15.79
2025-03-06,666.5,667.0,650.1,651.0,-0.46,17944.0,11728963.9,2025,22.63,26.6,12.92,15.79
2025-03-09,649.0,655.0,640.0,644.0,-1.08,38999.0,25217815.6,2025,22.63,26.6,12.92,15.79
2025-03-10,650.0,650.0,638.0,640.0,-0.62,18416.0,11857812.5,2025,22.63,26.6,12.92,15.79
2025-03-11,652.5,652.5,638.0,639.1,-0.14,14759.0,9462899.6,2025,22.63,26.6,12.92,15.79
2025-03-12,644.9,644.9,633.0,638.9,-0.03,23165.0,14717223.6,2025,22.63,26.6,12.92,15.79
2025-03-16,633.0,639.9,626.0,632.0,-1.08,21673.0,13637730.1,2025,22.63,26.6,12.92,15.79
2025-03-17,641.0,641.0,628.0,629.0,-0.47,11042.0,6978366.5,2025,22.63,26.6,12.92,15.79
2025-03-18,639.0,639.0,626.3,630.0,0.16,10669.0,6711542.8,2025,22.63,26.6,12.92,15.79
2025-03-19,639.9,639.9,625.1,627.0,-0.48,9652.0,6047283.1,2025,22.63,26.6,12.92,15.79
2025-03-20,627.0,628.0,618.0,619.77,-1.15,25026.0,15557529.6,2025,22.63,26.6,12.92,15.79
2025-03-23,620.0,625.0,602.0,607.53,-1.97,22317.0,13641266.5,2025,22.63,26.6,12.92,15.79
2025-03-24,607.0,624.0,601.0,615.5,1.31,18731.0,11509482.5,2025,22.63,26.6,12.92,15.79
2025-03-25,611.0,614.0,594.0,594.96,-3.34,34968.0,20963192.67,2025,22.63,26.6,12.92,15.79
2025-03-26,603.9,603.9,587.0,598.71,0.63,16692.0,9953550.1,2025,22.63,26.6,12.92,15.79
2025-03-27,600.0,608.0,595.3,607.41,1.45,12485.0,7554388.5,2025,22.63,26.6,12.92,15.79
2025-03-30,605.0,625.0,605.0,620.44,2.15,17145.0,10585732.3,2025,22.63,26.6,12.92,15.79
2025-04-01,616.0,625.0,597.0,608.11,-1.99,15632.0,9451444.1,2025,22.63,26.6,12.92,15.79
2025-04-02,609.0,624.9,605.1,617.01,1.46,22712.0,14017926.3,2025,22.63,26.6,12.92,15.79
2025-04-03,625.0,625.8,605.3,609.8,-1.17,13323.0,8181462.3,2025,22.63,26.6,12.92,15.79
2025-04-07,620.0,620.0,596.5,599.45,-1.7,19416.0,11652662.2,2025,22.63,26.6,12.92,15.79
2025-04-08,600.1,601.0,589.2,600.03,0.1,17999.0,10695151.9,2025,22.63,26.6,12.92,15.79
2025-04-09,601.0,608.0,598.0,601.88,0.31,7519.0,4536515.6,2025,22.63,26.6,12.92,15.79
2025-04-10,603.0,608.0,595.0,595.72,-1.02,16428.0,9809734.9,2025,22.63,26.6,12.92,15.79
2025-04-13,596.5,600.0,590.3,594.34,-0.23,8483.0,5057857.8,2025,22.63,26.6,12.92,15.79
2025-04-15,605.0,606.0,594.0,600.64,1.06,12031.0,7253824.9,2025,22.63,26.6,12.92,15.79
2025-04-16,611.9,611.9,598.0,599.71,-0.15,7002.0,4200323.9,2025,22.63,26.6,12.92,15.79
2025-04-17,597.2,606.9,597.2,603.74,0.67,19854.0,11957562.8,2025,22.63,26.6,12.92,15.79
2025-04-20,606.2,606.2,598.1,598.33,-0.9,11819.0,7098653.7,2025,22.63,26.6,12.92,15.79
2025-04-21,599.1,604.0,593.2,595.97,-0.39,28870.0,17220655.3,2025,22.63,26.6,12.92,15.79
2025-04-22,607.0,607.0,599.0,600.0,0.68,17648.0,10616589.3,2025,22.63,26.6,12.92,15.79
2025-04-23,608.0,608.0,591.1,597.14,-0.48,14479.0,8638639.7,2025,22.63,26.6,12.92,15.79
2025-04-24,598.0,598.0,587.5,590.99,-1.03,14317.0,8448750.8,2025,22.63,26.6,12.92,15.79
2025-04-27,595.0,602.8,585.0,589.09,-0.32,23406.0,13808516.2,2025,22.63,26.6,12.92,15.79
2025-04-28,580.1,608.9,580.1,593.75,0.79,26992.0,16152178.5,2025,22.63,26.6,12.92,15.79
2025-04-29,605.0,605.0,585.0,585.55,-1.38,13729.0,8070232.7,2025,22.63,26.6,12.92,15.79
2025-04-30,597.0,597.0,580.0,581.63,-0.67,12093.0,7056508.1,2025,22.63,26.6,12.92,15.79
2025-05-04,592.0,592.0,575.2,576.22,-0.93,12567.0,7298846.5,2025,22.63,26.6,12.92,15.79
2025-05-05,587.0,587.0,566.0,568.72,-1.3,17946.0,10244621.7,2025,22.63,26.6,12.92,15.79
2025-05-06,580.0,591.6,563.0,565.16,-0.63,15162.0,8597428.2,2025,22.63,26.6,12.92,15.79
2025-05-07,576.4,596.0,555.0,595.11,5.3,28459.0,16439979.0,2025,22.63,26.6,12.92,15.79
2025-05-08,596.0,654.6,585.0,653.1,9.74,116283.0,74904825.9,2025,22.63,26.6,12.92,15.79
2025-05-11,660.0,660.0,625.4,626.82,-4.02,45028.0,28718401.4,2025,22.63,26.6,12.92,15.79
2025-05-13,622.0,623.6,606.0,610.27,-2.64,31103.0,19036912.1,2025,22.63,26.6,12.92,15.79
2025-05-14,604.0,635.0,604.0,611.83,0.26,29112.0,18041568.9,2025,22.63,26.6,12.92,15.79
2025-05-15,600.1,622.3,600.0,611.23,-0.1,21692.0,13206882.4,2025,22.63,26.6,12.92,15.79
2025-05-18,612.0,619.0,607.0,607.39,-0.63,12366.0,7556957.0,2025,22.63,26.6,12.92,15.79
2025-05-19,619.0,619.0,603.0,607.2,-0.03,13373.0,8151730.9,2025,22.63,26.6,12.92,15.79
2025-05-20,614.5,632.9,603.0,628.21,3.46,23990.0,14871760.2,2025,22.63,26.6,12.92,15.79
2025-05-21,640.7,673.0,618.0,622.48,-0.91,46453.0,29513992.4,2025,22.63,26.6,12.92,15.79
2025-05-22,612.1,630.0,610.0,617.7,-0.77,27044.0,16714365.1,2025,22.63,26.6,12.92,15.79
2025-05-25,625.0,625.0,611.6,614.51,-0.52,10132.0,6242683.1,2025,22.63,26.6,12.92,15.79
2025-05-26,626.0,635.0,610.0,611.43,-0.5,20966.0,12934149.9,2025,22.63,26.6,12.92,15.79
2025-05-27,623.6,623.6,606.2,613.91,0.41,14064.0,8633668.5,2025,22.63,26.6,12.92,15.79
2025-05-28,626.1,626.1,603.5,610.53,-0.55,11661.0,7120581.3,2025,22.63,26.6,12.92,15.79
2025-06-02,622.7,624.9,610.4,612.16,0.27,17038.0,10478966.0,2025,22.63,26.6,12.92,15.79
2025-06-03,624.4,624.4,606.6,608.4,-0.61,6218.0,3792503.8,2025,22.63,26.6,12.92,15.79
2025-06-04,610.0,612.0,600.0,600.77,-1.25,16645.0,10073168.9,2025,22.63,26.6,12.92,15.79
2025-06-05,605.0,608.0,594.0,602.2,0.24,20616.0,12369817.2,2025,22.63,26.6,12.92,15.79
2025-06-08,603.0,607.9,596.2,600.2,-0.33,17995.0,10840130.8,2025,22.63,26.6,12.92,15.79
2025-06-09,602.0,609.0,599.0,601.76,0.26,16566.0,9979527.7,2025,22.63,26.6,12.92,15.79
2025-06-10,605.0,625.0,601.6,622.57,3.46,34279.0,21175959.4,2025,22.63,26.6,12.92,15.79
2025-06-11,625.0,630.0,613.0,614.09,-1.36,15870.0,9842409.3,2025,22.63,26.6,12.92,15.79
2025-06-12,613.0,632.0,610.0,617.2,0.51,26235.0,16291440.98,2025,22.63,26.6,12.92,15.79
2025-06-15,620.2,641.4,620.0,623.82,1.07,35779.0,22525957.3,2025,22.63,26.6,12.92,15.79
2025-06-16,636.0,636.0,613.7,614.99,-1.42,23218.0,14377106.4,2025,22.63,26.6,12.92,15.79
2025-06-17,624.0,624.0,613.0,619.74,0.77,17955.0,11108727.0,2025,22.63,26.6,12.92,15.79
2025-06-18,626.9,626.9,610.0,613.62,-0.99,9622.0,5917955.5,2025,22.63,26.6,12.92,15.79
2025-06-19,613.6,615.0,607.4,608.43,-0.85,16297.0,9952306.3,2025,22.63,26.6,12.92,15.79
2025-06-22,600.1,609.0,588.0,598.7,-1.6,25023.0,14955118.8,2025,22.63,26.6,12.92,15.79
2025-06-23,590.0,616.0,590.0,606.16,1.25,18632.0,11257599.3,2025,22.63,26.6,12.92,15.79
2025-06-24,600.1,612.0,598.0,599.68,-1.07,15160.0,9131923.9,2025,22.63,26.6,12.92,15.79
2025-06-25,610.0,610.0,595.0,598.62,-0.18,10562.0,6321400.1,2025,22.63,26.6,12.92,15.79
2025-06-26,600.0,601.8,590.2,594.52,-0.68,10950.0,6511593.0,2025,22.63,26.6,12.92,15.79
2025-06-29,591.0,603.0,591.0,599.68,0.87,12106.0,7254074.8,2025,22.63,26.6,12.92,15.79
2025-06-30,611.5,611.6,602.0,602.2,0.42,10334.0,6258679.9,2025,22.63,26.6,12.92,15.79
2025-07-01,613.9,613.9,605.2,606.53,0.72,6957.0,4220145.1,2025,22.63,26.6,12.92,15.79
2025-07-02,616.9,616.9,607.0,614.96,1.39,21460.0,13165556.5,2025,22.63,26.6,12.92,15.79
2025-07-03,617.0,640.0,615.9,627.98,2.12,49472.0,31118608.0,2025,22.63,26.6,12.92,15.79
2025-07-06,627.0,650.0,627.0,634.3,1.01,60032.0,38491743.1,2025,22.63,26.6,12.92,15.79
2025-07-07,643.8,643.8,616.0,617.25,-2.69,23549.0,14634982.8,2025,22.63,26.6,12.92,15.79
2025-07-08,620.0,626.0,614.0,623.21,0.97,13828.0,8602786.3,2025,22.63,26.6,12.92,15.79
2025-07-09,628.0,628.0,618.6,622.03,-0.19,10060.0,6246886.0,2025,22.63,26.6,12.92,15.79
2025-07-10,627.5,634.0,623.0,623.81,0.29,16690.0,10425889.5,2025,22.63,26.6,12.92,15.79
2025-07-13,636.2,655.0,632.2,635.37,1.85,27450.0,17534243.1,2025,22.63,26.6,12.92,15.79
2025-07-14,630.0,638.5,624.0,625.16,-1.61,25869.0,16227837.8,2025,22.63,26.6,12.92,15.79
2025-07-15,637.0,637.0,626.5,630.8,0.9,13546.0,8562302.7,2025,22.63,26.6,12.92,15.79
2025-07-16,640.0,645.0,638.1,640.57,1.55,22406.0,14344894.9,2025,22.63,26.6,12.92,15.79
2025-07-17,653.0,676.0,648.0,661.93,3.33,66814.0,44223791.0,2025,22.63,26.6,12.92,15.79
2025-07-20,663.0,683.0,651.0,656.8,-0.78,84507.0,56487499.7,2025,22.63,26.6,12.92,15.79
2025-07-21,669.1,670.1,643.2,668.49,1.78,70987.0,47090748.0,2025,22.63,26.6,12.92,15.79
2025-07-22,681.0,687.0,670.0,681.0,1.87,65748.0,44770453.7,2025,22.63,26.6,12.92,15.79
2025-07-23,690.0,706.0,681.0,701.99,3.08,112488.0,78332456.1,2025,22.63,26.6,12.92,15.79
2025-07-24,705.0,719.0,697.0,701.13,-0.12,78983.0,55752715.2,2025,22.63,26.6,12.92,15.79
2025-07-27,712.8,720.0,686.2,691.6,-1.36,88074.0,62012593.6,2025,22.63,26.6,12.92,15.79
2025-07-28,687.0,717.5,676.0,712.62,3.04,109711.0,76109592.6,2025,22.63,26.6,12.92,15.79
2025-07-29,726.0,730.9,707.0,715.56,0.41,71475.0,51283411.2,2025,22.63,26.6,12.92,15.79
2025-07-30,725.0,725.0,688.4,690.76,-3.47,59168.0,41495322.3,2025,22.63,26.6,12.92,15.79
2025-07-31,690.0,710.5,680.1,694.65,0.56,94215.0,65426365.4,2025,22.63,26.6,12.92,15.79
2025-08-03,691.0,701.0,671.5,672.82,-3.14,43044.0,29359832.0,2025,22.63,26.6,12.92,15.79
2025-08-04,679.0,683.0,665.0,667.11,-0.85,49962.0,33511780.1,2025,22.63,26.6,12.92,15.79
2025-08-05,680.0,680.4,660.0,660.55,-0.98,27905.0,18593427.5,2025,22.63,26.6,12.92,15.79
2025-08-06,669.0,669.0,654.0,662.87,0.35,20194.0,13373493.3,2025,22.63,26.6,12.92,15.79
2025-08-07,664.0,701.0,660.1,692.22,4.43,72045.0,49390332.6,2025,22.63,26.6,12.92,15.79
2025-08-11,704.0,705.9,683.1,685.84,-0.92,48861.0,33761693.5,2025,22.63,26.6,12.92,15.79
2025-08-12,699.0,699.0,665.0,669.1,-2.44,25450.0,17104257.3,2025,22.63,26.6,12.92,15.79
2025-08-13,670.0,681.4,663.0,665.02,-0.61,26214.0,17536033.4,2025,22.63,26.6,12.92,15.79
2025-08-14,678.3,684.5,672.0,672.75,1.16,35879.0,24247579.5,2025,22.63,26.6,12.92,15.79
2025-08-17,680.0,691.0,663.0,666.77,-0.89,38123.0,25792417.5,2025,22.63,26.6,12.92,15.79
2025-08-18,680.0,680.0,661.5,668.02,0.19,10854.0,7243191.1,2025,22.63,26.6,12.92,15.79
2025-08-19,680.0,680.0,667.0,668.72,0.1,11114.0,7447385.0,2025,22.63,26.6,12.92,15.79
2025-08-20,674.0,674.7,662.4,663.63,-0.76,20808.0,13871912.0,2025,22.63,26.6,12.92,15.79
2025-08-21,668.0,672.8,660.0,662.12,-0.23,11579.0,7671687.3,2025,22.63,26.6,12.92,15.79
2025-08-24,669.0,675.0,663.7,664.93,0.42,15378.0,10290364.0,2025,22.63,26.6,12.92,15.79
2025-08-25,664.93,674.0,664.5,669.97,0.76,14672.0,9822013.8,2025,22.63,26.6,12.92,15.79
2025-08-26,670.0,678.0,668.1,676.65,1.0,18610.0,12571207.7,2025,22.63,26.6,12.92,15.79
2025-08-27,676.6,689.8,675.0,686.42,1.44,32411.0,22201078.8,2025,22.63,26.6,12.92,15.79
2025-08-28,690.0,690.1,669.7,670.46,-2.33,28273.0,19285432.5,2025,22.63,26.6,12.92,15.79
2025-08-31,670.0,680.0,662.0,662.38,-1.21,18194.0,12123928.7,2025,22.63,26.6,12.92,15.79
2025-09-01,672.0,672.0,657.0,666.05,0.55,9817.0,6521469.7,2025,22.63,26.6,12.92,15.79
2025-09-02,675.0,675.0,660.2,661.11,-0.74,10611.0,7037876.6,2025,22.63,26.6,12.92,15.79
2025-09-03,670.0,670.0,657.0,657.04,-0.62,13233.0,8729138.1,2025,22.63,26.6,12.92,15.79
2025-09-04,660.0,667.0,653.3,661.66,0.7,11353.0,7479445.8,2025,22.63,26.6,12.92,15.79
2025-09-07,670.0,670.0,657.0,659.57,-0.32,7287.0,4826618.5,2025,22.63,26.6,12.92,15.79
2025-09-08,656.0,664.0,643.0,647.52,-1.83,20383.0,13271951.9,2025,22.63,26.6,12.92,15.79
2025-09-18,634.6,634.6,633.0,633.0,-2.24,225.0,142745.0,2025,22.63,26.6,12.92,15.79
2025-09-21,620.4,665.0,619.0,661.6,4.52,24503.0,15653784.1,2025,22.63,26.6,12.92,15.79
2025-09-23,667.0,675.0,660.0,675.0,2.03,14613.0,9755405.0,2025,22.63,26.6,12.92,15.79
2025-09-24,665.0,670.0,658.0,658.5,-2.44,7176.0,4746579.2,2025,22.63,26.6,12.92,15.79
2025-09-25,663.0,668.0,647.0,661.0,0.38,5859.0,3866108.8,2025,22.63,26.6,12.92,15.79
2025-09-28,651.0,670.0,650.2,661.0,0.0,6377.0,4211287.3,2025,22.63,26.6,12.92,15.79
2025-10-07,662.0,662.0,642.0,650.0,-1.66,11943.0,7759624.5,2025,22.63,26.6,12.92,15.79
2025-10-08,645.0,649.0,630.1,632.5,-2.69,11220.0,7131035.7,2025,22.63,26.6,12.92,15.79
2025-10-09,645.1,684.0,637.0,637.0,0.71,8545.0,5506060.5,2025,22.63,26.6,12.92,15.79
2025-10-12,637.0,639.9,614.0,614.0,-3.61,32237.0,19992330.1,2025,22.63,26.6,12.92,15.79
2025-10-13,606.1,626.0,605.0,625.0,1.79,6822.0,4209987.2,2025,22.63,26.6,12.92,15.79
2025-10-14,622.0,624.7,612.6,621.0,-0.64,7574.0,4676796.5,2025,22.63,26.6,12.92,15.79
2025-10-15,615.0,621.0,609.0,615.0,-0.97,8132.0,4981520.2,2025,22.63,26.6,12.92,15.79
2025-10-16,615.0,615.0,605.0,606.0,-1.46,9717.0,5906972.0,2025,22.63,26.6,12.92,15.79
2025-10-19,595.0,615.0,595.0,610.0,0.66,9138.0,5574087.0,2025,22.63,26.6,12.92,15.79
2025-10-26,602.0,606.0,595.4,606.0,-0.66,3747.0,2248504.0,2025,22.63,26.6,12.92,15.79
2025-10-28,618.1,628.0,605.8,620.4,2.38,6011.0,3723500.1,2025,22.63,26.6,12.92,15.79
2025-10-29,625.0,640.0,615.0,615.0,-0.87,7698.0,4797249.0,2025,22.63,26.6,12.92,15.79
2025-10-30,627.0,638.0,610.0,630.0,2.44,13382.0,8396041.6,2025,22.63,26.6,12.92,15.79
2025-11-02,640.0,660.0,635.0,656.0,4.13,29119.0,18890893.5,2025,22.63,26.6,12.92,15.79
2025-11-03,660.0,665.0,648.2,660.0,0.61,16333.0,10714267.4,2025,22.63,26.6,12.92,15.79
2025-11-04,667.9,667.9,645.0,645.0,-2.27,11558.0,7505775.7,2025,22.63,26.6,12.92,15.79
2025-11-05,638.1,668.0,635.0,668.0,3.57,28316.0,18551807.4,2025,22.63,26.6,12.92,15.79
2025-11-06,675.0,675.0,651.8,652.0,-2.4,8398.0,5554340.7,2025,22.63,26.6,12.92,15.79
2025-11-09,655.0,660.0,632.0,632.0,-3.07,21599.0,13855122.7,2025,22.63,26.6,12.92,15.79
2025-11-10,635.0,644.0,620.1,627.9,-0.65,9232.0,5779543.4,2025,22.63,26.6,12.92,15.79
2025-11-11,640.0,640.0,620.0,622.5,-0.86,9335.0,5829312.0,2025,22.63,26.6,12.92,15.79
2025-11-12,620.0,630.0,610.3,610.3,-1.96,7287.0,4512985.0,2025,22.63,26.6,12.92,15.79
2025-11-13,622.5,622.5,611.0,615.0,0.77,7338.0,4520227.0,2025,22.63,26.6,12.92,15.79
2025-11-16,615.1,621.0,611.0,612.0,-0.49,4203.0,2582362.9,2025,22.63,26.6,12.92,15.79
2025-11-17,613.0,620.0,612.4,617.0,0.82,3504.0,2159351.0,2025,22.63,26.6,12.92,15.79
2025-11-18,624.0,634.0,620.0,630.0,2.11,6682.0,4196108.9,2025,22.63,26.6,12.92,15.79
2025-11-19,640.0,640.0,620.2,621.0,-1.43,2475.0,1543385.2,2025,22.63,26.6,12.92,15.79
2025-11-20,618.0,627.4,618.0,624.0,0.48,3737.0,2322972.8,2025,22.63,26.6,12.92,15.79
2025-11-23,634.0,634.9,627.0,633.9,1.59,4194.0,2651891.0,2025,22.63,26.6,12.92,15.79
2025-11-24,635.1,644.9,635.0,643.0,1.44,14217.0,9111845.6,2025,22.63,26.6,12.92,15.79
2025-11-25,647.0,650.5,640.0,645.0,0.31,9045.0,5821586.5,2025,22.63,26.6,12.92,15.79
2025-11-26,640.5,649.8,631.0,645.0,0.0,11571.0,7382602.7,2025,22.63,26.6,12.92,15.79
2025-11-27,641.0,644.0,640.0,643.0,-0.31,5242.0,3357494.5,2025,22.63,26.6,12.92,15.79
2025-11-30,652.9,654.0,635.0,639.0,-0.62,22531.0,14522328.8,2025,22.63,26.6,12.92,15.79
2025-12-01,638.0,645.0,636.0,644.9,0.92,8942.0,5732756.0,2025,22.63,26.6,12.92,15.79
2025-12-02,638.0,649.9,638.0,646.8,0.29,4898.0,3157402.3,2025,22.63,26.6,12.92,15.79
2025-12-03,654.0,665.0,642.0,653.7,1.07,126954.0,83247327.7,2025,22.63,26.6,12.92,15.79
2025-12-07,640.7,640.8,626.3,630.0,-3.63,25688.0,16280786.4,2025,22.63,26.6,12.92,15.79
2025-12-08,630.0,633.0,620.0,630.0,0.0,14428.0,9015109.0,2025,22.63,26.6,12.92,15.79
2025-12-09,635.0,635.0,618.0,627.0,-0.48,4844.0,3019129.7,2025,22.63,26.6,12.92,15.79
2025-12-10,639.0,639.0,614.5,625.0,-0.32,5871.0,3655155.7,2025,22.63,26.6,12.92,15.79
2025-12-11,630.0,630.0,612.0,617.0,-1.28,9058.0,5596978.0,2025,22.63,26.6,12.92,15.79
2025-12-14,610.0,624.9,610.0,620.0,0.49,9140.0,5655768.5,2025,22.63,26.6,12.92,15.79
2025-12-15,620.0,623.9,616.0,620.0,0.0,6091.0,3770849.2,2025,22.63,26.6,12.92,15.79
2025-12-16,630.0,630.0,615.0,619.7,-0.05,20058.0,12432089.4,2025,22.63,26.6,12.92,15.79
2025-12-17,619.0,635.0,618.0,633.0,2.15,21119.0,13304735.0,2025,22.63,26.6,12.92,15.79
2025-12-18,629.1,640.0,622.1,624.0,-1.42,23554.0,14886590.3,2025,22.63,26.6,12.92,15.79
2025-12-21,617.0,624.0,616.1,624.0,0.0,20301.0,12547302.1,2025,22.63,26.6,12.92,15.79
2025-12-22,629.9,636.0,617.6,620.0,-0.64,12930.0,8063863.3,2025,22.63,26.6,12.92,15.79
2025-12-23,628.9,628.9,611.0,621.0,0.16,19627.0,12102711.3,2025,22.63,26.6,12.92,15.79
2025-12-24,629.0,629.0,618.1,620.0,-0.16,14173.0,8788643.3,2025,22.63,26.6,12.92,15.79
2025-12-28,620.0,640.0,620.0,640.0,3.23,29989.0,18979079.3,2025,22.63,26.6,12.92,15.79
2025-12-29,641.0,650.0,636.0,636.5,-0.55,28969.0,18620555.9,2025,22.63,26.6,12.92,15.79
2025-12-31,640.0,646.9,630.0,635.0,-0.24,27004.0,17236629.8,2025,22.63,26.6,12.92,15.79
2026-01-01,633.0,635.0,625.0,627.0,-1.26,50782.0,31914165.9,2026,,,,
2026-01-04,634.9,635.0,627.0,630.0,0.48,10986.0,6931465.3,2026,,,,
2026-01-05,639.0,640.0,628.2,629.2,-0.13,23087.0,14581255.8,2026,,,,
2026-01-06,629.2,652.0,629.2,651.0,3.46,78242.0,50323786.0,2026,,,,
2026-01-07,658.9,665.0,645.0,651.9,0.14,71798.0,47142509.0,2026,,,,
2026-01-08,648.1,652.8,648.0,649.0,-0.44,17446.0,11328287.5,2026,,,,
2026-01-12,656.0,656.0,641.9,644.0,-0.77,26321.0,17002301.1,2026,,,,
2026-01-13,651.0,651.0,642.6,642.8,-0.19,21173.0,13638090.4,2026,,,,
2026-01-14,642.2,667.0,640.1,660.0,2.68,82524.0,54550295.3,2026,,,,
2026-01-18,671.9,700.1,661.1,696.0,5.45,141531.0,97297756.5,2026,,,,
2026-01-20,709.8,715.0,695.0,698.4,0.34,147123.0,103677206.3,2026,,,,
2026-01-21,699.0,700.0,680.0,691.0,-1.06,52858.0,36413067.4,2026,,,,
2026-01-22,690.0,703.0,680.2,695.0,0.58,103245.0,71345952.4,2026,,,,
