,date,open,high,low,close,price_change_pct,volume,turnover,year,eps,pe-ratio,roe,dividend
0,2022-01-02,447.0,457.9,439.1,457.9,2.44,16214.0,7294539.2,2022,37.36,16.51,14.15,16.51
1,2022-01-03,466.9,467.0,457.9,462.0,0.9,14593.0,6735724.1,2022,37.36,16.51,14.15,16.51
2,2022-01-04,462.0,508.2,452.8,497.0,7.58,48028.0,23587557.0,2022,37.36,16.51,14.15,16.51
3,2022-01-05,488.0,515.0,482.2,489.0,-1.61,16531.0,8196669.8,2022,37.36,16.51,14.15,16.51
4,2022-01-06,480.0,525.0,480.0,510.0,4.29,31673.0,15905067.2,2022,37.36,16.51,14.15,16.51
5,2022-01-09,519.9,530.0,515.0,520.0,1.96,38421.0,19999321.9,2022,37.36,16.51,14.15,16.51
6,2022-01-10,510.0,530.4,510.0,520.0,0.0,32327.0,16826128.7,2022,37.36,16.51,14.15,16.51
7,2022-01-11,510.0,520.0,507.0,515.0,-0.96,10971.0,5652590.4,2022,37.36,16.51,14.15,16.51
8,2022-01-12,520.0,520.0,505.0,505.0,-1.94,10647.0,5433382.7,2022,37.36,16.51,14.15,16.51
9,2022-01-13,500.0,505.0,495.0,500.0,-0.99,14802.0,7395994.3,2022,37.36,16.51,14.15,16.51
10,2022-01-16,510.0,550.0,500.1,550.0,10.0,44540.0,23160756.9,2022,37.36,16.51,14.15,16.51
11,2022-01-17,561.0,561.0,530.0,534.0,-2.91,41753.0,22593617.2,2022,37.36,16.51,14.15,16.51
12,2022-01-18,530.0,545.0,530.0,535.9,0.36,42876.0,22959981.5,2022,37.36,16.51,14.15,16.51
13,2022-01-19,530.0,540.6,522.0,526.0,-1.85,19006.0,10055557.2,2022,37.36,16.51,14.15,16.51
14,2022-01-20,529.0,529.0,516.0,525.0,-0.19,15295.0,7973926.2,2022,37.36,16.51,14.15,16.51
15,2022-01-23,526.0,534.0,516.1,522.0,-0.57,24106.0,12611633.7,2022,37.36,16.51,14.15,16.51
16,2022-01-24,522.0,523.0,501.6,510.0,-2.3,31246.0,15970866.3,2022,37.36,16.51,14.15,16.51
17,2022-01-25,520.2,520.2,505.0,514.2,0.82,11527.0,5893821.4,2022,37.36,16.51,14.15,16.51
18,2022-01-26,504.0,520.0,500.1,506.0,-1.59,13455.0,6832784.1,2022,37.36,16.51,14.15,16.51
19,2022-01-27,496.0,520.0,495.0,501.0,-0.99,23094.0,11563610.1,2022,37.36,16.51,14.15,16.51
20,2022-01-30,510.0,525.0,500.0,517.9,3.37,21665.0,11107483.1,2022,37.36,16.51,14.15,16.51
21,2022-01-31,525.0,525.0,507.0,507.0,-2.1,9219.0,4705697.9,2022,37.36,16.51,14.15,16.51
22,2022-02-01,502.1,512.0,500.0,506.0,-0.2,24303.0,12243934.4,2022,37.36,16.51,14.15,16.51
23,2022-02-03,501.0,515.0,501.0,508.1,0.42,16760.0,8566813.6,2022,37.36,16.51,14.15,16.51
24,2022-02-06,510.0,510.0,500.0,501.0,-1.4,25412.0,12759636.1,2022,37.36,16.51,14.15,16.51
25,2022-02-07,500.0,508.0,500.0,506.0,1.0,6140.0,3089218.6,2022,37.36,16.51,14.15,16.51
26,2022-02-08,516.1,520.0,500.0,501.0,-0.99,12327.0,6239773.2,2022,37.36,16.51,14.15,16.51
27,2022-02-09,504.0,505.0,493.0,495.1,-1.18,20092.0,9968856.5,2022,37.36,16.51,14.15,16.51
28,2022-02-10,505.0,505.0,494.9,494.9,-0.04,13717.0,6816923.4,2022,37.36,16.51,14.15,16.51
29,2022-02-13,485.1,488.0,475.0,480.0,-3.01,29854.0,14326428.3,2022,37.36,16.51,14.15,16.51
30,2022-02-14,471.0,490.0,470.0,484.0,0.83,8173.0,3951686.8,2022,37.36,16.51,14.15,16.51
31,2022-02-15,486.0,487.0,480.0,485.0,0.21,9519.0,4605724.1,2022,37.36,16.51,14.15,16.51
32,2022-02-16,482.0,514.0,482.0,487.0,0.41,6975.0,3443079.0,2022,37.36,16.51,14.15,16.51
33,2022-02-17,480.0,496.0,480.0,482.5,-0.92,14477.0,7014501.5,2022,37.36,16.51,14.15,16.51
34,2022-02-20,473.0,482.8,464.0,476.2,-1.31,9988.0,4761689.0,2022,37.36,16.51,14.15,16.51
35,2022-02-21,484.0,484.0,470.0,472.5,-0.78,14688.0,6965413.3,2022,37.36,16.51,14.15,16.51
36,2022-02-22,481.0,485.0,475.0,476.0,0.74,12049.0,5748581.0,2022,37.36,16.51,14.15,16.51
37,2022-02-23,476.0,482.0,475.0,479.0,0.63,18738.0,8976634.4,2022,37.36,16.51,14.15,16.51
38,2022-02-24,479.0,479.0,468.0,470.0,-1.88,15830.0,7453348.1,2022,37.36,16.51,14.15,16.51
39,2022-02-27,470.0,479.0,464.1,473.0,0.64,8985.0,4230481.5,2022,37.36,16.51,14.15,16.51
40,2022-02-28,472.0,473.9,467.0,467.0,-1.27,13525.0,6340030.7,2022,37.36,16.51,14.15,16.51
41,2022-03-02,464.2,464.2,455.0,460.0,-1.5,13631.0,6265586.1,2022,37.36,16.51,14.15,16.51
42,2022-03-06,460.0,460.0,453.4,455.0,-1.09,10507.0,4784626.3,2022,37.36,16.51,14.15,16.51
43,2022-03-07,464.0,464.1,456.0,456.0,0.22,8992.0,4127503.5,2022,37.36,16.51,14.15,16.51
44,2022-03-09,459.0,459.0,450.0,452.0,-0.88,8075.0,3650585.1,2022,37.36,16.51,14.15,16.51
45,2022-03-10,450.0,468.0,450.0,460.0,1.77,19155.0,8764688.7,2022,37.36,16.51,14.15,16.51
46,2022-03-13,460.0,478.1,460.0,470.0,2.17,10779.0,5086614.9,2022,37.36,16.51,14.15,16.51
47,2022-03-14,478.0,478.0,463.1,470.1,0.02,2525.0,1192319.8,2022,37.36,16.51,14.15,16.51
48,2022-03-15,470.0,470.0,460.7,464.0,-1.3,5471.0,2534729.1,2022,37.36,16.51,14.15,16.51
49,2022-03-16,460.1,470.0,460.0,463.0,-0.22,9332.0,4320910.6,2022,37.36,16.51,14.15,16.51
50,2022-03-20,457.0,471.0,456.1,462.0,-0.22,4724.0,2181913.1,2022,37.36,16.51,14.15,16.51
51,2022-03-21,465.0,465.0,455.0,459.0,-0.65,14937.0,6836399.1,2022,37.36,16.51,14.15,16.51
52,2022-03-22,459.0,463.0,459.0,462.0,0.65,11263.0,5193342.4,2022,37.36,16.51,14.15,16.51
53,2022-03-23,461.5,471.0,461.5,463.0,0.22,10233.0,4740541.3,2022,37.36,16.51,14.15,16.51
54,2022-03-24,455.0,470.0,455.0,463.0,0.0,14040.0,6464843.8,2022,37.36,16.51,14.15,16.51
55,2022-03-27,455.0,463.0,455.0,455.1,-1.71,12622.0,5781600.9,2022,37.36,16.51,14.15,16.51
56,2022-03-28,458.0,458.0,450.0,450.2,-1.08,12475.0,5625167.7,2022,37.36,16.51,14.15,16.51
57,2022-03-29,459.0,459.0,450.0,457.0,1.51,11977.0,5424915.8,2022,37.36,16.51,14.15,16.51
58,2022-03-30,449.0,457.0,449.0,456.9,-0.02,6345.0,2879501.5,2022,37.36,16.51,14.15,16.51
59,2022-03-31,465.9,466.0,450.6,452.0,-1.07,7396.0,3341753.5,2022,37.36,16.51,14.15,16.51
60,2022-04-03,452.0,452.0,447.1,450.0,-0.44,5861.0,2632870.8,2022,37.36,16.51,14.15,16.51
61,2022-04-04,459.0,459.0,446.1,448.0,-0.44,12225.0,5476031.1,2022,37.36,16.51,14.15,16.51
62,2022-04-05,456.9,456.9,440.2,442.1,-1.32,6086.0,2690249.0,2022,37.36,16.51,14.15,16.51
63,2022-04-06,440.0,450.9,436.0,438.0,-0.93,11599.0,5126827.4,2022,37.36,16.51,14.15,16.51
64,2022-04-07,434.5,447.0,434.5,445.0,1.6,11197.0,4949555.2,2022,37.36,16.51,14.15,16.51
65,2022-04-11,450.0,450.0,441.6,441.6,-0.76,13605.0,6044251.0,2022,37.36,16.51,14.15,16.51
66,2022-04-12,440.1,442.0,435.0,438.0,-0.82,6359.0,2778759.2,2022,37.36,16.51,14.15,16.51
67,2022-04-13,433.1,512.0,433.1,453.7,3.58,13351.0,5967129.0,2022,37.36,16.51,14.15,16.51
68,2022-04-17,462.7,462.7,439.5,440.0,-3.02,7977.0,3542179.4,2022,37.36,16.51,14.15,16.51
69,2022-04-18,440.0,448.8,436.0,437.0,-0.68,6545.0,2874845.6,2022,37.36,16.51,14.15,16.51
70,2022-04-19,435.0,440.9,432.0,437.0,0.0,5507.0,2412361.9,2022,37.36,16.51,14.15,16.51
71,2022-04-20,445.7,446.5,438.0,441.0,0.92,16005.0,7055112.4,2022,37.36,16.51,14.15,16.51
72,2022-04-21,449.8,449.8,435.0,437.1,-0.88,10435.0,4561374.4,2022,37.36,16.51,14.15,16.51
73,2022-04-24,445.8,451.0,443.0,450.1,2.97,11729.0,5230497.4,2022,37.36,16.51,14.15,16.51
74,2022-04-25,454.0,456.0,442.0,442.0,-1.8,11976.0,5360114.7,2022,37.36,16.51,14.15,16.51
75,2022-04-26,442.0,450.0,440.0,440.0,-0.45,4929.0,2183901.3,2022,37.36,16.51,14.15,16.51
76,2022-04-27,437.0,441.0,436.0,438.5,-0.34,5895.0,2586412.5,2022,37.36,16.51,14.15,16.51
77,2022-04-28,447.2,447.2,438.1,439.0,0.11,4135.0,1819298.2,2022,37.36,16.51,14.15,16.51
78,2022-05-02,439.0,440.0,433.8,436.0,-0.68,13808.0,6013275.6,2022,37.36,16.51,14.15,16.51
79,2022-05-04,430.1,436.0,430.1,434.5,-0.34,3455.0,1500810.1,2022,37.36,16.51,14.15,16.51
80,2022-05-05,432.0,438.0,430.6,431.0,-0.81,6206.0,2686147.9,2022,37.36,16.51,14.15,16.51
81,2022-05-08,429.0,432.0,422.0,432.0,0.23,11426.0,4890087.2,2022,37.36,16.51,14.15,16.51
82,2022-05-09,440.6,440.6,431.0,434.0,0.46,7937.0,3459360.2,2022,37.36,16.51,14.15,16.51
83,2022-05-10,433.0,441.6,433.0,441.6,1.75,5626.0,2470134.2,2022,37.36,16.51,14.15,16.51
84,2022-05-11,440.1,444.0,440.0,444.0,0.54,2906.0,1285216.0,2022,37.36,16.51,14.15,16.51
85,2022-05-12,449.9,449.9,438.0,440.9,-0.7,10173.0,4483543.4,2022,37.36,16.51,14.15,16.51
86,2022-05-17,435.0,439.0,430.0,435.0,-1.34,6192.0,2685936.4,2022,37.36,16.51,14.15,16.51
87,2022-05-18,429.0,435.0,429.0,432.0,-0.69,6071.0,2616916.6,2022,37.36,16.51,14.15,16.51
88,2022-05-19,430.1,435.0,426.0,430.0,-0.46,5560.0,2393889.7,2022,37.36,16.51,14.15,16.51
89,2022-05-20,425.7,435.0,425.0,428.0,-0.47,4264.0,1831327.2,2022,37.36,16.51,14.15,16.51
90,2022-05-23,436.5,436.5,422.0,422.8,-1.21,9719.0,4119947.8,2022,37.36,16.51,14.15,16.51
91,2022-05-24,431.2,431.2,423.0,428.0,1.23,10144.0,4323801.6,2022,37.36,16.51,14.15,16.51
92,2022-05-25,436.5,436.5,405.0,432.0,0.93,9512.0,4031513.0,2022,37.36,16.51,14.15,16.51
93,2022-05-26,440.6,440.6,421.5,436.0,0.93,15251.0,6494578.7,2022,37.36,16.51,14.15,16.51
94,2022-05-27,436.0,436.0,428.2,430.7,-1.22,4456.0,1922029.7,2022,37.36,16.51,14.15,16.51
95,2022-05-30,439.3,439.3,420.0,424.9,-1.35,6222.0,2629076.8,2022,37.36,16.51,14.15,16.51
96,2022-05-31,424.5,424.5,418.0,420.0,-1.15,10350.0,4346261.6,2022,37.36,16.51,14.15,16.51
97,2022-06-01,421.0,423.0,418.0,420.0,0.0,8761.0,3674559.7,2022,37.36,16.51,14.15,16.51
98,2022-06-02,425.5,426.0,416.3,419.9,-0.02,3257.0,1362673.2,2022,37.36,16.51,14.15,16.51
99,2022-06-03,428.2,428.2,413.2,416.0,-0.93,8143.0,3382204.3,2022,37.36,16.51,14.15,16.51
100,2022-06-06,424.3,424.3,407.0,412.0,-0.96,4636.0,1904513.4,2022,37.36,16.51,14.15,16.51
101,2022-06-07,412.0,412.0,400.2,401.0,-2.67,12264.0,4950855.0,2022,37.36,16.51,14.15,16.51
102,2022-06-08,409.0,411.0,400.0,405.0,1.0,15338.0,6203476.5,2022,37.36,16.51,14.15,16.51
103,2022-06-09,413.1,413.1,400.1,400.4,-1.14,15425.0,6228890.9,2022,37.36,16.51,14.15,16.51
104,2022-06-10,398.0,403.0,397.0,397.0,-0.85,12045.0,4808577.9,2022,37.36,16.51,14.15,16.51
105,2022-06-13,397.0,404.0,395.0,399.0,0.5,12312.0,4902601.0,2022,37.36,16.51,14.15,16.51
106,2022-06-14,399.0,399.9,395.0,397.0,-0.5,7612.0,3017953.8,2022,37.36,16.51,14.15,16.51
107,2022-06-15,400.0,400.0,391.0,391.0,-1.51,9554.0,3754627.6,2022,37.36,16.51,14.15,16.51
108,2022-06-16,384.0,397.9,384.0,390.0,-0.26,8581.0,3354863.0,2022,37.36,16.51,14.15,16.51
109,2022-06-17,393.0,397.0,390.0,390.0,0.0,4993.0,1951771.9,2022,37.36,16.51,14.15,16.51
110,2022-06-19,385.2,392.9,385.0,390.0,0.0,5310.0,2069209.2,2022,37.36,16.51,14.15,16.51
111,2022-06-20,384.0,390.0,382.2,385.5,-1.15,14718.0,5666704.5,2022,37.36,16.51,14.15,16.51
112,2022-06-21,385.0,400.0,385.0,390.0,1.17,7918.0,3100397.0,2022,37.36,16.51,14.15,16.51
113,2022-06-22,387.0,392.0,385.0,391.0,0.26,6980.0,2722333.8,2022,37.36,16.51,14.15,16.51
114,2022-06-23,398.8,398.8,382.1,383.1,-2.02,21789.0,8414782.7,2022,37.36,16.51,14.15,16.51
115,2022-06-24,390.0,390.0,380.0,388.8,1.49,6468.0,2484159.3,2022,37.36,16.51,14.15,16.51
116,2022-06-26,396.0,405.0,390.5,404.9,4.14,13696.0,5482020.1,2022,37.36,16.51,14.15,16.51
117,2022-06-27,412.0,419.0,392.1,401.0,-0.96,11471.0,4621379.1,2022,37.36,16.51,14.15,16.51
118,2022-06-28,401.0,404.0,396.6,401.0,0.0,5094.0,2031641.0,2022,37.36,16.51,14.15,16.51
119,2022-06-29,409.0,409.0,397.2,404.0,0.75,6598.0,2659585.2,2022,37.36,16.51,14.15,16.51
120,2022-06-30,411.9,411.9,403.0,409.0,1.24,11914.0,4857477.1,2022,37.36,16.51,14.15,16.51
121,2022-07-01,417.0,417.0,389.5,389.5,-4.77,11396.0,4611817.0,2022,37.36,16.51,14.15,16.51
122,2022-07-03,397.0,406.8,381.8,403.5,3.59,19508.0,7672977.5,2022,37.36,16.51,14.15,16.51
123,2022-07-04,408.0,415.0,403.8,409.9,1.59,15449.0,6320038.7,2022,37.36,16.51,14.15,16.51
124,2022-07-05,401.8,414.0,394.1,400.0,-2.42,15039.0,6046235.7,2022,37.36,16.51,14.15,16.51
125,2022-07-06,403.0,404.0,396.0,401.0,0.25,15234.0,6093727.9,2022,37.36,16.51,14.15,16.51
126,2022-07-07,400.0,403.0,398.0,400.0,-0.25,14587.0,5825261.6,2022,37.36,16.51,14.15,16.51
127,2022-07-08,397.0,399.0,387.0,395.0,-1.25,14858.0,5826772.0,2022,37.36,16.51,14.15,16.51
128,2022-07-11,396.0,396.0,379.6,387.5,-1.9,35074.0,13473642.6,2022,37.36,16.51,14.15,16.51
129,2022-07-12,387.5,395.0,375.0,384.0,-0.9,19747.0,7539526.9,2022,37.36,16.51,14.15,16.51
130,2022-07-13,391.0,397.0,382.2,394.0,2.6,6192.0,2404631.9,2022,37.36,16.51,14.15,16.51
131,2022-07-14,401.8,401.8,390.0,391.6,-0.61,158671.0,62065314.7,2022,37.36,16.51,14.15,16.51
132,2022-07-15,398.9,400.0,395.0,396.3,1.2,5051.0,2012593.6,2022,37.36,16.51,14.15,16.51
133,2022-07-17,390.0,400.0,387.1,394.9,-0.35,20704.0,8134929.8,2022,37.36,16.51,14.15,16.51
134,2022-07-18,394.0,398.0,393.0,396.2,0.33,52068.0,20549487.7,2022,37.36,16.51,14.15,16.51
135,2022-07-19,397.0,403.7,397.0,400.0,0.96,13947.0,5575578.5,2022,37.36,16.51,14.15,16.51
136,2022-07-20,394.6,406.7,394.6,402.0,0.5,112934.0,44672198.0,2022,37.36,16.51,14.15,16.51
137,2022-07-21,400.0,405.9,394.0,402.5,0.12,6326.0,2535364.0,2022,37.36,16.51,14.15,16.51
138,2022-07-22,399.0,400.0,387.1,398.0,-1.12,4047.0,1604436.6,2022,37.36,16.51,14.15,16.51
139,2022-07-24,398.0,409.0,391.0,409.0,2.76,23868.0,9556559.3,2022,37.36,16.51,14.15,16.51
140,2022-07-25,411.0,425.0,411.0,425.0,3.91,34126.0,14249745.2,2022,37.36,16.51,14.15,16.51
141,2022-07-26,427.9,427.9,411.0,415.0,-2.35,35955.0,14881749.5,2022,37.36,16.51,14.15,16.51
142,2022-07-27,423.0,433.0,418.0,433.0,4.34,55196.0,23425645.8,2022,37.36,16.51,14.15,16.51
143,2022-07-28,441.0,462.9,430.0,462.9,6.91,59744.0,26524858.2,2022,37.36,16.51,14.15,16.51
144,2022-07-29,469.0,470.0,450.0,465.0,0.45,36593.0,16765400.1,2022,37.36,16.51,14.15,16.51
145,2022-07-31,470.0,510.0,455.0,510.0,9.68,44052.0,20878278.2,2022,37.36,16.51,14.15,16.51
146,2022-08-01,512.0,512.0,483.0,486.0,-4.71,67005.0,33179058.0,2022,37.36,16.51,14.15,16.51
147,2022-08-02,487.0,487.9,468.3,474.6,-2.35,40106.0,19032618.5,2022,37.36,16.51,14.15,16.51
148,2022-08-03,476.0,480.9,456.0,456.0,-3.92,39894.0,18665846.0,2022,37.36,16.51,14.15,16.51
149,2022-08-04,448.0,468.0,440.0,451.0,-1.1,38694.0,17365485.0,2022,37.36,16.51,14.15,16.51
150,2022-08-05,445.0,452.9,441.0,445.0,-1.33,7440.0,3315599.2,2022,37.36,16.51,14.15,16.51
151,2022-08-07,445.0,453.0,445.0,453.0,1.8,18032.0,8075875.8,2022,37.36,16.51,14.15,16.51
152,2022-08-08,461.9,461.9,442.0,444.1,-1.96,20624.0,9218366.7,2022,37.36,16.51,14.15,16.51
153,2022-08-09,437.3,451.9,432.0,436.0,-1.82,12817.0,5626489.3,2022,37.36,16.51,14.15,16.51
154,2022-08-10,440.0,440.0,429.0,429.0,-1.61,16773.0,7243689.1,2022,37.36,16.51,14.15,16.51
155,2022-08-11,425.0,437.0,425.0,430.0,0.23,11210.0,4815760.7,2022,37.36,16.51,14.15,16.51
156,2022-08-14,421.4,438.6,421.4,424.0,-1.4,14531.0,6219000.2,2022,37.36,16.51,14.15,16.51
157,2022-08-15,424.0,457.7,422.0,451.0,6.37,17285.0,7404296.9,2022,37.36,16.51,14.15,16.51
158,2022-08-16,442.0,460.0,434.0,439.1,-2.64,17620.0,7833123.1,2022,37.36,16.51,14.15,16.51
159,2022-08-17,443.0,443.0,426.3,430.0,-2.07,13134.0,5648904.8,2022,37.36,16.51,14.15,16.51
160,2022-08-18,430.0,444.6,427.4,441.0,2.56,12890.0,5628626.2,2022,37.36,16.51,14.15,16.51
161,2022-08-21,445.0,449.8,437.3,437.3,-0.84,7374.0,3260526.8,2022,37.36,16.51,14.15,16.51
162,2022-08-22,431.1,440.0,431.0,440.0,0.62,2924.0,1277234.6,2022,37.36,16.51,14.15,16.51
163,2022-08-23,438.0,442.0,425.0,438.9,-0.25,15308.0,6667476.7,2022,37.36,16.51,14.15,16.51
164,2022-08-24,440.0,440.0,430.6,435.0,-0.89,5589.0,2417621.8,2022,37.36,16.51,14.15,16.51
165,2022-08-25,435.0,440.0,431.0,432.0,-0.69,5833.0,2530577.5,2022,37.36,16.51,14.15,16.51
166,2022-08-26,438.0,438.0,424.9,425.6,-1.48,10140.0,4326202.0,2022,37.36,16.51,14.15,16.51
167,2022-08-28,420.1,427.0,420.0,425.0,-0.14,10563.0,4453370.5,2022,37.36,16.51,14.15,16.51
168,2022-08-29,421.5,427.5,421.0,421.0,-0.94,11699.0,4944304.1,2022,37.36,16.51,14.15,16.51
169,2022-08-30,422.0,430.0,421.3,421.4,0.1,8802.0,3728450.3,2022,37.36,16.51,14.15,16.51
170,2022-08-31,426.0,427.0,419.0,422.8,0.33,5671.0,2385873.7,2022,37.36,16.51,14.15,16.51
171,2022-09-01,415.2,421.0,415.2,419.0,-0.9,5639.0,2360105.9,2022,37.36,16.51,14.15,16.51
172,2022-09-02,420.0,420.0,412.0,419.0,0.0,3892.0,1620488.0,2022,37.36,16.51,14.15,16.51
173,2022-09-04,419.1,425.0,415.2,422.0,0.72,9286.0,3888429.8,2022,37.36,16.51,14.15,16.51
174,2022-09-05,420.0,422.0,416.1,417.0,-1.18,3885.0,1628155.6,2022,37.36,16.51,14.15,16.51
175,2022-09-06,420.0,424.9,413.0,413.1,-0.94,8859.0,3674520.4,2022,37.36,16.51,14.15,16.51
176,2022-09-07,410.0,415.0,406.5,410.0,-0.75,3907.0,1605794.6,2022,37.36,16.51,14.15,16.51
177,2022-09-08,410.1,415.0,405.1,408.1,-0.46,10559.0,4318077.8,2022,37.36,16.51,14.15,16.51
178,2022-09-11,407.0,415.0,407.0,411.0,0.71,3473.0,1421091.7,2022,37.36,16.51,14.15,16.51
179,2022-09-12,411.0,411.9,407.0,411.0,0.0,2463.0,1008301.5,2022,37.36,16.51,14.15,16.51
180,2022-09-13,414.0,420.0,413.0,417.8,1.65,4190.0,1742116.6,2022,37.36,16.51,14.15,16.51
181,2022-09-14,417.8,423.8,412.0,423.8,1.44,8995.0,3780105.4,2022,37.36,16.51,14.15,16.51
182,2022-09-15,424.0,428.0,405.0,409.5,-3.37,13470.0,5537941.3,2022,37.36,16.51,14.15,16.51
183,2022-09-16,402.4,410.0,402.0,410.0,0.12,4676.0,1902254.8,2022,37.36,16.51,14.15,16.51
184,2022-09-18,402.0,410.0,397.1,399.8,-2.49,24569.0,9859823.2,2022,37.36,16.51,14.15,16.51
185,2022-09-20,399.0,400.0,392.1,400.0,0.05,12629.0,4986771.7,2022,37.36,16.51,14.15,16.51
186,2022-09-21,407.0,407.0,390.0,394.0,-1.5,13376.0,5274325.9,2022,37.36,16.51,14.15,16.51
187,2022-09-22,393.0,398.0,390.0,392.0,-0.51,6498.0,2543396.7,2022,37.36,16.51,14.15,16.51
188,2022-09-25,395.0,398.9,390.1,394.0,0.51,7292.0,2857839.0,2022,37.36,16.51,14.15,16.51
189,2022-09-27,387.0,406.9,387.0,402.0,2.03,3007.0,1197878.1,2022,37.36,16.51,14.15,16.51
190,2022-09-28,402.3,406.0,399.0,400.0,-0.5,2354.0,945527.1,2022,37.36,16.51,14.15,16.51
191,2022-09-29,401.0,402.0,396.3,401.2,0.3,7019.0,2807179.4,2022,37.36,16.51,14.15,16.51
192,2022-10-09,402.0,421.1,402.0,416.7,3.86,2748.0,1119661.1,2022,37.36,16.51,14.15,16.51
193,2022-10-10,411.0,414.0,400.0,406.8,-2.38,7212.0,2909272.2,2022,37.36,16.51,14.15,16.51
194,2022-10-11,408.4,408.4,400.2,404.0,-0.69,3167.0,1276519.9,2022,37.36,16.51,14.15,16.51
195,2022-10-12,411.0,411.0,402.0,402.0,-0.5,4772.0,1926601.8,2022,37.36,16.51,14.15,16.51
196,2022-10-13,408.0,410.0,398.0,400.0,-0.5,10129.0,4055785.0,2022,37.36,16.51,14.15,16.51
197,2022-10-16,398.0,429.0,397.0,429.0,7.25,11178.0,4478728.0,2022,37.36,16.51,14.15,16.51
198,2022-10-17,437.5,437.5,402.0,410.0,-4.43,23037.0,9441906.3,2022,37.36,16.51,14.15,16.51
199,2022-10-19,402.1,410.0,400.2,405.0,-1.22,4919.0,1992710.3,2022,37.36,16.51,14.15,16.51
200,2022-10-20,401.0,408.0,401.0,404.9,-0.02,3225.0,1305698.8,2022,37.36,16.51,14.15,16.51
201,2022-10-23,409.0,409.0,402.0,403.0,-0.47,4357.0,1766320.2,2022,37.36,16.51,14.15,16.51
202,2022-10-31,411.0,427.9,411.0,418.0,3.72,30058.0,12645040.0,2022,37.36,16.51,14.15,16.51
203,2022-11-01,421.0,425.0,412.6,418.0,0.0,26016.0,10901671.0,2022,37.36,16.51,14.15,16.51
204,2022-11-02,423.0,426.0,413.5,420.5,0.6,11285.0,4747334.0,2022,37.36,16.51,14.15,16.51
205,2022-11-03,416.0,420.9,415.3,419.0,-0.36,7668.0,3210109.0,2022,37.36,16.51,14.15,16.51
206,2022-11-06,419.1,424.0,415.6,421.0,0.48,18214.0,7646889.8,2022,37.36,16.51,14.15,16.51
207,2022-11-07,421.0,428.0,420.1,422.0,0.24,11953.0,5069966.3,2022,37.36,16.51,14.15,16.51
208,2022-11-08,421.0,424.0,418.1,419.1,-0.69,5844.0,2455007.1,2022,37.36,16.51,14.15,16.51
209,2022-11-09,419.5,423.5,416.0,417.8,-0.31,7949.0,3321234.8,2022,37.36,16.51,14.15,16.51
210,2022-11-10,420.0,420.0,411.1,415.0,-0.67,7408.0,3070165.2,2022,37.36,16.51,14.15,16.51
211,2022-11-13,423.0,423.0,412.0,412.5,-0.6,4999.0,2069671.2,2022,37.36,16.51,14.15,16.51
212,2022-11-14,412.2,419.0,412.2,418.9,1.55,12413.0,5160690.9,2022,37.36,16.51,14.15,16.51
213,2022-11-15,421.0,421.0,416.2,417.0,-0.45,1945.0,812695.9,2022,37.36,16.51,14.15,16.51
214,2022-11-16,420.0,423.3,415.0,422.5,1.32,6814.0,2866114.4,2022,37.36,16.51,14.15,16.51
215,2022-11-17,430.0,430.0,421.0,426.1,0.85,6744.0,2862366.7,2022,37.36,16.51,14.15,16.51
216,2022-11-22,434.0,440.0,432.2,439.0,3.03,46364.0,20195162.3,2022,37.36,16.51,14.15,16.51
217,2022-11-23,433.0,433.0,415.0,418.0,-4.78,11493.0,4803145.5,2022,37.36,16.51,14.15,16.51
218,2022-11-24,422.0,424.0,412.0,418.3,0.07,8821.0,3648448.3,2022,37.36,16.51,14.15,16.51
219,2022-11-27,415.0,416.0,411.0,411.3,-1.67,10915.0,4505233.6,2022,37.36,16.51,14.15,16.51
220,2022-11-28,419.5,419.6,405.0,407.0,-1.05,13907.0,5720544.4,2022,37.36,16.51,14.15,16.51
221,2022-11-29,409.0,412.0,405.5,408.0,0.25,7670.0,3135685.0,2022,37.36,16.51,14.15,16.51
222,2022-11-30,406.0,410.9,406.0,408.0,0.0,7218.0,2949136.7,2022,37.36,16.51,14.15,16.51
223,2022-12-01,405.0,412.0,405.0,410.8,0.69,8993.0,3678891.6,2022,37.36,16.51,14.15,16.51
224,2022-12-04,406.0,416.9,406.0,412.1,0.32,5021.0,2072261.4,2022,37.36,16.51,14.15,16.51
225,2022-12-05,410.0,417.0,409.0,409.0,-0.75,4768.0,1955185.8,2022,37.36,16.51,14.15,16.51
226,2022-12-06,409.0,412.0,406.0,406.5,-0.61,4382.0,1789996.7,2022,37.36,16.51,14.15,16.51
227,2022-12-07,407.0,407.1,401.2,402.7,-0.93,7278.0,2936247.4,2022,37.36,16.51,14.15,16.51
228,2022-12-11,398.0,404.0,396.0,402.8,0.02,9534.0,3824818.2,2022,37.36,16.51,14.15,16.51
229,2022-12-12,405.0,405.0,400.0,402.0,-0.2,10687.0,4288306.9,2022,37.36,16.51,14.15,16.51
230,2022-12-13,402.0,405.0,400.0,403.2,0.3,4010.0,1614551.2,2022,37.36,16.51,14.15,16.51
231,2022-12-14,402.0,403.2,398.0,400.0,-0.79,7463.0,2987079.4,2022,37.36,16.51,14.15,16.51
232,2022-12-15,398.5,405.0,398.5,400.0,0.0,6707.0,2688369.2,2022,37.36,16.51,14.15,16.51
233,2022-12-18,395.0,399.0,394.0,397.7,-0.58,12685.0,5021930.1,2022,37.36,16.51,14.15,16.51
234,2022-12-19,393.0,399.0,392.0,398.8,0.28,6604.0,2624453.0,2022,37.36,16.51,14.15,16.51
235,2022-12-20,396.0,405.0,396.0,402.5,0.93,6828.0,2744444.5,2022,37.36,16.51,14.15,16.51
236,2022-12-21,400.0,407.9,400.0,404.9,0.6,4495.0,1812555.6,2022,37.36,16.51,14.15,16.51
237,2022-12-22,400.0,408.0,400.0,404.7,-0.05,9832.0,3974565.4,2022,37.36,16.51,14.15,16.51
238,2022-12-26,412.0,412.9,404.0,412.9,2.03,9846.0,4021439.3,2022,37.36,16.51,14.15,16.51
239,2022-12-27,416.0,424.0,415.0,423.0,2.45,49025.0,20497796.7,2022,37.36,16.51,14.15,16.51
240,2022-12-28,425.0,425.0,414.6,419.8,-0.76,5023.0,2104267.1,2022,37.36,16.51,14.15,16.51
241,2022-12-29,414.1,440.0,414.1,434.0,3.38,18258.0,7874823.7,2022,37.36,16.51,14.15,16.51
242,2023-01-01,442.0,462.9,435.0,437.1,0.71,23398.0,10353217.9,2023,43.19,14.8,17.55,19.0
243,2023-01-02,431.0,446.0,431.0,440.3,0.73,10471.0,4627144.7,2023,43.19,14.8,17.55,19.0
244,2023-01-03,434.0,459.0,434.0,447.0,1.52,24127.0,10712328.2,2023,43.19,14.8,17.55,19.0
245,2023-01-04,454.9,469.2,444.1,462.0,3.36,35270.0,16054204.7,2023,43.19,14.8,17.55,19.0
246,2023-01-05,462.0,474.3,454.0,464.0,0.43,21396.0,9923379.4,2023,43.19,14.8,17.55,19.0
247,2023-01-08,470.0,470.0,456.0,458.6,-1.16,20591.0,9510649.3,2023,43.19,14.8,17.55,19.0
248,2023-01-09,458.0,475.0,452.1,475.0,3.58,33999.0,15732521.1,2023,43.19,14.8,17.55,19.0
249,2023-01-10,472.0,489.0,467.1,469.0,-1.26,43970.0,21047375.6,2023,43.19,14.8,17.55,19.0
250,2023-01-12,478.0,486.0,456.3,463.0,-1.28,32221.0,14918239.4,2023,43.19,14.8,17.55,19.0
251,2023-01-17,460.0,461.0,447.0,460.0,-0.65,17078.0,7787686.0,2023,43.19,14.8,17.55,19.0
252,2023-01-18,461.0,465.0,452.1,453.0,-1.52,31118.0,14201921.1,2023,43.19,14.8,17.55,19.0
253,2023-01-19,450.0,465.0,447.0,459.9,1.52,51457.0,23442246.5,2023,43.19,14.8,17.55,19.0
254,2023-01-23,469.0,505.8,469.0,505.8,9.98,172003.0,86131018.9,2023,43.19,14.8,17.55,19.0
255,2023-01-24,515.9,535.0,505.0,510.1,0.85,125474.0,64098799.9,2023,43.19,14.8,17.55,19.0
256,2023-01-25,510.0,511.0,500.0,505.0,-1.0,81904.0,41511045.1,2023,43.19,14.8,17.55,19.0
257,2023-01-26,512.0,512.0,500.0,503.0,-0.4,24592.0,12396941.8,2023,43.19,14.8,17.55,19.0
258,2023-01-29,507.0,510.0,497.0,500.0,-0.6,40164.0,20244298.9,2023,43.19,14.8,17.55,19.0
259,2023-01-30,500.0,506.1,492.1,501.0,0.2,41513.0,20670458.0,2023,43.19,14.8,17.55,19.0
260,2023-01-31,498.0,501.0,493.0,493.0,-1.6,36946.0,18318068.8,2023,43.19,14.8,17.55,19.0
261,2023-02-01,495.0,519.5,488.0,514.0,4.26,80016.0,40632348.9,2023,43.19,14.8,17.55,19.0
262,2023-02-02,517.0,548.0,508.2,512.0,-0.39,194615.0,101391252.3,2023,43.19,14.8,17.55,19.0
263,2023-02-05,513.0,521.0,510.1,515.2,0.63,52920.0,27292593.0,2023,43.19,14.8,17.55,19.0
264,2023-02-06,515.0,530.3,513.2,530.0,2.87,64467.0,33709158.2,2023,43.19,14.8,17.55,19.0
265,2023-02-07,530.0,553.0,521.2,545.0,2.83,90383.0,49142766.9,2023,43.19,14.8,17.55,19.0
266,2023-02-08,545.0,555.0,535.0,540.0,-0.92,117207.0,63672677.6,2023,43.19,14.8,17.55,19.0
267,2023-02-09,540.0,550.0,531.5,546.0,1.11,90008.0,48617820.8,2023,43.19,14.8,17.55,19.0
268,2023-02-12,535.1,542.0,528.9,532.0,-2.56,61835.0,33011715.9,2023,43.19,14.8,17.55,19.0
269,2023-02-14,523.1,532.0,523.1,526.7,-1.0,45017.0,23746938.5,2023,43.19,14.8,17.55,19.0
270,2023-02-15,527.0,535.0,520.0,521.2,-1.04,52544.0,27592968.5,2023,43.19,14.8,17.55,19.0
271,2023-02-16,520.0,527.9,518.5,521.6,0.08,21682.0,11284294.2,2023,43.19,14.8,17.55,19.0
272,2023-02-20,529.0,529.0,510.0,510.0,-2.22,41073.0,21018076.2,2023,43.19,14.8,17.55,19.0
273,2023-02-22,508.2,521.0,508.2,515.0,0.98,38251.0,19749824.7,2023,43.19,14.8,17.55,19.0
274,2023-02-23,512.0,520.0,509.0,520.0,0.97,50616.0,26031667.1,2023,43.19,14.8,17.55,19.0
275,2023-02-26,510.0,523.8,501.0,523.0,0.58,34471.0,17778777.4,2023,43.19,14.8,17.55,19.0
276,2023-02-27,529.0,529.0,514.0,522.0,-0.19,22544.0,11681316.1,2023,43.19,14.8,17.55,19.0
277,2023-02-28,518.0,529.0,517.0,523.1,0.21,18048.0,9456926.2,2023,43.19,14.8,17.55,19.0
278,2023-03-01,529.9,532.0,516.0,520.0,-0.59,36858.0,19247535.8,2023,43.19,14.8,17.55,19.0
279,2023-03-02,521.0,521.0,511.7,515.0,-0.96,13472.0,6939415.5,2023,43.19,14.8,17.55,19.0
280,2023-03-05,524.9,525.0,501.0,506.0,-1.75,29703.0,15009620.7,2023,43.19,14.8,17.55,19.0
281,2023-03-07,505.0,515.3,505.0,514.0,1.58,16320.0,8339390.3,2023,43.19,14.8,17.55,19.0
282,2023-03-09,520.0,523.0,511.1,519.0,0.97,14883.0,7699893.7,2023,43.19,14.8,17.55,19.0
283,2023-03-12,527.0,527.0,513.2,516.5,-0.48,13977.0,7212316.7,2023,43.19,14.8,17.55,19.0
284,2023-03-13,510.0,516.0,506.7,508.1,-1.63,17107.0,8703649.9,2023,43.19,14.8,17.55,19.0
285,2023-03-14,508.0,516.0,508.0,515.0,1.36,24407.0,12520413.8,2023,43.19,14.8,17.55,19.0
286,2023-03-15,515.0,515.9,505.2,515.0,0.0,13994.0,7123930.9,2023,43.19,14.8,17.55,19.0
287,2023-03-16,515.9,516.0,508.0,512.0,-0.58,18469.0,9496163.2,2023,43.19,14.8,17.55,19.0
288,2023-03-19,506.0,519.0,506.0,513.0,0.2,13630.0,7024664.1,2023,43.19,14.8,17.55,19.0
289,2023-03-20,521.0,521.0,513.2,518.9,1.15,25638.0,13266845.2,2023,43.19,14.8,17.55,19.0
290,2023-03-22,525.5,525.5,514.0,514.0,-0.94,12624.0,6525068.1,2023,43.19,14.8,17.55,19.0
291,2023-03-23,510.0,516.0,504.0,511.0,-0.58,23602.0,11985744.5,2023,43.19,14.8,17.55,19.0
292,2023-03-26,511.0,515.0,499.0,501.1,-1.94,25609.0,12856668.7,2023,43.19,14.8,17.55,19.0
293,2023-03-27,507.0,507.0,495.0,503.8,0.54,19570.0,9780959.6,2023,43.19,14.8,17.55,19.0
294,2023-03-28,512.8,512.8,503.9,505.0,0.24,19158.0,9696333.8,2023,43.19,14.8,17.55,19.0
295,2023-03-29,508.0,518.0,501.0,509.5,0.89,20182.0,10293410.9,2023,43.19,14.8,17.55,19.0
296,2023-03-30,517.7,517.7,506.0,511.9,0.47,28092.0,14318411.1,2023,43.19,14.8,17.55,19.0
297,2023-04-02,506.0,512.0,503.0,504.2,-1.5,24387.0,12342106.3,2023,43.19,14.8,17.55,19.0
298,2023-04-03,504.2,504.4,497.0,501.5,-0.54,19080.0,9531179.1,2023,43.19,14.8,17.55,19.0
299,2023-04-04,495.0,503.0,495.0,502.0,0.1,21444.0,10710528.0,2023,43.19,14.8,17.55,19.0
300,2023-04-05,506.0,506.0,496.1,503.1,0.22,15760.0,7899434.4,2023,43.19,14.8,17.55,19.0
301,2023-04-06,512.0,512.0,502.0,505.0,0.38,14771.0,7455573.4,2023,43.19,14.8,17.55,19.0
302,2023-04-09,500.0,509.0,496.0,496.0,-1.78,20499.0,10233186.2,2023,43.19,14.8,17.55,19.0
303,2023-04-10,496.0,501.0,496.0,499.8,0.77,10996.0,5481882.2,2023,43.19,14.8,17.55,19.0
304,2023-04-11,505.0,506.0,499.0,504.8,1.0,13011.0,6555219.2,2023,43.19,14.8,17.55,19.0
305,2023-04-12,512.0,529.0,512.0,523.0,3.61,40148.0,20996573.1,2023,43.19,14.8,17.55,19.0
306,2023-04-13,521.0,531.0,516.0,524.7,0.33,31745.0,16691218.3,2023,43.19,14.8,17.55,19.0
307,2023-04-16,530.0,550.0,520.1,539.1,2.74,37011.0,19926899.3,2023,43.19,14.8,17.55,19.0
308,2023-04-17,548.9,548.9,535.0,539.9,0.15,31252.0,16866564.2,2023,43.19,14.8,17.55,19.0
309,2023-04-18,535.0,539.0,523.0,536.0,-0.72,34305.0,18163835.6,2023,43.19,14.8,17.55,19.0
310,2023-04-19,535.0,545.0,525.3,538.9,0.54,15618.0,8329251.7,2023,43.19,14.8,17.55,19.0
311,2023-04-20,544.0,549.0,529.0,530.0,-1.65,62195.0,33338825.4,2023,43.19,14.8,17.55,19.0
312,2023-04-23,526.1,534.0,520.0,520.0,-1.89,22855.0,12033138.0,2023,43.19,14.8,17.55,19.0
313,2023-04-24,520.0,528.0,520.0,526.0,1.15,11886.0,6245833.3,2023,43.19,14.8,17.55,19.0
314,2023-04-25,528.0,535.0,524.5,531.0,0.95,15433.0,8185930.6,2023,43.19,14.8,17.55,19.0
315,2023-04-26,531.0,538.9,524.0,524.0,-1.32,17604.0,9318858.8,2023,43.19,14.8,17.55,19.0
316,2023-04-27,525.0,535.0,523.2,535.0,2.1,56724.0,29861165.4,2023,43.19,14.8,17.55,19.0
317,2023-04-30,540.0,540.0,526.0,527.0,-1.5,17839.0,9441735.9,2023,43.19,14.8,17.55,19.0
318,2023-05-02,532.0,533.0,526.0,528.8,0.34,23894.0,12618228.8,2023,43.19,14.8,17.55,19.0
319,2023-05-03,526.0,538.0,526.0,532.1,0.62,21292.0,11283611.0,2023,43.19,14.8,17.55,19.0
320,2023-05-04,538.0,538.0,527.0,530.0,-0.39,8977.0,4753250.2,2023,43.19,14.8,17.55,19.0
321,2023-05-07,532.0,532.0,525.0,525.6,-0.83,17634.0,9310254.4,2023,43.19,14.8,17.55,19.0
322,2023-05-08,525.0,532.9,522.1,522.1,-0.67,14529.0,7630244.2,2023,43.19,14.8,17.55,19.0
323,2023-05-09,532.0,532.0,522.1,525.0,0.56,8707.0,4577240.7,2023,43.19,14.8,17.55,19.0
324,2023-05-10,529.0,532.0,523.0,529.0,0.76,16178.0,8511775.8,2023,43.19,14.8,17.55,19.0
325,2023-05-11,526.0,529.0,525.0,527.8,-0.23,7782.0,4096203.2,2023,43.19,14.8,17.55,19.0
326,2023-05-14,525.2,530.0,518.3,524.0,-0.72,23078.0,12014108.3,2023,43.19,14.8,17.55,19.0
327,2023-05-15,516.0,523.0,516.0,519.0,-0.95,13674.0,7119861.2,2023,43.19,14.8,17.55,19.0
328,2023-05-16,518.0,523.0,518.0,519.9,0.17,8517.0,4437777.2,2023,43.19,14.8,17.55,19.0
329,2023-05-17,521.0,526.7,518.0,524.0,0.79,6759.0,3534390.4,2023,43.19,14.8,17.55,19.0
330,2023-05-18,530.0,536.5,523.0,534.8,2.06,24467.0,12977976.6,2023,43.19,14.8,17.55,19.0
331,2023-05-21,534.8,543.9,533.0,535.5,0.13,30679.0,16433891.7,2023,43.19,14.8,17.55,19.0
332,2023-05-22,539.9,540.0,526.0,540.0,0.84,27648.0,14790207.6,2023,43.19,14.8,17.55,19.0
333,2023-05-23,544.0,555.0,538.0,550.0,1.85,66678.0,36561915.1,2023,43.19,14.8,17.55,19.0
334,2023-05-24,550.0,555.0,546.0,548.1,-0.35,27082.0,14880092.6,2023,43.19,14.8,17.55,19.0
335,2023-05-28,551.0,551.0,538.0,542.9,-0.95,33774.0,18463896.8,2023,43.19,14.8,17.55,19.0
336,2023-05-30,533.0,540.0,519.0,519.0,-4.4,76591.0,40159949.4,2023,43.19,14.8,17.55,19.0
337,2023-05-31,508.7,520.0,499.0,504.1,-2.87,128139.0,65171739.9,2023,43.19,14.8,17.55,19.0
338,2023-06-01,510.0,515.0,504.0,510.0,1.17,51305.0,26113453.2,2023,43.19,14.8,17.55,19.0
339,2023-06-04,520.2,541.2,512.0,518.4,1.65,45187.0,23466789.6,2023,43.19,14.8,17.55,19.0
340,2023-06-05,527.0,527.0,511.0,518.4,0.0,26886.0,13898114.4,2023,43.19,14.8,17.55,19.0
341,2023-06-06,511.3,521.8,511.3,519.0,0.12,17648.0,9124955.8,2023,43.19,14.8,17.55,19.0
342,2023-06-07,520.0,523.0,512.6,512.8,-1.19,24282.0,12565068.8,2023,43.19,14.8,17.55,19.0
343,2023-06-08,521.0,521.0,513.0,515.0,0.43,25486.0,13160930.7,2023,43.19,14.8,17.55,19.0
344,2023-06-11,522.0,522.0,514.0,517.0,0.39,59574.0,30874900.3,2023,43.19,14.8,17.55,19.0
345,2023-06-12,525.0,525.0,514.0,515.0,-0.39,26024.0,13454491.2,2023,43.19,14.8,17.55,19.0
346,2023-06-13,513.1,520.0,513.1,517.3,0.45,28207.0,14591015.3,2023,43.19,14.8,17.55,19.0
347,2023-06-14,527.6,538.1,517.0,525.0,1.49,57128.0,30003143.3,2023,43.19,14.8,17.55,19.0
348,2023-06-15,525.0,530.0,523.0,524.9,-0.02,37740.0,19844844.5,2023,43.19,14.8,17.55,19.0
349,2023-06-18,525.0,528.0,520.0,520.0,-0.93,47726.0,24937269.0,2023,43.19,14.8,17.55,19.0
350,2023-06-19,522.0,527.0,518.3,519.0,-0.19,28239.0,14707282.5,2023,43.19,14.8,17.55,19.0
351,2023-06-20,520.0,529.0,520.0,523.4,0.85,20350.0,10683518.9,2023,43.19,14.8,17.55,19.0
352,2023-06-21,521.0,525.0,517.0,518.0,-1.03,18771.0,9754710.4,2023,43.19,14.8,17.55,19.0
353,2023-06-22,518.0,520.0,512.1,514.0,-0.77,21675.0,11173160.9,2023,43.19,14.8,17.55,19.0
354,2023-06-25,514.0,532.0,510.0,523.0,1.75,55171.0,28657143.1,2023,43.19,14.8,17.55,19.0
355,2023-06-26,525.6,535.8,525.0,530.0,1.34,69978.0,37134511.5,2023,43.19,14.8,17.55,19.0
356,2023-06-27,536.0,568.1,535.0,549.9,3.75,107396.0,58987624.9,2023,43.19,14.8,17.55,19.0
357,2023-06-28,556.9,572.0,537.1,540.0,-1.8,38653.0,21086195.5,2023,43.19,14.8,17.55,19.0
358,2023-07-02,540.7,549.0,518.0,520.0,-3.7,58877.0,31144334.7,2023,43.19,14.8,17.55,19.0
359,2023-07-03,518.0,529.9,516.1,520.0,0.0,26918.0,14021045.0,2023,43.19,14.8,17.55,19.0
360,2023-07-04,520.0,530.0,519.1,523.9,0.75,17289.0,9019250.1,2023,43.19,14.8,17.55,19.0
361,2023-07-05,525.0,533.0,516.5,516.6,-1.39,22726.0,11807210.1,2023,43.19,14.8,17.55,19.0
362,2023-07-06,517.0,519.0,512.0,516.0,-0.12,20991.0,10800840.3,2023,43.19,14.8,17.55,19.0
363,2023-07-09,520.0,531.0,516.0,516.5,0.1,18651.0,9720085.3,2023,43.19,14.8,17.55,19.0
364,2023-07-10,526.0,531.9,519.0,523.0,1.26,39991.0,20931327.5,2023,43.19,14.8,17.55,19.0
365,2023-07-11,518.0,525.0,517.0,518.6,-0.84,29885.0,15560579.0,2023,43.19,14.8,17.55,19.0
366,2023-07-12,520.0,530.0,518.9,529.0,2.01,18969.0,9972877.1,2023,43.19,14.8,17.55,19.0
367,2023-07-13,539.0,539.0,528.1,529.0,0.0,13008.0,6922633.4,2023,43.19,14.8,17.55,19.0
368,2023-07-16,539.4,540.0,526.0,530.1,0.21,20851.0,11140323.4,2023,43.19,14.8,17.55,19.0
369,2023-07-17,533.0,547.0,532.1,546.0,3.0,23601.0,12774592.1,2023,43.19,14.8,17.55,19.0
370,2023-07-18,556.0,556.0,544.0,546.0,0.0,42503.0,23375038.5,2023,43.19,14.8,17.55,19.0
371,2023-07-19,545.0,565.0,545.0,562.0,2.93,82291.0,45967891.3,2023,43.19,14.8,17.55,19.0
372,2023-07-20,564.9,570.0,557.0,563.0,0.18,43884.0,24636323.2,2023,43.19,14.8,17.55,19.0
373,2023-07-23,569.0,580.0,560.0,580.0,3.02,85261.0,48598432.5,2023,43.19,14.8,17.55,19.0
374,2023-07-24,580.0,580.2,558.6,560.0,-3.45,131933.0,75164764.3,2023,43.19,14.8,17.55,19.0
375,2023-07-25,556.0,560.0,544.0,548.0,-2.14,37250.0,20479209.1,2023,43.19,14.8,17.55,19.0
376,2023-07-26,558.9,558.9,539.0,544.9,-0.57,52990.0,28903386.7,2023,43.19,14.8,17.55,19.0
377,2023-07-27,550.0,553.5,536.0,540.0,-0.9,41835.0,22667348.3,2023,43.19,14.8,17.55,19.0
378,2023-07-30,540.6,543.0,537.0,540.0,0.0,31772.0,17135850.4,2023,43.19,14.8,17.55,19.0
379,2023-07-31,546.0,550.0,539.0,545.2,0.96,15813.0,8626364.5,2023,43.19,14.8,17.55,19.0
380,2023-08-01,556.1,556.1,540.0,546.0,0.15,24346.0,13273477.9,2023,43.19,14.8,17.55,19.0
381,2023-08-02,541.0,568.0,541.0,568.0,4.03,41938.0,23141541.4,2023,43.19,14.8,17.55,19.0
382,2023-08-03,568.0,570.0,559.0,560.0,-1.41,44425.0,25047384.7,2023,43.19,14.8,17.55,19.0
383,2023-08-06,571.2,582.0,556.7,556.7,-0.59,115784.0,65575197.7,2023,43.19,14.8,17.55,19.0
384,2023-08-07,560.0,562.0,554.0,555.1,-0.29,69251.0,38670657.7,2023,43.19,14.8,17.55,19.0
385,2023-08-08,560.0,560.0,546.0,554.8,-0.05,29006.0,16040012.5,2023,43.19,14.8,17.55,19.0
386,2023-08-09,554.9,559.0,547.5,559.0,0.76,31521.0,17379533.7,2023,43.19,14.8,17.55,19.0
387,2023-08-10,560.5,560.5,553.1,560.0,0.18,25072.0,13980525.7,2023,43.19,14.8,17.55,19.0
388,2023-08-13,560.0,565.0,555.3,563.9,0.7,29941.0,16794645.2,2023,43.19,14.8,17.55,19.0
389,2023-08-14,565.5,574.0,555.1,570.0,1.08,94628.0,53991744.5,2023,43.19,14.8,17.55,19.0
390,2023-08-15,581.4,581.4,564.0,564.0,-1.05,65049.0,37156454.9,2023,43.19,14.8,17.55,19.0
391,2023-08-16,569.0,569.0,560.0,562.7,-0.23,17606.0,9933162.4,2023,43.19,14.8,17.55,19.0
392,2023-08-17,566.0,570.0,561.7,562.0,-0.12,21472.0,12156005.7,2023,43.19,14.8,17.55,19.0
393,2023-08-20,565.0,568.0,556.0,562.0,0.0,18438.0,10368910.0,2023,43.19,14.8,17.55,19.0
394,2023-08-21,556.0,566.0,556.0,563.0,0.18,15357.0,8652103.3,2023,43.19,14.8,17.55,19.0
395,2023-08-22,566.0,566.5,557.0,564.0,0.18,13603.0,7639774.8,2023,43.19,14.8,17.55,19.0
396,2023-08-23,565.0,569.0,562.0,566.3,0.41,19616.0,11113269.3,2023,43.19,14.8,17.55,19.0
397,2023-08-24,565.0,567.9,560.0,560.0,-1.11,14184.0,7997320.5,2023,43.19,14.8,17.55,19.0
398,2023-08-27,555.0,560.0,552.3,552.3,-1.38,22976.0,12759999.5,2023,43.19,14.8,17.55,19.0
399,2023-08-28,559.0,561.9,552.1,557.0,0.85,12948.0,7224670.9,2023,43.19,14.8,17.55,19.0
400,2023-08-29,559.0,562.0,555.0,555.0,-0.36,30865.0,17180035.6,2023,43.19,14.8,17.55,19.0
401,2023-08-30,563.7,565.0,555.0,560.0,0.9,14437.0,8084248.5,2023,43.19,14.8,17.55,19.0
402,2023-09-03,564.0,564.0,555.0,556.2,-0.68,9949.0,5550735.9,2023,43.19,14.8,17.55,19.0
403,2023-09-04,560.0,564.0,550.1,554.0,-0.4,13769.0,7628977.4,2023,43.19,14.8,17.55,19.0
404,2023-09-05,554.0,560.0,552.0,557.0,0.54,13002.0,7235276.2,2023,43.19,14.8,17.55,19.0
405,2023-09-07,557.0,557.0,551.2,553.7,-0.59,16156.0,8946413.5,2023,43.19,14.8,17.55,19.0
406,2023-09-10,553.0,560.0,551.1,553.0,-0.13,7854.0,4356397.1,2023,43.19,14.8,17.55,19.0
407,2023-09-11,553.0,564.0,552.0,563.0,1.81,16293.0,9136875.7,2023,43.19,14.8,17.55,19.0
408,2023-09-12,569.0,569.7,560.2,562.0,-0.18,19040.0,10734636.9,2023,43.19,14.8,17.55,19.0
409,2023-09-13,573.0,573.0,562.2,567.0,0.89,8412.0,4753727.8,2023,43.19,14.8,17.55,19.0
410,2023-09-17,560.0,569.9,556.3,559.0,-1.41,19543.0,10944534.9,2023,43.19,14.8,17.55,19.0
411,2023-09-18,560.0,560.0,550.0,557.2,-0.32,11610.0,6444059.7,2023,43.19,14.8,17.55,19.0
412,2023-09-19,555.0,559.8,552.0,555.3,-0.34,13310.0,7381176.6,2023,43.19,14.8,17.55,19.0
413,2023-09-21,565.0,565.0,554.9,555.0,-0.05,19299.0,10788133.7,2023,43.19,14.8,17.55,19.0
414,2023-09-24,559.0,559.0,551.2,554.0,-0.18,15785.0,8739171.3,2023,43.19,14.8,17.55,19.0
415,2023-09-25,552.0,555.0,550.0,553.1,-0.16,8860.0,4893506.2,2023,43.19,14.8,17.55,19.0
416,2023-09-26,556.0,556.0,546.5,550.0,-0.56,16621.0,9185026.8,2023,43.19,14.8,17.55,19.0
417,2023-09-27,550.0,553.0,540.0,545.0,-0.91,32227.0,17528678.0,2023,43.19,14.8,17.55,19.0
418,2023-10-01,545.0,549.0,534.0,536.0,-1.65,31810.0,17100089.7,2023,43.19,14.8,17.55,19.0
419,2023-10-02,540.0,545.0,535.0,543.0,1.31,16780.0,9029358.1,2023,43.19,14.8,17.55,19.0
420,2023-10-03,547.9,547.9,536.0,536.0,-1.29,9727.0,5246524.0,2023,43.19,14.8,17.55,19.0
421,2023-10-04,536.0,543.0,532.0,539.0,0.56,17377.0,9322474.3,2023,43.19,14.8,17.55,19.0
422,2023-10-05,540.0,540.0,532.0,535.0,-0.74,9005.0,4818274.0,2023,43.19,14.8,17.55,19.0
423,2023-10-08,538.0,543.9,520.1,520.1,-2.79,23949.0,12624462.4,2023,43.19,14.8,17.55,19.0
424,2023-10-09,518.8,527.0,515.0,515.5,-0.88,21233.0,10993218.2,2023,43.19,14.8,17.55,19.0
425,2023-10-10,517.0,524.0,512.9,516.0,0.1,11131.0,5743912.7,2023,43.19,14.8,17.55,19.0
426,2023-10-11,511.0,522.0,511.0,517.9,0.37,11289.0,5828896.7,2023,43.19,14.8,17.55,19.0
427,2023-10-12,516.0,524.0,513.0,513.0,-0.95,16784.0,8658413.0,2023,43.19,14.8,17.55,19.0
428,2023-10-16,514.0,520.7,510.0,512.9,-0.02,12504.0,6440024.1,2023,43.19,14.8,17.55,19.0
429,2023-10-17,523.0,525.0,515.7,516.2,0.64,8567.0,4452608.8,2023,43.19,14.8,17.55,19.0
430,2023-10-18,520.0,534.9,519.0,531.0,2.87,13663.0,7209793.7,2023,43.19,14.8,17.55,19.0
431,2023-10-19,527.0,538.6,526.0,536.0,0.94,13422.0,7180584.4,2023,43.19,14.8,17.55,19.0
432,2023-10-29,539.0,539.8,525.6,525.6,-1.94,5789.0,3063276.2,2023,43.19,14.8,17.55,19.0
433,2023-10-30,520.0,528.9,518.59,525.3,-0.06,5931.0,3119757.6,2023,43.19,14.8,17.55,19.0
434,2023-10-31,520.0,536.9,511.8,515.0,-1.96,32015.0,16536476.5,2023,43.19,14.8,17.55,19.0
435,2023-11-01,515.0,521.0,512.1,515.4,0.08,6468.0,3343573.9,2023,43.19,14.8,17.55,19.0
436,2023-11-02,520.0,520.0,516.0,517.0,0.31,6975.0,3607978.3,2023,43.19,14.8,17.55,19.0
437,2023-11-05,517.0,524.0,514.0,516.0,-0.19,16516.0,8523812.6,2023,43.19,14.8,17.55,19.0
438,2023-11-06,520.0,522.5,518.0,521.5,1.07,5514.0,2871218.3,2023,43.19,14.8,17.55,19.0
439,2023-11-07,530.0,530.0,519.4,522.0,0.1,6830.0,3577058.3,2023,43.19,14.8,17.55,19.0
440,2023-11-06,520.0,522.5,518.0,521.5,1.07,5514.0,2871218.3,2023,43.19,14.8,17.55,19.0
441,2023-11-07,530.0,530.0,519.4,522.0,0.1,6830.0,3577058.3,2023,43.19,14.8,17.55,19.0
442,2023-11-08,530.0,530.0,523.0,525.0,0.57,3671.0,1929474.6,2023,43.19,14.8,17.55,19.0
443,2023-11-09,528.0,528.0,520.2,523.3,-0.32,6319.0,3316691.1,2023,43.19,14.8,17.55,19.0
444,2023-11-20,527.0,540.0,527.0,538.8,2.96,20498.0,10972626.4,2023,43.19,14.8,17.55,19.0
445,2023-11-21,538.0,538.0,532.0,536.0,-0.52,18365.0,9803742.8,2023,43.19,14.8,17.55,19.0
446,2023-11-22,537.0,539.0,530.0,539.0,0.56,41166.0,22053089.0,2023,43.19,14.8,17.55,19.0
447,2023-11-23,529.0,529.0,516.0,524.9,-2.62,23655.0,12369165.7,2023,43.19,14.8,17.55,19.0
448,2023-11-26,523.0,525.0,520.0,523.1,-0.34,25836.0,13518799.8,2023,43.19,14.8,17.55,19.0
449,2023-11-27,520.0,526.0,520.0,525.0,0.36,11448.0,6001563.4,2023,43.19,14.8,17.55,19.0
450,2023-11-28,535.0,535.0,523.0,525.0,0.0,7030.0,3695000.3,2023,43.19,14.8,17.55,19.0
451,2023-11-29,525.0,529.0,520.5,523.0,-0.38,5848.0,3058184.1,2023,43.19,14.8,17.55,19.0
452,2023-11-30,523.0,523.0,515.0,518.0,-0.96,9641.0,4983536.5,2023,43.19,14.8,17.55,19.0
453,2023-12-03,524.8,524.8,512.0,515.9,-0.41,5144.0,2645418.2,2023,43.19,14.8,17.55,19.0
454,2023-12-04,521.0,524.0,507.0,507.2,-1.69,17574.0,8976373.0,2023,43.19,14.8,17.55,19.0
455,2023-12-05,506.9,509.9,504.0,507.0,-0.04,9087.0,4600908.3,2023,43.19,14.8,17.55,19.0
456,2023-12-06,517.0,517.0,499.0,506.9,-0.02,14724.0,7407133.3,2023,43.19,14.8,17.55,19.0
457,2023-12-07,501.3,513.7,501.3,510.9,0.79,8880.0,4517011.9,2023,43.19,14.8,17.55,19.0
458,2023-12-10,521.1,531.0,521.1,530.0,3.74,710.0,376211.0,2023,43.19,14.8,17.55,19.0
459,2023-12-11,540.0,540.6,520.1,527.0,-0.57,45382.0,24050873.6,2023,43.19,14.8,17.55,19.0
460,2023-12-12,530.0,534.5,527.8,533.8,1.29,36572.0,19412706.2,2023,43.19,14.8,17.55,19.0
461,2023-12-13,544.4,544.4,533.6,537.9,0.77,42334.0,22738271.5,2023,43.19,14.8,17.55,19.0
462,2023-12-14,538.0,547.0,517.0,528.0,-1.84,49330.0,26244083.3,2023,43.19,14.8,17.55,19.0
463,2023-12-17,517.5,521.2,507.0,518.0,-1.89,41115.0,21252907.5,2023,43.19,14.8,17.55,19.0
464,2023-12-18,519.0,528.0,515.1,521.0,0.58,29770.0,15521001.4,2023,43.19,14.8,17.55,19.0
465,2023-12-19,518.1,534.0,518.1,531.0,1.92,29255.0,15459615.9,2023,43.19,14.8,17.55,19.0
466,2023-12-20,541.6,549.0,527.0,527.1,-0.73,24345.0,12956443.9,2023,43.19,14.8,17.55,19.0
467,2023-12-21,527.1,530.0,517.5,528.9,0.34,24591.0,12945976.1,2023,43.19,14.8,17.55,19.0
468,2023-12-24,530.0,530.0,518.7,518.8,-1.91,16778.0,8764417.7,2023,43.19,14.8,17.55,19.0
469,2023-12-27,518.0,524.0,509.0,512.5,-1.21,14463.0,7422328.4,2023,43.19,14.8,17.55,19.0
470,2023-12-28,514.0,519.9,512.0,514.0,0.29,22197.0,11434674.0,2023,43.19,14.8,17.55,19.0
471,2024-01-01,522.9,534.0,515.0,516.0,0.39,11911.0,6192957.0,2024,30.17,20.15,14.3,25.5
472,2024-01-02,515.0,517.9,511.0,511.7,-0.83,12303.0,6326985.9,2024,30.17,20.15,14.3,25.5
473,2024-01-03,512.1,517.0,511.5,517.0,1.04,12768.0,6558323.0,2024,30.17,20.15,14.3,25.5
474,2024-01-04,520.0,520.0,515.0,516.0,-0.19,11964.0,6184493.2,2024,30.17,20.15,14.3,25.5
475,2024-01-07,515.0,524.0,508.0,508.0,-1.55,28156.0,14424081.3,2024,30.17,20.15,14.3,25.5
476,2024-01-08,508.5,516.0,508.5,514.0,1.18,34843.0,17918680.3,2024,30.17,20.15,14.3,25.5
477,2024-01-09,512.1,522.0,512.1,519.0,0.97,12972.0,6730161.0,2024,30.17,20.15,14.3,25.5
478,2024-01-10,520.1,530.5,520.1,527.5,1.64,21046.0,11117360.9,2024,30.17,20.15,14.3,25.5
479,2024-01-11,530.0,530.7,524.0,528.0,0.09,25008.0,13225557.9,2024,30.17,20.15,14.3,25.5
480,2024-01-14,531.0,531.0,520.6,526.0,-0.38,17388.0,9110073.4,2024,30.17,20.15,14.3,25.5
481,2024-01-16,526.0,532.0,522.1,529.5,0.67,10890.0,5769235.4,2024,30.17,20.15,14.3,25.5
482,2024-01-17,539.9,550.6,535.0,541.0,2.17,37096.0,20138198.2,2024,30.17,20.15,14.3,25.5
483,2024-01-18,531.0,544.0,531.0,544.0,0.55,28109.0,15085627.7,2024,30.17,20.15,14.3,25.5
484,2024-01-21,544.0,549.8,535.0,535.0,-1.65,39781.0,21515283.3,2024,30.17,20.15,14.3,25.5
485,2024-01-22,532.0,540.0,530.0,531.0,-0.75,24965.0,13340131.8,2024,30.17,20.15,14.3,25.5
486,2024-01-23,522.1,532.0,522.1,528.0,-0.56,7335.0,3875403.4,2024,30.17,20.15,14.3,25.5
487,2024-01-24,535.0,535.0,528.0,531.1,0.59,23280.0,12365541.3,2024,30.17,20.15,14.3,25.5
488,2024-01-25,531.2,540.0,531.2,538.0,1.3,21207.0,11305537.8,2024,30.17,20.15,14.3,25.5
489,2024-01-28,542.0,542.5,535.0,540.0,0.37,24973.0,13464476.7,2024,30.17,20.15,14.3,25.5
490,2024-01-29,530.1,542.0,530.0,540.0,0.0,18848.0,10190666.8,2024,30.17,20.15,14.3,25.5
491,2024-01-30,545.0,545.0,537.5,540.0,0.0,11421.0,6161337.2,2024,30.17,20.15,14.3,25.5
492,2024-01-31,540.0,541.0,537.0,537.0,-0.56,27810.0,15000097.9,2024,30.17,20.15,14.3,25.5
493,2024-02-01,530.0,538.0,526.3,526.3,-1.99,16041.0,8523072.1,2024,30.17,20.15,14.3,25.5
494,2024-02-04,527.0,534.5,526.5,532.0,1.08,16823.0,8914104.5,2024,30.17,20.15,14.3,25.5
495,2024-02-05,532.9,538.9,532.9,535.1,0.58,19864.0,10635534.3,2024,30.17,20.15,14.3,25.5
496,2024-02-06,545.8,545.8,528.4,535.1,0.0,11477.0,6154313.4,2024,30.17,20.15,14.3,25.5
497,2024-02-07,543.0,545.0,530.0,536.0,0.17,10024.0,5371046.1,2024,30.17,20.15,14.3,25.5
498,2024-02-08,530.3,540.0,530.2,533.4,-0.49,3879.0,2069256.9,2024,30.17,20.15,14.3,25.5
499,2024-02-11,538.0,539.8,530.0,532.1,-0.24,10645.0,5668757.1,2024,30.17,20.15,14.3,25.5
500,2024-02-12,530.0,534.9,530.0,534.0,0.36,6285.0,3338773.9,2024,30.17,20.15,14.3,25.5
501,2024-02-13,536.0,536.0,530.0,530.1,-0.73,7931.0,4207017.5,2024,30.17,20.15,14.3,25.5
502,2024-02-14,528.0,531.0,526.0,528.2,-0.36,7459.0,3938587.7,2024,30.17,20.15,14.3,25.5
503,2024-02-15,525.1,529.0,523.0,527.8,-0.08,10142.0,5350281.1,2024,30.17,20.15,14.3,25.5
504,2024-02-18,528.0,530.0,522.1,526.0,-0.34,10090.0,5317267.3,2024,30.17,20.15,14.3,25.5
505,2024-02-20,520.1,530.0,519.1,523.9,-0.4,10811.0,5646159.2,2024,30.17,20.15,14.3,25.5
506,2024-02-21,519.0,524.5,519.0,521.0,-0.55,8644.0,4498045.5,2024,30.17,20.15,14.3,25.5
507,2024-02-22,518.5,520.0,513.1,513.1,-1.52,13942.0,7221118.3,2024,30.17,20.15,14.3,25.5
508,2024-02-25,514.9,516.0,509.0,510.0,-0.6,15838.0,8096314.7,2024,30.17,20.15,14.3,25.5
509,2024-02-26,513.0,513.0,504.5,509.0,-0.2,10427.0,5292784.9,2024,30.17,20.15,14.3,25.5
510,2024-02-27,512.0,512.0,504.5,509.0,0.0,14713.0,7443364.1,2024,30.17,20.15,14.3,25.5
511,2024-02-28,503.2,508.0,500.0,508.0,-0.2,18177.0,9127497.5,2024,30.17,20.15,14.3,25.5
512,2024-02-29,500.1,507.7,500.1,505.0,-0.59,8226.0,4141401.0,2024,30.17,20.15,14.3,25.5
513,2024-03-03,505.0,507.0,497.4,503.0,-0.4,17764.0,8907162.1,2024,30.17,20.15,14.3,25.5
514,2024-03-04,510.0,525.0,510.0,525.0,4.37,225.0,117421.0,2024,30.17,20.15,14.3,25.5
515,2024-03-05,525.0,530.0,514.4,517.6,-1.41,9514.0,4915026.7,2024,30.17,20.15,14.3,25.5
516,2024-03-06,508.3,524.2,508.0,519.0,0.27,7914.0,4079099.3,2024,30.17,20.15,14.3,25.5
517,2024-03-07,519.0,528.0,518.0,521.0,0.39,4949.0,2572275.5,2024,30.17,20.15,14.3,25.5
518,2024-03-10,528.5,529.0,518.5,521.3,0.06,5082.0,2656581.3,2024,30.17,20.15,14.3,25.5
519,2024-03-12,525.0,540.0,520.4,539.6,3.51,30695.0,16274849.2,2024,30.17,20.15,14.3,25.5
520,2024-03-13,529.1,540.0,529.1,536.0,-0.67,14465.0,7720509.2,2024,30.17,20.15,14.3,25.5
521,2024-03-14,531.0,539.0,522.0,526.0,-1.87,7900.0,4169873.9,2024,30.17,20.15,14.3,25.5
522,2024-03-17,521.0,530.0,517.0,528.0,0.38,5997.0,3144601.6,2024,30.17,20.15,14.3,25.5
523,2024-03-18,523.0,528.0,523.0,527.0,-0.19,11176.0,5867006.5,2024,30.17,20.15,14.3,25.5
524,2024-03-19,517.0,535.0,517.0,523.0,-0.76,6893.0,3609994.6,2024,30.17,20.15,14.3,25.5
525,2024-03-20,530.0,530.0,520.5,524.0,0.19,6879.0,3598513.2,2024,30.17,20.15,14.3,25.5
526,2024-03-21,521.0,526.0,520.0,520.0,-0.76,6389.0,3333498.9,2024,30.17,20.15,14.3,25.5
527,2024-03-25,520.0,521.0,511.1,520.0,0.0,7645.0,3950288.8,2024,30.17,20.15,14.3,25.5
528,2024-03-26,529.0,529.0,517.0,525.0,0.96,7655.0,3994051.0,2024,30.17,20.15,14.3,25.5
529,2024-03-27,520.0,523.9,519.1,522.0,-0.57,15432.0,8048584.6,2024,30.17,20.15,14.3,25.5
530,2024-03-28,515.1,524.0,515.1,519.0,-0.57,16744.0,8719870.6,2024,30.17,20.15,14.3,25.5
531,2024-03-31,513.0,522.0,510.0,510.0,-1.73,13366.0,6879302.8,2024,30.17,20.15,14.3,25.5
532,2024-04-01,511.0,515.0,508.0,513.7,0.73,7194.0,3690661.4,2024,30.17,20.15,14.3,25.5
533,2024-04-02,513.5,517.0,512.1,513.6,-0.02,5907.0,3036202.3,2024,30.17,20.15,14.3,25.5
534,2024-04-03,512.0,516.0,512.0,515.0,0.27,9763.0,5014947.3,2024,30.17,20.15,14.3,25.5
535,2024-04-04,511.2,523.8,511.2,514.9,-0.02,9348.0,4814844.4,2024,30.17,20.15,14.3,25.5
536,2024-04-07,514.9,519.0,510.0,515.2,0.06,8105.0,4156921.7,2024,30.17,20.15,14.3,25.5
537,2024-04-09,517.0,522.5,516.0,519.8,0.89,14473.0,7477533.4,2024,30.17,20.15,14.3,25.5
538,2024-04-10,530.1,530.1,517.0,524.9,0.98,6900.0,3591171.4,2024,30.17,20.15,14.3,25.5
539,2024-04-14,529.0,529.0,519.0,525.0,0.02,15270.0,8009044.9,2024,30.17,20.15,14.3,25.5
540,2024-04-15,522.0,525.0,515.1,516.0,-1.71,9830.0,5116541.4,2024,30.17,20.15,14.3,25.5
541,2024-04-16,516.0,522.0,516.0,518.4,0.47,5844.0,3026254.7,2024,30.17,20.15,14.3,25.5
542,2024-04-18,518.0,519.0,515.0,515.9,-0.48,7793.0,4019337.1,2024,30.17,20.15,14.3,25.5
543,2024-04-21,514.3,520.0,514.3,517.4,0.29,12086.0,6246275.0,2024,30.17,20.15,14.3,25.5
544,2024-04-22,517.0,524.0,515.0,518.0,0.12,11787.0,6088638.8,2024,30.17,20.15,14.3,25.5
545,2024-04-24,524.0,530.0,517.1,519.0,0.19,5026.0,2612037.3,2024,30.17,20.15,14.3,25.5
546,2024-04-25,514.0,524.9,514.0,517.0,-0.39,5327.0,2755535.9,2024,30.17,20.15,14.3,25.5
547,2024-04-28,517.0,524.0,517.0,524.0,1.35,9850.0,5121210.1,2024,30.17,20.15,14.3,25.5
548,2024-04-29,527.0,528.0,519.5,524.0,0.0,7126.0,3734874.4,2024,30.17,20.15,14.3,25.5
549,2024-04-30,534.4,534.4,517.1,522.3,-0.32,10327.0,5400567.1,2024,30.17,20.15,14.3,25.5
550,2024-05-02,532.7,532.7,516.1,521.0,-0.25,9683.0,5048320.2,2024,30.17,20.15,14.3,25.5
551,2024-05-05,513.9,520.0,513.9,516.3,-0.9,7808.0,4039646.9,2024,30.17,20.15,14.3,25.5
552,2024-05-06,515.0,517.9,512.0,513.5,-0.54,12355.0,6347178.6,2024,30.17,20.15,14.3,25.5
553,2024-05-07,515.0,516.8,511.0,514.6,0.21,10800.0,5545521.3,2024,30.17,20.15,14.3,25.5
554,2024-05-08,513.0,521.9,513.0,514.0,-0.12,4083.0,2098340.0,2024,30.17,20.15,14.3,25.5
555,2024-05-09,523.0,523.0,512.0,515.0,0.19,9670.0,4971815.3,2024,30.17,20.15,14.3,25.5
556,2024-05-12,515.0,523.5,513.0,523.5,1.65,21057.0,10980343.7,2024,30.17,20.15,14.3,25.5
557,2024-05-13,516.1,562.0,516.1,540.2,3.19,67579.0,36736764.4,2024,30.17,20.15,14.3,25.5
558,2024-05-14,536.0,556.9,536.0,544.0,0.7,39921.0,21757461.8,2024,30.17,20.15,14.3,25.5
559,2024-05-15,553.0,587.0,542.0,545.0,0.18,19151.0,10463048.0,2024,30.17,20.15,14.3,25.5
560,2024-05-16,535.0,554.0,535.0,547.9,0.53,33420.0,18077885.3,2024,30.17,20.15,14.3,25.5
561,2024-05-19,558.8,562.9,545.0,557.0,1.66,72078.0,40165758.9,2024,30.17,20.15,14.3,25.5
562,2024-05-20,568.0,612.0,560.0,576.7,3.54,89589.0,51440632.6,2024,30.17,20.15,14.3,25.5
563,2024-05-21,588.0,588.0,567.0,584.9,1.42,53592.0,31016107.3,2024,30.17,20.15,14.3,25.5
564,2024-05-22,574.0,607.9,574.0,598.0,2.24,138782.0,82849465.3,2024,30.17,20.15,14.3,25.5
565,2024-05-26,607.0,607.0,581.0,588.0,-1.67,77018.0,45333239.4,2024,30.17,20.15,14.3,25.5
566,2024-05-27,595.0,595.0,580.0,587.9,-0.02,34144.0,20015040.8,2024,30.17,20.15,14.3,25.5
567,2024-05-29,599.6,611.0,559.6,560.0,-4.75,55901.0,32192034.3,2024,30.17,20.15,14.3,25.5
568,2024-05-30,566.0,582.0,560.0,565.0,0.89,44008.0,24905001.8,2024,30.17,20.15,14.3,25.5
569,2024-06-02,576.2,576.2,565.0,568.0,0.53,17762.0,10062855.1,2024,30.17,20.15,14.3,25.5
570,2024-06-03,579.2,579.2,564.0,566.0,-0.35,19735.0,11193519.3,2024,30.17,20.15,14.3,25.5
571,2024-06-04,575.0,575.0,566.1,567.0,0.18,10296.0,5856376.7,2024,30.17,20.15,14.3,25.5
572,2024-06-05,573.0,577.0,559.0,560.0,-1.23,15276.0,8637457.1,2024,30.17,20.15,14.3,25.5
573,2024-06-06,558.2,569.8,558.0,560.4,0.07,21686.0,12149897.1,2024,30.17,20.15,14.3,25.5
574,2024-06-09,571.6,571.6,560.2,562.9,0.45,15312.0,8608075.4,2024,30.17,20.15,14.3,25.5
575,2024-06-10,574.1,574.1,558.0,566.5,0.64,11500.0,6472887.2,2024,30.17,20.15,14.3,25.5
576,2024-06-11,577.8,577.8,561.0,567.3,0.14,16901.0,9579887.5,2024,30.17,20.15,14.3,25.5
577,2024-06-12,577.0,577.0,565.0,567.0,-0.05,25616.0,14546610.1,2024,30.17,20.15,14.3,25.5
578,2024-06-13,569.5,569.5,558.0,562.0,-0.88,18340.0,10303918.0,2024,30.17,20.15,14.3,25.5
579,2024-06-16,562.0,565.0,560.1,562.0,0.0,6515.0,3665038.2,2024,30.17,20.15,14.3,25.5
580,2024-06-18,562.0,565.0,559.0,561.5,-0.09,16349.0,9167080.2,2024,30.17,20.15,14.3,25.5
581,2024-06-19,562.0,565.0,559.0,564.9,0.61,29253.0,16401064.8,2024,30.17,20.15,14.3,25.5
582,2024-06-20,576.1,576.1,560.0,564.0,-0.16,6725.0,3787446.3,2024,30.17,20.15,14.3,25.5
583,2024-06-23,563.0,566.0,560.0,561.0,-0.53,8463.0,4753189.0,2024,30.17,20.15,14.3,25.5
584,2024-06-24,561.0,565.0,560.1,560.4,-0.11,5375.0,3013876.7,2024,30.17,20.15,14.3,25.5
585,2024-06-25,565.0,565.0,557.0,560.0,-0.07,16267.0,9101565.7,2024,30.17,20.15,14.3,25.5
586,2024-06-26,560.0,562.0,549.0,560.0,0.0,25740.0,14345654.4,2024,30.17,20.15,14.3,25.5
587,2024-06-27,555.0,560.9,555.0,560.0,0.0,18136.0,10148870.3,2024,30.17,20.15,14.3,25.5
588,2024-06-30,561.5,561.5,552.2,560.0,0.0,9592.0,5344604.8,2024,30.17,20.15,14.3,25.5
589,2024-07-01,560.0,562.0,553.1,561.9,0.34,12616.0,7050458.3,2024,30.17,20.15,14.3,25.5
590,2024-07-02,573.0,595.6,567.0,574.0,2.15,31533.0,18138007.3,2024,30.17,20.15,14.3,25.5
591,2024-07-03,570.0,577.8,563.0,577.8,0.66,20147.0,11580034.6,2024,30.17,20.15,14.3,25.5
592,2024-07-04,582.0,585.0,576.0,584.0,1.07,20747.0,12050181.0,2024,30.17,20.15,14.3,25.5
593,2024-07-07,584.0,588.9,578.4,581.5,-0.43,21334.0,12434045.0,2024,30.17,20.15,14.3,25.5
594,2024-07-08,582.0,590.0,578.1,580.6,-0.15,8745.0,5088887.2,2024,30.17,20.15,14.3,25.5
595,2024-07-09,580.0,584.0,578.0,583.8,0.55,13091.0,7603192.8,2024,30.17,20.15,14.3,25.5
596,2024-07-10,584.0,590.0,584.0,587.0,0.55,29340.0,17238729.2,2024,30.17,20.15,14.3,25.5
597,2024-07-11,590.0,595.0,584.3,588.0,0.17,44142.0,25990921.4,2024,30.17,20.15,14.3,25.5
598,2024-07-14,590.0,604.8,589.0,604.5,2.81,71564.0,42647539.5,2024,30.17,20.15,14.3,25.5
599,2024-07-15,611.9,612.0,597.0,602.0,-0.41,79450.0,47876260.3,2024,30.17,20.15,14.3,25.5
600,2024-07-16,600.0,618.0,594.0,615.0,2.16,47923.0,29172848.5,2024,30.17,20.15,14.3,25.5
601,2024-07-17,623.0,637.5,618.0,637.5,3.66,139752.0,88000833.7,2024,30.17,20.15,14.3,25.5
602,2024-07-18,641.5,672.0,638.0,660.0,3.53,114822.0,75322654.2,2024,30.17,20.15,14.3,25.5
603,2024-07-21,669.0,672.0,651.0,661.0,0.15,119452.0,79040611.4,2024,30.17,20.15,14.3,25.5
604,2024-07-22,661.0,662.0,647.8,653.0,-1.21,86936.0,56938327.4,2024,30.17,20.15,14.3,25.5
605,2024-07-23,653.0,660.0,646.1,659.9,1.06,63847.0,41823872.4,2024,30.17,20.15,14.3,25.5
606,2024-07-24,664.0,672.9,643.0,646.0,-2.11,103522.0,67800386.3,2024,30.17,20.15,14.3,25.5
607,2024-07-25,656.9,665.0,638.0,663.0,2.63,124380.0,80312487.3,2024,30.17,20.15,14.3,25.5
608,2024-07-28,676.2,728.0,676.2,718.0,8.3,214442.0,152541639.7,2024,30.17,20.15,14.3,25.5
609,2024-07-29,732.3,732.3,694.5,696.0,-3.06,187034.0,131575854.3,2024,30.17,20.15,14.3,25.5
610,2024-07-30,696.0,696.0,661.8,683.0,-1.87,127427.0,86530661.0,2024,30.17,20.15,14.3,25.5
611,2024-07-31,690.0,705.0,680.1,688.1,0.75,186116.0,129332893.0,2024,30.17,20.15,14.3,25.5
612,2024-08-01,688.0,701.0,686.2,692.0,0.57,85954.0,59486964.5,2024,30.17,20.15,14.3,25.5
613,2024-08-05,705.8,719.1,692.0,705.0,1.88,219032.0,154477566.9,2024,30.17,20.15,14.3,25.5
614,2024-08-06,705.0,714.0,680.0,684.0,-2.98,159776.0,110820039.7,2024,30.17,20.15,14.3,25.5
615,2024-08-07,684.0,706.0,672.0,696.0,1.75,96894.0,67358999.7,2024,30.17,20.15,14.3,25.5
616,2024-08-08,705.1,705.1,690.0,699.0,0.43,116445.0,81005275.7,2024,30.17,20.15,14.3,25.5
617,2024-08-11,712.0,712.0,695.0,707.0,1.14,101862.0,71583541.3,2024,30.17,20.15,14.3,25.5
618,2024-08-12,711.0,719.7,704.1,710.1,0.44,103692.0,73723700.6,2024,30.17,20.15,14.3,25.5
619,2024-08-13,712.0,714.0,698.0,700.3,-1.38,107990.0,76395012.3,2024,30.17,20.15,14.3,25.5
620,2024-08-14,709.0,709.0,698.0,703.8,0.5,63442.0,44537719.5,2024,30.17,20.15,14.3,25.5
621,2024-08-15,717.8,720.0,704.0,714.0,1.45,169191.0,120785394.3,2024,30.17,20.15,14.3,25.5
622,2024-08-18,725.0,731.0,715.3,720.7,0.94,180607.0,131014345.4,2024,30.17,20.15,14.3,25.5
623,2024-08-21,721.0,766.0,720.1,759.9,5.44,214586.0,159646897.5,2024,30.17,20.15,14.3,25.5
624,2024-08-22,759.9,790.0,759.9,764.0,0.54,95983.0,73642078.3,2024,30.17,20.15,14.3,25.5
625,2024-08-25,770.0,770.0,736.0,737.3,-3.49,116510.0,86867030.4,2024,30.17,20.15,14.3,25.5
626,2024-08-27,730.0,735.0,708.0,715.0,-3.02,137755.0,99089560.0,2024,30.17,20.15,14.3,25.5
627,2024-08-28,729.0,740.0,715.1,730.0,2.1,118529.0,86470441.5,2024,30.17,20.15,14.3,25.5
628,2024-08-29,721.0,731.0,710.0,712.0,-2.47,61660.0,44469503.6,2024,30.17,20.15,14.3,25.5
629,2024-09-01,712.2,726.0,703.8,705.1,-0.97,69139.0,49176589.7,2024,30.17,20.15,14.3,25.5
630,2024-09-02,707.0,730.0,706.0,728.6,3.33,76231.0,54580580.8,2024,30.17,20.15,14.3,25.5
631,2024-09-03,737.0,737.0,718.9,720.0,-1.18,57873.0,41925703.6,2024,30.17,20.15,14.3,25.5
632,2024-09-04,734.4,734.4,706.0,708.0,-1.67,35741.0,25425776.0,2024,30.17,20.15,14.3,25.5
633,2024-09-05,702.7,710.0,695.9,698.0,-1.41,46719.0,32759427.9,2024,30.17,20.15,14.3,25.5
634,2024-09-08,700.0,711.0,689.0,690.0,-1.15,44856.0,31303625.7,2024,30.17,20.15,14.3,25.5
635,2024-09-09,690.0,694.9,670.3,672.0,-2.61,66193.0,44774140.0,2024,30.17,20.15,14.3,25.5
636,2024-09-10,685.0,685.0,674.0,677.0,0.74,38474.0,26060686.2,2024,30.17,20.15,14.3,25.5
637,2024-09-11,685.0,686.0,675.0,675.1,-0.28,17698.0,11998152.3,2024,30.17,20.15,14.3,25.5
638,2024-09-12,685.0,685.0,672.0,683.8,1.29,29278.0,19847407.7,2024,30.17,20.15,14.3,25.5
639,2024-09-15,685.0,699.8,678.0,679.0,-0.7,42701.0,29404388.6,2024,30.17,20.15,14.3,25.5
640,2024-09-16,675.0,679.0,672.2,673.0,-0.88,17727.0,11967994.9,2024,30.17,20.15,14.3,25.5
641,2024-09-18,672.0,685.0,661.0,680.0,1.04,43154.0,29147866.5,2024,30.17,20.15,14.3,25.5
642,2024-09-22,693.6,707.0,680.0,707.0,3.97,25074.0,17301504.2,2024,30.17,20.15,14.3,25.5
643,2024-09-23,721.1,721.1,685.0,685.0,-3.11,27899.0,19357527.7,2024,30.17,20.15,14.3,25.5
644,2024-09-24,683.0,697.9,676.0,677.0,-1.17,22915.0,15602240.0,2024,30.17,20.15,14.3,25.5
645,2024-09-25,672.2,690.5,665.2,685.0,1.18,29451.0,20047080.5,2024,30.17,20.15,14.3,25.5
646,2024-09-26,698.0,698.6,671.5,680.0,-0.73,35791.0,24291252.8,2024,30.17,20.15,14.3,25.5
647,2024-09-29,670.0,681.0,666.0,679.0,-0.15,37334.0,25135180.3,2024,30.17,20.15,14.3,25.5
648,2024-09-30,684.9,685.0,673.0,680.9,0.28,21518.0,14632819.6,2024,30.17,20.15,14.3,25.5
649,2024-10-01,688.9,697.0,682.5,690.4,1.4,28259.0,19546499.5,2024,30.17,20.15,14.3,25.5
650,2024-10-02,700.0,703.8,683.4,688.0,-0.35,23208.0,16003884.3,2024,30.17,20.15,14.3,25.5
651,2024-10-06,694.0,699.0,686.5,692.2,0.61,34057.0,23544883.8,2024,30.17,20.15,14.3,25.5
652,2024-10-07,703.0,710.0,694.9,696.0,0.55,44011.0,30852264.7,2024,30.17,20.15,14.3,25.5
653,2024-10-08,696.1,705.0,692.1,696.1,0.01,25902.0,18039669.4,2024,30.17,20.15,14.3,25.5
654,2024-10-09,706.9,706.9,691.2,700.0,0.56,28344.0,19854649.3,2024,30.17,20.15,14.3,25.5
655,2024-10-15,700.0,714.0,691.0,702.0,0.29,13687.0,9615817.5,2024,30.17,20.15,14.3,25.5
656,2024-10-16,711.0,711.0,701.0,709.0,1.0,14394.0,10172770.2,2024,30.17,20.15,14.3,25.5
657,2024-10-17,710.0,715.0,707.0,710.0,0.14,22079.0,15660893.2,2024,30.17,20.15,14.3,25.5
658,2024-10-20,700.0,709.6,695.0,703.3,-0.94,25045.0,17646344.0,2024,30.17,20.15,14.3,25.5
659,2024-10-21,708.0,708.0,692.0,692.0,-1.61,22530.0,15710680.2,2024,30.17,20.15,14.3,25.5
660,2024-10-22,688.2,698.0,685.0,687.5,-0.65,24363.0,16774275.4,2024,30.17,20.15,14.3,25.5
661,2024-10-23,700.0,714.0,690.0,691.1,0.52,59792.0,42165485.9,2024,30.17,20.15,14.3,25.5
662,2024-10-24,704.0,704.0,691.0,692.0,0.13,10568.0,7319287.2,2024,30.17,20.15,14.3,25.5
663,2024-10-27,702.0,702.0,690.0,699.9,1.14,27021.0,18750361.9,2024,30.17,20.15,14.3,25.5
664,2024-10-28,690.1,702.0,690.1,695.1,-0.69,26802.0,18753005.9,2024,30.17,20.15,14.3,25.5
665,2024-10-29,701.0,703.5,696.1,699.0,0.56,25357.0,17730475.9,2024,30.17,20.15,14.3,25.5
666,2024-10-30,712.9,765.0,712.9,738.5,5.65,213474.0,157869797.3,2024,30.17,20.15,14.3,25.5
667,2024-11-05,748.0,752.0,735.0,736.0,-0.34,44235.0,32782038.1,2024,30.17,20.15,14.3,25.5
668,2024-11-06,736.0,741.3,734.0,741.0,0.68,42928.0,31631088.9,2024,30.17,20.15,14.3,25.5
669,2024-11-10,742.0,747.0,739.0,746.5,0.74,79420.0,59094042.4,2024,30.17,20.15,14.3,25.5
670,2024-11-11,755.0,758.5,747.2,755.0,1.14,62474.0,47071986.6,2024,30.17,20.15,14.3,25.5
671,2024-11-12,761.0,764.9,748.0,751.8,-0.42,60731.0,45889105.7,2024,30.17,20.15,14.3,25.5
672,2024-11-13,751.8,760.0,749.0,750.6,-0.16,51884.0,39036707.6,2024,30.17,20.15,14.3,25.5
673,2024-11-14,750.6,753.0,748.0,750.0,-0.08,50746.0,38087848.8,2024,30.17,20.15,14.3,25.5
674,2024-11-17,765.0,765.0,746.1,746.3,-0.49,38390.0,28782877.8,2024,30.17,20.15,14.3,25.5
675,2024-11-19,750.0,755.0,748.0,753.9,1.02,115641.0,86903190.2,2024,30.17,20.15,14.3,25.5
676,2024-11-20,755.1,764.0,749.5,763.0,1.21,101465.0,77031339.9,2024,30.17,20.15,14.3,25.5
677,2024-11-21,751.5,768.0,751.5,760.0,-0.39,48261.0,36682951.0,2024,30.17,20.15,14.3,25.5
678,2024-11-24,769.0,769.0,756.0,762.0,0.26,45323.0,34490190.1,2024,30.17,20.15,14.3,25.5
679,2024-11-25,764.0,765.0,760.1,764.0,0.26,65432.0,49944079.5,2024,30.17,20.15,14.3,25.5
680,2024-11-26,779.2,779.2,756.0,760.0,-0.52,164621.0,125668932.5,2024,30.17,20.15,14.3,25.5
681,2024-11-27,713.6,715.0,692.0,696.0,-2.47,70585.0,49155801.3,2024,30.17,20.15,14.3,25.5
682,2024-11-28,685.0,696.0,681.0,682.0,-2.01,68389.0,46995353.5,2024,30.17,20.15,14.3,25.5
683,2024-12-01,675.0,679.0,666.3,669.0,-1.91,48082.0,32268609.0,2024,30.17,20.15,14.3,25.5
684,2024-12-02,670.0,675.0,663.0,664.0,-0.75,21131.0,14111860.3,2024,30.17,20.15,14.3,25.5
685,2024-12-03,677.0,677.0,660.0,662.0,-0.3,24288.0,16106974.6,2024,30.17,20.15,14.3,25.5
686,2024-12-04,675.2,675.2,657.0,660.0,-0.3,38999.0,25794658.9,2024,30.17,20.15,14.3,25.5
687,2024-12-05,654.0,658.9,650.0,650.5,-1.44,34860.0,22763651.8,2024,30.17,20.15,14.3,25.5
688,2024-12-08,662.0,662.0,638.0,641.0,-1.46,25890.0,16668895.6,2024,30.17,20.15,14.3,25.5
689,2024-12-09,649.8,649.8,630.1,644.0,0.47,26921.0,17260422.3,2024,30.17,20.15,14.3,25.5
690,2024-12-10,655.0,669.0,650.0,662.0,2.8,34954.0,22934609.2,2024,30.17,20.15,14.3,25.5
691,2024-12-11,661.0,692.0,653.0,692.0,4.53,44286.0,29676021.8,2024,30.17,20.15,14.3,25.5
692,2024-12-12,705.8,705.8,672.0,674.0,-2.6,40840.0,27908858.2,2024,30.17,20.15,14.3,25.5
693,2024-12-16,680.0,680.0,665.0,675.0,0.15,25953.0,17386605.4,2024,30.17,20.15,14.3,25.5
694,2024-12-17,668.0,680.0,666.0,672.0,-0.44,28147.0,18886798.4,2024,30.17,20.15,14.3,25.5
695,2024-12-18,679.9,679.9,665.0,668.5,-0.52,28791.0,19281332.0,2024,30.17,20.15,14.3,25.5
696,2024-12-19,666.0,673.0,662.0,667.0,-0.22,27177.0,18121153.0,2024,30.17,20.15,14.3,25.5
697,2024-12-22,680.0,680.0,665.0,665.0,-0.3,62141.0,41765421.6,2024,30.17,20.15,14.3,25.5
698,2024-12-23,678.3,678.3,659.3,668.0,0.45,49499.0,32782506.5,2024,30.17,20.15,14.3,25.5
699,2024-12-24,665.0,675.0,660.0,666.0,-0.3,11079.0,7388990.8,2024,30.17,20.15,14.3,25.5
700,2024-12-26,666.0,680.0,662.0,673.9,1.19,23840.0,16061844.6,2024,30.17,20.15,14.3,25.5
701,2024-12-29,675.0,675.0,670.0,672.0,-0.28,10541.0,7072343.7,2024,30.17,20.15,14.3,25.5
702,2024-12-31,685.4,685.4,667.0,670.0,-0.3,21235.0,14207190.9,2024,30.17,20.15,14.3,25.5
703,2025-01-01,670.1,672.0,667.1,669.9,-0.01,7549.0,5048484.2,2025,27.35,23.03,12.96,19.0
704,2025-01-02,666.0,674.0,666.0,671.0,0.16,12591.0,8441782.8,2025,27.35,23.03,12.96,19.0
705,2025-01-05,671.0,673.0,668.6,671.0,0.0,17436.0,11701941.7,2025,27.35,23.03,12.96,19.0
706,2025-01-06,668.1,679.7,668.0,679.0,1.19,20096.0,13576274.6,2025,27.35,23.03,12.96,19.0
707,2025-01-07,692.5,692.5,675.0,682.0,0.44,16617.0,11301049.4,2025,27.35,23.03,12.96,19.0
708,2025-01-08,687.0,689.0,677.0,682.0,0.0,19627.0,13367457.5,2025,27.35,23.03,12.96,19.0
709,2025-01-09,681.1,688.0,676.1,677.0,-0.73,17610.0,11958319.1,2025,27.35,23.03,12.96,19.0
710,2025-01-12,677.0,677.0,666.0,671.1,-0.87,6808.0,4565732.0,2025,27.35,23.03,12.96,19.0
711,2025-01-13,675.0,675.0,667.2,670.3,-0.12,7827.0,5243075.4,2025,27.35,23.03,12.96,19.0
712,2025-01-15,665.0,678.0,665.0,669.4,-0.13,12296.0,8246355.5,2025,27.35,23.03,12.96,19.0
713,2025-01-16,667.0,672.0,666.7,667.5,-0.28,11342.0,7573560.2,2025,27.35,23.03,12.96,19.0
714,2025-01-19,654.2,685.0,654.2,674.0,0.97,8281.0,5553588.1,2025,27.35,23.03,12.96,19.0
715,2025-01-20,674.0,678.0,674.0,675.0,0.15,18591.0,12558185.6,2025,27.35,23.03,12.96,19.0
716,2025-01-21,673.3,680.0,673.3,680.0,0.74,18174.0,12301029.1,2025,27.35,23.03,12.96,19.0
717,2025-01-22,680.0,695.6,676.0,681.0,0.15,33037.0,22673981.9,2025,27.35,23.03,12.96,19.0
718,2025-01-23,694.0,694.0,675.0,675.0,-0.88,14420.0,9778903.3,2025,27.35,23.03,12.96,19.0
719,2025-01-26,668.0,685.0,668.0,677.3,0.34,16798.0,11371303.4,2025,27.35,23.03,12.96,19.0
720,2025-01-27,671.1,679.9,667.6,672.0,-0.78,22825.0,15336242.7,2025,27.35,23.03,12.96,19.0
721,2025-01-28,667.1,680.0,667.1,670.0,-0.3,18528.0,12424889.3,2025,27.35,23.03,12.96,19.0
722,2025-02-02,670.0,680.0,670.0,677.0,1.04,20157.0,13612841.9,2025,27.35,23.03,12.96,19.0
723,2025-02-03,682.0,688.0,677.3,679.8,0.41,15751.0,10710079.0,2025,27.35,23.03,12.96,19.0
724,2025-02-04,689.0,689.0,680.5,683.9,0.6,16979.0,11617855.9,2025,27.35,23.03,12.96,19.0
725,2025-02-05,695.0,695.0,679.2,680.0,-0.57,18012.0,12318086.5,2025,27.35,23.03,12.96,19.0
726,2025-02-06,688.0,688.0,678.0,678.2,-0.26,12426.0,8444029.2,2025,27.35,23.03,12.96,19.0
727,2025-02-09,665.0,691.8,665.0,675.0,-0.47,8297.0,5607858.2,2025,27.35,23.03,12.96,19.0
728,2025-02-10,667.0,679.9,667.0,673.0,-0.3,19389.0,13062360.3,2025,27.35,23.03,12.96,19.0
729,2025-02-11,672.0,674.5,670.0,670.0,-0.45,21936.0,14729623.3,2025,27.35,23.03,12.96,19.0
730,2025-02-12,669.0,677.9,663.0,668.0,-0.3,30638.0,20400377.0,2025,27.35,23.03,12.96,19.0
731,2025-02-13,672.0,672.0,654.6,658.0,-1.5,41230.0,27148826.6,2025,27.35,23.03,12.96,19.0
732,2025-02-16,658.0,665.0,655.0,663.0,0.76,17882.0,11803265.2,2025,27.35,23.03,12.96,19.0
733,2025-02-17,665.0,670.9,655.2,666.0,0.45,42904.0,28561103.7,2025,27.35,23.03,12.96,19.0
734,2025-02-18,669.0,671.0,663.1,666.6,0.09,46889.0,31251103.9,2025,27.35,23.03,12.96,19.0
735,2025-02-20,654.0,668.0,654.0,666.1,-0.08,32614.0,21698849.5,2025,27.35,23.03,12.96,19.0
736,2025-02-23,652.8,670.0,652.8,663.0,-0.47,62200.0,41284983.5,2025,27.35,23.03,12.96,19.0
737,2025-02-24,670.0,670.0,660.3,664.9,0.29,23683.0,15720377.6,2025,27.35,23.03,12.96,19.0
738,2025-02-25,675.0,675.0,659.1,663.9,-0.15,41734.0,27613330.4,2025,27.35,23.03,12.96,19.0
739,2025-02-27,677.1,689.0,670.0,672.3,1.27,34706.0,23367540.2,2025,27.35,23.03,12.96,19.0
740,2025-03-02,672.0,683.0,670.0,683.0,1.59,56955.0,38570266.2,2025,27.35,23.03,12.96,19.0
741,2025-03-03,680.1,689.0,677.0,677.1,-0.86,51748.0,35278460.0,2025,27.35,23.03,12.96,19.0
742,2025-03-04,677.0,678.0,665.0,665.0,-1.79,37008.0,24758110.7,2025,27.35,23.03,12.96,19.0
743,2025-03-05,664.0,669.0,659.1,663.0,-0.3,34311.0,22694047.9,2025,27.35,23.03,12.96,19.0
744,2025-03-06,660.0,665.9,655.0,662.0,-0.15,37987.0,25007729.9,2025,27.35,23.03,12.96,19.0
745,2025-03-09,650.0,663.0,650.0,655.2,-1.03,56771.0,37313403.6,2025,27.35,23.03,12.96,19.0
746,2025-03-10,655.0,666.0,655.0,656.0,0.12,38917.0,25588825.9,2025,27.35,23.03,12.96,19.0
747,2025-03-11,652.0,662.0,652.0,659.0,0.46,6490.0,4264298.8,2025,27.35,23.03,12.96,19.0
748,2025-03-12,659.0,660.0,655.2,657.1,-0.29,12924.0,8510299.3,2025,27.35,23.03,12.96,19.0
749,2025-03-16,661.0,663.5,650.0,653.0,-0.62,34978.0,22875254.3,2025,27.35,23.03,12.96,19.0
750,2025-03-17,662.0,662.0,653.0,653.0,0.0,11963.0,7845334.7,2025,27.35,23.03,12.96,19.0
751,2025-03-18,666.0,666.0,650.0,654.9,0.29,16220.0,10601986.2,2025,27.35,23.03,12.96,19.0
752,2025-03-19,660.0,660.0,647.0,649.9,-0.76,30854.0,20051386.7,2025,27.35,23.03,12.96,19.0
753,2025-03-20,646.1,650.0,640.0,641.41,-1.31,27304.0,17611303.2,2025,27.35,23.03,12.96,19.0
754,2025-03-23,650.0,650.0,630.0,630.22,-1.74,24034.0,15299417.1,2025,27.35,23.03,12.96,19.0
755,2025-03-24,630.0,634.0,620.1,631.02,0.13,22792.0,14335659.5,2025,27.35,23.03,12.96,19.0
756,2025-03-25,630.0,631.0,622.2,626.01,-0.79,17121.0,10714284.2,2025,27.35,23.03,12.96,19.0
757,2025-03-26,626.0,637.5,623.1,629.44,0.55,12014.0,7546833.9,2025,27.35,23.03,12.96,19.0
758,2025-03-27,642.0,642.0,625.1,630.41,0.15,30032.0,18947360.1,2025,27.35,23.03,12.96,19.0
759,2025-03-30,639.0,639.9,633.0,634.4,0.63,23762.0,15102448.6,2025,27.35,23.03,12.96,19.0
760,2025-04-01,635.0,636.0,629.1,630.46,-0.62,12942.0,8160952.9,2025,27.35,23.03,12.96,19.0
761,2025-04-02,643.0,643.0,630.0,633.72,0.52,14920.0,9473145.3,2025,27.35,23.03,12.96,19.0
762,2025-04-03,643.0,643.0,630.2,635.7,0.31,18730.0,11900867.9,2025,27.35,23.03,12.96,19.0
763,2025-04-07,648.4,648.4,635.0,635.34,-0.06,13561.0,8624702.1,2025,27.35,23.03,12.96,19.0
764,2025-04-08,635.0,638.9,632.0,635.4,0.01,9729.0,6168010.2,2025,27.35,23.03,12.96,19.0
765,2025-04-09,648.0,648.0,632.0,633.51,-0.3,16297.0,10358119.8,2025,27.35,23.03,12.96,19.0
766,2025-04-10,640.0,643.0,630.0,631.09,-0.38,29316.0,18518686.9,2025,27.35,23.03,12.96,19.0
767,2025-04-13,632.0,635.0,628.0,629.46,-0.26,12467.0,7855203.5,2025,27.35,23.03,12.96,19.0
768,2025-04-15,642.0,642.0,630.0,631.07,0.26,12467.0,7882212.6,2025,27.35,23.03,12.96,19.0
769,2025-04-16,643.0,643.0,632.1,634.32,0.51,13474.0,8562541.3,2025,27.35,23.03,12.96,19.0
770,2025-04-17,642.0,642.0,630.1,635.87,0.24,20881.0,13256889.9,2025,27.35,23.03,12.96,19.0
771,2025-04-20,636.0,636.0,622.3,630.07,-0.91,32096.0,20201231.6,2025,27.35,23.03,12.96,19.0
772,2025-04-21,630.0,639.0,625.5,633.01,0.47,15962.0,10076215.9,2025,27.35,23.03,12.96,19.0
773,2025-04-22,635.0,635.0,626.2,627.51,-0.87,10714.0,6723888.7,2025,27.35,23.03,12.96,19.0
774,2025-04-23,637.9,637.9,609.1,620.1,-1.18,33745.0,20834073.4,2025,27.35,23.03,12.96,19.0
775,2025-04-24,615.0,624.0,612.0,617.21,-0.47,18940.0,11666480.6,2025,27.35,23.03,12.96,19.0
776,2025-04-27,617.21,630.0,610.0,613.3,-0.63,62465.0,38249091.4,2025,27.35,23.03,12.96,19.0
777,2025-04-28,610.2,615.0,610.2,613.53,0.04,11379.0,6969469.0,2025,27.35,23.03,12.96,19.0
778,2025-04-29,611.0,625.0,608.0,608.36,-0.84,19648.0,11988549.3,2025,27.35,23.03,12.96,19.0
779,2025-04-30,608.36,612.0,600.0,601.42,-1.14,26084.0,15770932.1,2025,27.35,23.03,12.96,19.0
780,2025-05-04,603.2,606.8,603.0,603.63,0.37,17590.0,10621574.0,2025,27.35,23.03,12.96,19.0
781,2025-05-05,601.0,605.0,600.0,602.09,-0.26,13041.0,7842037.3,2025,27.35,23.03,12.96,19.0
782,2025-05-06,602.5,603.0,597.1,600.24,-0.31,11897.0,7138170.4,2025,27.35,23.03,12.96,19.0
783,2025-05-07,600.0,614.8,600.0,612.13,1.98,10427.0,6319786.8,2025,27.35,23.03,12.96,19.0
784,2025-05-08,602.0,610.9,602.0,607.56,-0.75,13787.0,8349883.3,2025,27.35,23.03,12.96,19.0
785,2025-05-11,607.0,609.0,603.1,605.59,-0.32,8913.0,5396284.2,2025,27.35,23.03,12.96,19.0
786,2025-05-13,607.0,610.0,600.0,603.09,-0.41,16124.0,9723098.8,2025,27.35,23.03,12.96,19.0
787,2025-05-14,603.09,605.0,601.0,602.14,-0.16,9926.0,5977625.6,2025,27.35,23.03,12.96,19.0
788,2025-05-15,603.0,607.0,600.0,602.7,0.09,13691.0,8260350.0,2025,27.35,23.03,12.96,19.0
789,2025-05-18,602.7,606.0,600.0,602.09,-0.1,13367.0,8045711.4,2025,27.35,23.03,12.96,19.0
790,2025-05-19,602.09,610.0,600.1,603.24,0.19,9746.0,5872287.9,2025,27.35,23.03,12.96,19.0
791,2025-05-20,609.0,611.0,600.0,608.71,0.91,12273.0,7440571.4,2025,27.35,23.03,12.96,19.0
792,2025-05-21,620.8,633.2,611.5,612.15,0.57,19399.0,11975211.2,2025,27.35,23.03,12.96,19.0
793,2025-05-22,618.0,626.0,608.0,623.7,1.89,29386.0,18238480.5,2025,27.35,23.03,12.96,19.0
794,2025-05-25,621.0,636.1,620.0,622.43,-0.2,13129.0,8171140.2,2025,27.35,23.03,12.96,19.0
795,2025-05-26,634.8,634.8,625.0,627.09,0.75,22352.0,14016157.3,2025,27.35,23.03,12.96,19.0
796,2025-05-27,630.0,632.9,621.0,627.36,0.04,9510.0,5969119.0,2025,27.35,23.03,12.96,19.0
797,2025-05-28,637.0,637.0,621.3,628.67,0.21,13649.0,8546574.1,2025,27.35,23.03,12.96,19.0
798,2025-06-02,640.0,642.0,630.0,630.36,0.27,22770.0,14464056.2,2025,27.35,23.03,12.96,19.0
799,2025-06-03,638.0,638.0,624.0,624.57,-0.92,20833.0,13078979.9,2025,27.35,23.03,12.96,19.0
800,2025-06-04,625.0,635.0,618.0,619.6,-0.8,13396.0,8319169.1,2025,27.35,23.03,12.96,19.0
801,2025-06-05,630.0,630.0,608.1,609.19,-1.68,19291.0,11829941.5,2025,27.35,23.03,12.96,19.0
802,2025-06-08,605.0,614.0,605.0,606.52,-0.44,14672.0,8894775.0,2025,27.35,23.03,12.96,19.0
803,2025-06-09,612.0,615.0,605.0,612.85,1.04,10269.0,6257393.0,2025,27.35,23.03,12.96,19.0
804,2025-06-10,618.0,622.0,610.0,611.96,-0.15,9761.0,6000275.0,2025,27.35,23.03,12.96,19.0
805,2025-06-11,623.8,623.9,612.1,615.0,0.5,11336.0,6986225.9,2025,27.35,23.03,12.96,19.0
806,2025-06-12,625.0,625.0,609.0,609.44,-0.9,14922.0,9111848.0,2025,27.35,23.03,12.96,19.0
807,2025-06-15,608.0,612.0,608.0,610.33,0.15,29064.0,17728478.8,2025,27.35,23.03,12.96,19.0
808,2025-06-16,610.5,615.0,610.0,612.56,0.37,11266.0,6900641.6,2025,27.35,23.03,12.96,19.0
809,2025-06-17,613.0,614.0,610.1,613.42,0.14,8138.0,4981469.7,2025,27.35,23.03,12.96,19.0
810,2025-06-18,613.42,618.0,609.3,614.72,0.21,7312.0,4478513.0,2025,27.35,23.03,12.96,19.0
811,2025-06-19,610.0,614.9,610.0,612.88,-0.3,12495.0,7664841.8,2025,27.35,23.03,12.96,19.0
812,2025-06-22,613.0,613.0,609.1,610.01,-0.47,20313.0,12415383.9,2025,27.35,23.03,12.96,19.0
813,2025-06-23,610.0,615.0,610.0,612.7,0.44,7393.0,4520752.1,2025,27.35,23.03,12.96,19.0
814,2025-06-24,612.2,617.0,611.0,611.67,-0.17,12089.0,7406277.4,2025,27.35,23.03,12.96,19.0
815,2025-06-25,610.0,619.5,610.0,612.54,0.14,5919.0,3624578.6,2025,27.35,23.03,12.96,19.0
816,2025-06-26,610.0,615.0,610.0,612.87,0.05,8281.0,5079111.0,2025,27.35,23.03,12.96,19.0
817,2025-06-29,619.0,619.0,612.0,615.12,0.37,9551.0,5865477.7,2025,27.35,23.03,12.96,19.0
818,2025-06-30,615.0,621.0,612.0,618.08,0.48,10495.0,6463719.1,2025,27.35,23.03,12.96,19.0
819,2025-07-01,618.0,620.0,615.4,618.03,-0.01,7481.0,4618543.1,2025,27.35,23.03,12.96,19.0
820,2025-07-02,616.2,628.0,616.2,624.74,1.09,11082.0,6915842.9,2025,27.35,23.03,12.96,19.0
821,2025-07-03,620.5,674.0,620.5,643.1,2.94,37435.0,23932062.9,2025,27.35,23.03,12.96,19.0
822,2025-07-06,643.1,645.0,633.0,642.75,-0.05,25931.0,16549883.7,2025,27.35,23.03,12.96,19.0
823,2025-07-07,642.0,648.0,635.0,638.26,-0.7,22129.0,14144095.4,2025,27.35,23.03,12.96,19.0
824,2025-07-08,635.1,640.0,631.0,635.82,-0.38,18997.0,12080161.1,2025,27.35,23.03,12.96,19.0
825,2025-07-09,644.0,644.0,636.2,643.08,1.14,35636.0,22860936.8,2025,27.35,23.03,12.96,19.0
826,2025-07-10,643.0,657.0,643.0,655.57,1.94,56467.0,36743686.1,2025,27.35,23.03,12.96,19.0
827,2025-07-13,642.5,679.9,642.5,667.0,1.74,70142.0,46959520.8,2025,27.35,23.03,12.96,19.0
828,2025-07-14,674.0,677.0,653.0,655.11,-1.78,21829.0,14374616.1,2025,27.35,23.03,12.96,19.0
829,2025-07-15,662.8,662.8,645.0,648.44,-1.02,52557.0,34210048.9,2025,27.35,23.03,12.96,19.0
830,2025-07-16,661.4,667.0,653.0,656.1,1.18,110187.0,72631894.4,2025,27.35,23.03,12.96,19.0
831,2025-07-17,661.0,670.3,650.1,668.39,1.87,54394.0,36286444.1,2025,27.35,23.03,12.96,19.0
832,2025-07-20,681.7,681.7,667.0,670.17,0.27,52292.0,35186852.8,2025,27.35,23.03,12.96,19.0
833,2025-07-21,670.2,670.2,660.0,664.39,-0.86,25207.0,16769083.1,2025,27.35,23.03,12.96,19.0
834,2025-07-22,670.0,677.0,665.0,674.61,1.54,67646.0,45370970.8,2025,27.35,23.03,12.96,19.0
835,2025-07-23,675.0,675.0,661.2,670.09,-0.67,54717.0,36561365.7,2025,27.35,23.03,12.96,19.0
836,2025-07-24,668.1,672.0,665.0,670.91,0.12,24626.0,16452412.6,2025,27.35,23.03,12.96,19.0
837,2025-07-27,670.0,674.8,665.0,666.72,-0.62,34558.0,23129366.3,2025,27.35,23.03,12.96,19.0
838,2025-07-28,660.1,664.0,657.0,661.91,-0.72,42716.0,28136593.1,2025,27.35,23.03,12.96,19.0
839,2025-07-29,666.0,675.0,662.0,665.98,0.61,40515.0,27076312.4,2025,27.35,23.03,12.96,19.0
840,2025-07-30,673.0,679.0,659.0,660.12,-0.88,26079.0,17258091.9,2025,27.35,23.03,12.96,19.0
841,2025-07-31,660.0,660.0,650.2,650.71,-1.43,29239.0,19128099.4,2025,27.35,23.03,12.96,19.0
842,2025-08-03,650.0,650.0,637.2,637.64,-2.01,51219.0,32846012.3,2025,27.35,23.03,12.96,19.0
843,2025-08-04,649.0,701.0,634.4,657.74,3.15,59656.0,38553757.5,2025,27.35,23.03,12.96,19.0
844,2025-08-05,670.0,680.0,644.0,645.52,-1.86,65370.0,42599851.0,2025,27.35,23.03,12.96,19.0
845,2025-08-06,648.0,650.0,638.0,643.09,-0.38,40792.0,26096567.9,2025,27.35,23.03,12.96,19.0
846,2025-08-07,646.3,647.0,638.3,643.93,0.13,13098.0,8416708.3,2025,27.35,23.03,12.96,19.0
847,2025-08-11,656.7,669.7,645.5,647.13,0.5,21700.0,14070005.9,2025,27.35,23.03,12.96,19.0
848,2025-08-12,658.0,658.0,630.5,639.98,-1.1,27289.0,17461420.9,2025,27.35,23.03,12.96,19.0
849,2025-08-13,640.0,641.0,635.1,639.32,-0.1,15501.0,9887187.3,2025,27.35,23.03,12.96,19.0
850,2025-08-14,639.0,640.0,635.0,637.46,-0.29,12418.0,7909497.9,2025,27.35,23.03,12.96,19.0
851,2025-08-17,638.0,639.8,624.0,628.26,-1.44,41677.0,26226429.4,2025,27.35,23.03,12.96,19.0
852,2025-08-18,625.0,628.0,619.0,624.57,-0.59,28522.0,17781090.2,2025,27.35,23.03,12.96,19.0
853,2025-08-19,634.8,634.8,625.5,629.28,0.75,8775.0,5502983.5,2025,27.35,23.03,12.96,19.0
854,2025-08-20,630.0,631.0,626.0,627.42,-0.3,10590.0,6651177.0,2025,27.35,23.03,12.96,19.0
855,2025-08-21,629.0,629.0,624.0,626.12,-0.21,12319.0,7713039.9,2025,27.35,23.03,12.96,19.0
856,2025-08-24,624.0,627.5,623.3,625.35,-0.12,15149.0,9470269.2,2025,27.35,23.03,12.96,19.0
857,2025-08-25,620.2,626.9,620.2,622.83,-0.4,13483.0,8397710.3,2025,27.35,23.03,12.96,19.0
858,2025-08-26,633.0,633.0,623.0,626.45,0.58,8993.0,5626911.5,2025,27.35,23.03,12.96,19.0
859,2025-08-27,634.0,634.0,625.6,631.31,0.78,8359.0,5261878.0,2025,27.35,23.03,12.96,19.0
860,2025-08-28,623.0,634.7,623.0,630.26,-0.17,13295.0,8377707.3,2025,27.35,23.03,12.96,19.0
861,2025-08-31,628.0,635.0,619.0,634.1,0.61,21876.0,13744858.3,2025,27.35,23.03,12.96,19.0
862,2025-09-01,625.0,681.0,625.0,659.97,4.08,106420.0,69673993.2,2025,27.35,23.03,12.96,19.0
863,2025-09-02,670.0,679.3,657.0,661.75,0.27,119242.0,79527616.7,2025,27.35,23.03,12.96,19.0
864,2025-09-03,668.8,668.8,653.0,654.46,-1.1,20734.0,13640432.2,2025,27.35,23.03,12.96,19.0
865,2025-09-04,650.0,659.9,642.0,651.75,-0.41,24639.0,15992862.8,2025,27.35,23.03,12.96,19.0
866,2025-09-07,659.0,659.0,637.0,642.44,-1.43,23683.0,15198093.9,2025,27.35,23.03,12.96,19.0
867,2025-09-08,630.1,640.0,630.0,631.7,-1.67,12381.0,7825523.9,2025,27.35,23.03,12.96,19.0
868,2025-09-18,619.1,619.1,605.0,607.0,-3.91,2917.0,1773044.0,2025,27.35,23.03,12.96,19.0
869,2025-09-21,594.9,627.0,594.9,618.27,1.86,74579.0,45683939.9,2025,27.35,23.03,12.96,19.0
870,2025-09-23,629.5,635.0,620.1,634.0,2.54,16046.0,10067083.3,2025,27.35,23.03,12.96,19.0
871,2025-09-24,634.0,638.9,625.8,632.0,-0.32,15152.0,9543387.3,2025,27.35,23.03,12.96,19.0
872,2025-09-25,628.5,633.0,620.0,624.1,-1.25,28886.0,18052677.6,2025,27.35,23.03,12.96,19.0
873,2025-09-28,636.0,636.0,626.0,630.0,0.95,5718.0,3600896.8,2025,27.35,23.03,12.96,19.0
874,2025-10-07,639.5,639.5,618.3,625.0,-0.79,43949.0,27354039.1,2025,27.35,23.03,12.96,19.0
875,2025-10-08,620.0,623.0,610.0,620.0,-0.8,19576.0,12039779.9,2025,27.35,23.03,12.96,19.0
876,2025-10-09,632.4,647.0,625.3,625.3,0.85,30979.0,19634319.2,2025,27.35,23.03,12.96,19.0
877,2025-10-12,616.1,628.0,609.0,617.0,-1.33,40272.0,24704348.3,2025,27.35,23.03,12.96,19.0
878,2025-10-13,629.3,629.3,610.0,615.3,-0.28,20047.0,12350887.0,2025,27.35,23.03,12.96,19.0
879,2025-10-14,625.0,625.0,612.5,614.2,-0.18,9633.0,5919738.7,2025,27.35,23.03,12.96,19.0
880,2025-10-15,625.8,625.8,610.1,615.0,0.13,15650.0,9649328.0,2025,27.35,23.03,12.96,19.0
881,2025-10-16,625.0,625.0,603.0,613.0,-0.33,24469.0,14917474.3,2025,27.35,23.03,12.96,19.0
882,2025-10-19,615.0,635.5,614.0,629.0,2.61,89818.0,56647709.1,2025,27.35,23.03,12.96,19.0
883,2025-10-26,629.0,629.0,620.0,627.0,-0.32,14318.0,8924131.2,2025,27.35,23.03,12.96,19.0
884,2025-10-28,629.5,635.2,629.0,632.5,0.88,19279.0,12202492.4,2025,27.35,23.03,12.96,19.0
885,2025-10-29,630.0,637.0,630.0,632.5,0.0,19531.0,12349050.6,2025,27.35,23.03,12.96,19.0
886,2025-10-30,630.0,638.9,627.1,636.0,0.55,26451.0,16758459.7,2025,27.35,23.03,12.96,19.0
887,2025-11-02,648.7,648.7,630.3,638.0,0.31,15940.0,10130724.3,2025,27.35,23.03,12.96,19.0
888,2025-11-03,639.0,647.0,632.2,643.0,0.78,23579.0,15028797.9,2025,27.35,23.03,12.96,19.0
889,2025-11-04,637.5,644.0,635.2,637.0,-0.93,15878.0,10125077.8,2025,27.35,23.03,12.96,19.0
890,2025-11-05,635.0,643.0,635.0,641.8,0.75,17725.0,11318643.9,2025,27.35,23.03,12.96,19.0
891,2025-11-06,634.1,645.0,634.1,638.0,-0.59,35160.0,22472957.5,2025,27.35,23.03,12.96,19.0
892,2025-11-09,644.0,644.0,634.5,636.0,-0.31,29856.0,18997594.1,2025,27.35,23.03,12.96,19.0
893,2025-11-10,641.0,641.0,635.1,639.8,0.6,27302.0,17400317.8,2025,27.35,23.03,12.96,19.0
894,2025-11-11,645.0,645.0,637.0,641.0,0.19,18611.0,11893994.4,2025,27.35,23.03,12.96,19.0
895,2025-11-12,642.0,642.0,635.0,639.0,-0.31,16743.0,10681556.5,2025,27.35,23.03,12.96,19.0
896,2025-11-13,635.0,639.1,635.0,637.0,-0.31,10261.0,6528189.2,2025,27.35,23.03,12.96,19.0
897,2025-11-16,635.1,640.0,630.1,632.1,-0.77,10837.0,6852635.1,2025,27.35,23.03,12.96,19.0
898,2025-11-17,632.0,640.0,631.1,636.0,0.62,13316.0,8471061.3,2025,27.35,23.03,12.96,19.0
899,2025-11-18,633.0,639.5,633.0,636.2,0.03,10579.0,6738699.0,2025,27.35,23.03,12.96,19.0
900,2025-11-19,637.0,639.9,633.5,636.9,0.11,11815.0,7520648.7,2025,27.35,23.03,12.96,19.0
901,2025-11-20,643.0,643.0,633.0,637.0,0.02,9825.0,6240242.8,2025,27.35,23.03,12.96,19.0
902,2025-11-23,637.1,643.0,637.1,641.0,0.63,25737.0,16507733.2,2025,27.35,23.03,12.96,19.0
903,2025-11-24,645.0,648.8,643.0,646.0,0.78,42052.0,27176992.8,2025,27.35,23.03,12.96,19.0
904,2025-11-25,648.5,650.0,643.0,649.0,0.46,33381.0,21530657.6,2025,27.35,23.03,12.96,19.0
905,2025-11-26,650.0,656.0,648.1,655.0,0.92,55079.0,35867558.3,2025,27.35,23.03,12.96,19.0
906,2025-11-27,657.0,661.8,656.0,660.0,0.76,59896.0,39520541.1,2025,27.35,23.03,12.96,19.0
907,2025-11-30,664.9,669.0,660.4,665.0,0.76,47892.0,31830883.5,2025,27.35,23.03,12.96,19.0
908,2025-12-01,663.0,666.9,657.0,665.8,0.12,110362.0,73223558.2,2025,27.35,23.03,12.96,19.0
909,2025-12-02,652.5,652.5,635.0,640.0,-3.88,48374.0,30895415.6,2025,27.35,23.03,12.96,19.0
910,2025-12-03,640.0,641.0,627.4,631.0,-1.41,24352.0,15391482.2,2025,27.35,23.03,12.96,19.0
911,2025-12-07,630.0,630.0,621.4,623.0,-1.27,33143.0,20675323.8,2025,27.35,23.03,12.96,19.0
912,2025-12-08,625.0,626.0,619.0,621.0,-0.32,17924.0,11173736.6,2025,27.35,23.03,12.96,19.0
913,2025-12-09,625.0,625.1,620.0,622.0,0.16,11221.0,6978425.3,2025,27.35,23.03,12.96,19.0
914,2025-12-10,623.0,625.0,620.1,623.0,0.16,22235.0,13856814.0,2025,27.35,23.03,12.96,19.0
915,2025-12-11,624.7,625.0,621.1,622.0,-0.16,27364.0,17065933.0,2025,27.35,23.03,12.96,19.0
916,2025-12-14,629.9,630.0,622.1,623.9,0.31,14221.0,8886891.2,2025,27.35,23.03,12.96,19.0
917,2025-12-15,623.9,628.0,623.0,625.1,0.19,22027.0,13757741.1,2025,27.35,23.03,12.96,19.0
918,2025-12-16,622.1,630.0,622.1,625.0,-0.02,18432.0,11519374.9,2025,27.35,23.03,12.96,19.0
919,2025-12-17,629.0,629.8,625.0,628.0,0.48,14270.0,8940849.8,2025,27.35,23.03,12.96,19.0
920,2025-12-18,625.0,628.0,621.0,625.4,-0.41,8156.0,5102959.2,2025,27.35,23.03,12.96,19.0
921,2025-12-21,625.0,629.8,624.0,627.0,0.26,14748.0,9241718.7,2025,27.35,23.03,12.96,19.0
922,2025-12-22,622.2,631.0,614.5,623.2,-0.61,31480.0,19743507.9,2025,27.35,23.03,12.96,19.0
923,2025-12-23,623.0,634.0,622.0,626.0,0.45,7226.0,4531504.2,2025,27.35,23.03,12.96,19.0
924,2025-12-24,625.0,630.0,623.0,624.8,-0.19,17735.0,11137196.5,2025,27.35,23.03,12.96,19.0
925,2025-12-28,622.0,630.0,622.0,629.0,0.67,15592.0,9792883.8,2025,27.35,23.03,12.96,19.0
926,2025-12-29,631.0,634.9,626.2,626.5,-0.4,8987.0,5637459.9,2025,27.35,23.03,12.96,19.0
927,2025-12-31,630.0,634.0,624.1,631.0,0.72,12802.0,8063574.5,2025,27.35,23.03,12.96,19.0
928,2026-01-01,638.0,638.0,627.1,632.0,0.16,24484.0,15414181.2,2026,,,,
929,2026-01-04,627.0,633.0,627.0,632.0,0.0,15776.0,9951809.5,2026,,,,
930,2026-01-05,636.0,636.0,628.2,631.9,-0.02,19360.0,12202998.4,2026,,,,
931,2026-01-06,639.9,639.9,628.4,635.0,0.49,54373.0,34492099.3,2026,,,,
932,2026-01-07,635.0,641.9,630.2,638.0,0.47,45060.0,28801862.2,2026,,,,
933,2026-01-08,638.9,642.4,638.0,640.0,0.31,25322.0,16213254.7,2026,,,,
934,2026-01-12,641.8,641.9,636.0,636.0,-0.63,12219.0,7810962.0,2026,,,,
935,2026-01-13,642.7,699.0,625.0,633.1,-0.46,15863.0,10075954.4,2026,,,,
936,2026-01-14,633.1,639.9,630.1,631.4,-0.27,14973.0,9467543.0,2026,,,,
937,2026-01-18,632.5,636.0,631.4,633.1,0.27,11893.0,7529962.5,2026,,,,
938,2026-01-20,630.0,642.0,630.0,640.6,1.18,20233.0,12937771.7,2026,,,,
939,2026-01-21,638.0,642.0,636.0,638.0,-0.41,20013.0,12744320.4,2026,,,,
940,2026-01-22,634.6,642.5,628.0,631.0,-1.1,54460.0,34356032.7,2026,,,,
