published_date,open,high,low,close,per_change,traded_quantity,traded_amount,status
2/7/2021,665,726,656,694,2.66,25785,17529590,1
2/8/2021,685,701,660,675,-2.74,26305,17664812,-1
2/9/2021,707,707,634,645,-4.44,31817,20460763,-1
2/10/2021,677,677,622,640,-0.78,26200,16625840,-1
2/11/2021,628,640,618,620,-3.13,15428,9651278,-1
2/14/2021,615,630,604,613,-1.13,20260,12468905,-1
2/15/2021,610,650,610,643,4.89,40120,25531595,1
2/16/2021,643,650,627,650,1.09,28531,18248439,1
2/17/2021,637,648,629,635,-2.31,34932,22081999,-1
2/18/2021,630,659,630,650,2.36,21616,14019460,1
2/21/2021,661,670,634,650,0,41465,26973565,0
2/22/2021,660,663,637,647,-0.46,18510,11981275,-1
2/23/2021,635,647,635,645,-0.31,17585,11228710,-1
2/24/2021,645,655,635,646,0.16,20264,13170356,1
2/25/2021,650,650,636,643,-0.46,13120,8389920,-1
2/28/2021,632,633,615,622,-3.27,14411,8992091,-1
3/1/2021,612,635,600,625,0.48,14902,9208702,1
3/2/2021,656,656,617,618,-1.12,8426,5265118,-1
3/3/2021,608,642,608,624,0.97,16220,10108435,1
3/4/2021,624,646,624,643,3.04,12160,7780150,1
3/7/2021,635,643,635,637,-0.93,7910,5052140,-1
3/9/2021,625,641,625,640,0.47,14810,9443910,1
3/10/2021,635,663,631,657,2.66,13721,8908995,1
3/14/2021,634,710,634,696,5.94,44120,30681291,1
3/15/2021,730,730,671,681,-2.16,25060,17068440,-1
3/16/2021,670,693,667,672,-1.32,8842,5937431,-1
3/17/2021,659,685,647,667,-0.74,7630,5109400,-1
3/18/2021,654,678,654,674,1.05,6396,4282673,1
3/21/2021,661,691,630,680,0.89,21793,14478106,1
3/22/2021,680,690,654,685,0.74,12700,8654601,1
3/23/2021,651,716,651,715,4.38,43777,30809123,1
3/24/2021,715,725,696,705,-1.4,18923,13427680,-1
3/25/2021,730,735,680,697,-1.13,10820,7510274,-1
3/29/2021,690,697,677,683,-2.01,13610,9328085,-1
3/30/2021,680,707,659,690,1.02,5594,3821661,1
3/31/2021,680,695,680,689,-0.14,7189,4950243,-1
4/1/2021,676,702,676,702,1.89,17953,12508596,1
4/4/2021,701,707,690,704,0.28,9826,6873624,1
4/5/2021,705,718,691,708,0.57,11655,8172016,1
4/6/2021,700,738,696,714,0.85,14289,10199742,1
4/7/2021,702,750,702,727,1.82,23145,16880665,1
4/8/2021,720,740,713,732,0.69,10293,7521426,1
4/12/2021,730,800,730,758,3.55,25683,19552921,1
4/13/2021,764,833,764,833,9.89,45712,37243613,1
4/15/2021,874,884,805,823,-1.2,40059,33158354,-1
4/18/2021,820,820,790,804,-2.31,29998,24061355,-1
4/19/2021,788,804,771,782,-2.74,13642,10726274,-1
4/20/2021,782,802,760,790,1.02,11927,9395053,1
4/21/2021,775,805,766,778,-1.52,11935,9270852,-1
4/22/2021,763,775,761,774,-0.51,10350,7962060,-1
4/25/2021,770,770,732,739,-4.52,18366,13617517,-1
4/26/2021,703,759,703,730,-1.22,13105,9565620,-1
4/27/2021,717,770,717,770,5.48,9220,6949499,1
4/28/2021,755,785,726,772,0.26,6769,5189759,1
4/29/2021,760,798,758,790,2.33,8804,6883192,1
5/2/2021,775,810,762,805,1.9,16014,12810701,1
5/3/2021,805,810,782,793,-1.49,16942,13442076,-1
5/4/2021,807,807,778,792,-0.13,6540,5140416,-1
5/5/2021,781,792,778,780,-1.52,7210,5650510,-1
5/6/2021,780,788,760,760,-2.56,9309,7180065,-1
5/9/2021,765,826,750,777,2.24,30693,24289793,1
5/10/2021,777,798,763,796,2.45,5919,4683311,1
5/11/2021,811,812,796,808,1.51,12944,10443725,1
5/12/2021,809,864,805,845,4.58,33795,28045055,1
5/13/2021,850,867,830,840,-0.59,24444,20644616,-1
5/16/2021,850,872,825,830,-1.19,25792,21563089,-1
5/17/2021,828,851,821,835,0.6,20835,17415790,1
5/18/2021,845,877,835,853,2.16,27370,23431509,1
5/19/2021,869,869,823,840,-1.52,25322,21226713,-1
5/20/2021,830,840,816,824,-1.9,21914,18059349,-1
5/23/2021,808,837,808,830,0.73,12830,10560720,1
5/24/2021,830,837,815,818,-1.45,12269,10068491,-1
5/25/2021,807,827,807,810,-0.98,10215,8306903,-1
5/27/2021,800,860,799,839,3.58,36891,30550887,1
5/30/2021,835,849,800,807,-3.81,26738,21893033,-1
5/31/2021,805,820,788,790,-2.11,30437,24281081,-1
6/1/2021,777,793,770,780,-1.27,24965,19404848,-1
6/2/2021,765,829,765,819,5,19008,15131940,1
6/3/2021,835,835,794,796,-2.81,18901,15230446,-1
6/6/2021,781,790,775,781,-1.88,6435,5037650,-1
6/7/2021,790,800,781,788,0.9,20385,16070890,1
6/8/2021,776,806,776,792,0.51,12447,9939326,1
6/9/2021,777,800,777,786,-0.76,6139,4836747,-1
6/10/2021,780,864,771,864,9.92,96143,81127037,1
6/13/2021,907,950,907,950,9.95,17664,16636518,1
6/14/2021,997,1045,925,959,0.95,81217,78491187,1
6/15/2021,1006,1026,967,974,1.56,79578,78983705,1
6/16/2021,955,970,878,935,-4,51201,47886746,-1
6/17/2021,917,938,899,903,-3.42,16795,15377410,-1
6/20/2021,900,914,846,875,-3.1,30764,26829747,-1
6/21/2021,858,908,841,855,-2.29,25140,21567873,-1
6/22/2021,840,929,840,887,3.74,11837,10401938,1
6/23/2021,870,895,850,860,-3.04,10960,9524295,-1
6/24/2021,845,899,843,861,0.12,12090,10492520,1
6/27/2021,845,890,845,873,1.39,12282,10567800,1
6/28/2021,856,876,845,856,-1.95,9045,7816530,-1
6/29/2021,843,888,841,843,-1.52,6893,5872539,-1
6/30/2021,850,855,825,835,-0.95,15060,12519143,-1
7/1/2021,850,868,825,835,0,7561,6348476,0
7/4/2021,822,835,821,835,0,1774,1474952,0
7/5/2021,828,838,815,826,-1.08,1640,1351180,-1
7/6/2021,810,869,810,869,5.21,12311,10156576,1
7/7/2021,869,869,822,847,-2.53,5865,4917965,-1
7/8/2021,835,855,827,855,0.94,19999,16750153,1
7/11/2021,855,885,851,874,2.22,13015,11308845,1
7/12/2021,858,882,849,873,-0.11,14943,12912307,-1
7/13/2021,856,879,850,869,-0.46,6690,5812375,-1
7/14/2021,885,885,852,872,0.35,4345,3759893,1
7/15/2021,855,891,853,890,2.06,18108,15968182,1
7/18/2021,874,925,874,920,3.37,21870,19941109,1
7/19/2021,938,940,904.6,929,0.98,29255,27070766.5,1
7/20/2021,930,963,915,950,2.26,41571,39086606.7,1
7/22/2021,951.2,989,938,984,3.58,36976,36069987.6,1
7/25/2021,970,1000,960,989,0.51,30898,30368784,1
7/26/2021,999,999.9,960,980,-0.91,14942,14694866.3,-1
7/27/2021,990,1019,961,985,0.51,19418,19288276.5,1
7/28/2021,1004.7,1066,975,989.9,0.5,16239,16441825,1
7/29/2021,977,985,963,970.2,-1.99,11406,11084342,-1
8/1/2021,954,980,954,975,0.49,12949,12593204,1
8/2/2021,973,994.5,961,975,0,24890,24325376.5,0
8/3/2021,994.5,994.5,965,990,1.54,13563,13286872,1
8/4/2021,995,1007,975,985,-0.51,25246,24930933.4,-1
8/5/2021,999,999,955,965,-2.03,12866,12484541,-1
8/8/2021,946,1003,946,970,0.52,15800,15508878.5,1
8/9/2021,989.4,1030,956.2,1025,5.67,43092,43358079,1
8/10/2021,1010,1127,1005,1127,9.95,85263,89675547,1
8/11/2021,1116,1239.7,1115,1160,2.93,78191,91383704.8,1
8/12/2021,1183,1276,1183,1276,10,99432,126273427,1
8/15/2021,1251,1352,1155,1352,5.96,57818,70664971,1
8/16/2021,1350,1350,1225,1280,-5.33,43504,56481552.5,-1
8/17/2021,1257,1408,1257,1408,10,71755,96518946,1
8/18/2021,1385,1521,1385,1521,8.03,53488,76271351.1,1
8/19/2021,1490.6,1490.6,1407,1421,-6.57,21471,30788943,-1
8/24/2021,1392.6,1400,1297.6,1300,-8.52,47405,63066822,-1
8/25/2021,1274,1400,1250,1400,7.69,106520,138845009.5,1
8/26/2021,1372,1530,1345,1530,9.29,80872,117897172.3,1
8/29/2021,1499.4,1499.4,1414,1479,-3.33,22735,32774748.6,-1
8/31/2021,1449.5,1449.5,1343,1394,-5.75,40471,56233334,-1
9/1/2021,1366.2,1400,1313,1330,-4.59,16427,22280809,-1
9/2/2021,1330,1421,1278,1280,-3.76,23098,30273504,-1
9/5/2021,1295,1356,1200,1289.6,0.75,37460,46033278,1
9/6/2021,1264,1340.2,1230.2,1340,3.91,16230,21216996,1
9/7/2021,1313.2,1313.2,1268,1268,-5.37,13450,17265550,-1
9/8/2021,1243,1292,1240,1264,-0.32,3695,4626553,-1
9/9/2021,1241.1,1340,1238.9,1314,3.96,5125,6631237,1
9/12/2021,1291,1346,1291,1342,2.13,17646,23437295.1,1
9/13/2021,1340,1360,1276,1324,-1.34,11728,15505907,-1
9/14/2021,1298,1377,1276,1320,-0.3,7280,9490346,-1
9/15/2021,1293.6,1346,1268,1346,1.97,11735,15172092,1
9/16/2021,1319.1,1319.1,1212,1298,-3.57,12580,15716029,-1
9/20/2021,1272.1,1280,1168.2,1190,-8.32,18950,22459553.8,-1
9/21/2021,1175,1235,1150,1155,-2.94,7649,8942900,-1
9/22/2021,1160,1225,1155,1200,3.9,3250,3889313,1
9/23/2021,1224,1224,1165.3,1202,0.17,2380,2830037.3,1
9/26/2021,1178,1208,1160,1178,-2,2270,2672303,-1
9/27/2021,1201,1225,1100,1130,-4.07,9140,10551635,-1
9/28/2021,1108,1125,1080,1100,-2.65,12230,13480265.8,-1
9/29/2021,1078,1150,1049.2,1134,3.09,7120,7834895,1
9/30/2021,1115,1130,1080,1087,-4.14,2935,3249956,-1
10/3/2021,1067,1110,1050,1104,1.56,6245,6742714,1
10/4/2021,1082,1122,1040,1113.8,0.89,2732,2992644,1
10/5/2021,1092,1130,1066.1,1077,-3.3,8766,9548876,-1
10/6/2021,1090,1155,1071,1100,2.14,999,1082990,1
10/10/2021,1078,1120,1056.5,1119,1.73,1660,1802030,1
10/11/2021,1096.7,1100,1071,1100,-1.7,1635,1784405,-1
10/17/2021,1078,1122,1070,1115,1.36,400,437934,1
10/18/2021,1092.7,1114.5,1051,1051,-5.74,3418,3663447,-1
10/19/2021,1050,1090,1020,1088.3,3.55,4071,4282190.5,1
10/20/2021,1067.1,1110,1067,1110,1.99,3920,4271365,1
10/21/2021,1100,1100,1065,1090,-1.8,2160,2347890,-1
10/24/2021,1080,1135.1,1070,1116,2.39,4008,4493917,1
10/25/2021,1116,1227.6,1116,1227,9.95,14659,17376836.5,1
10/26/2021,1203,1300,1187,1253,2.12,7044,8783416,1
10/27/2021,1231,1250,1206,1225,-2.23,2066,2529363,-1
10/28/2021,1201,1244,1200.5,1230,0.41,1785,2175544,1
10/31/2021,1205.4,1278,1185,1229.9,-0.01,4370,5366751,-1
11/1/2021,1220,1264,1200.5,1228.9,-0.08,5640,6904522.5,-1
11/2/2021,1205,1295,1200,1245,1.31,5545,6827136,1
11/3/2021,1230,1244,1210,1239,-0.48,1091,1337638.4,-1
11/8/2021,1215,1265,1191,1230,-0.73,17742,21393295.5,-1
11/9/2021,1250,1279,1159,1180,-4.07,3823,4580872.6,-1
11/11/2021,1157.1,1198,1150,1172,-0.68,3452,4034892.6,-1
11/14/2021,1195.4,1219,1144,1199,2.3,8577,10183681,1
11/15/2021,1175.1,1222.5,1155,1165,-2.84,6479,7571485.9,-1
11/16/2021,1150,1200,1107,1178,1.12,5147,5941039,1
11/17/2021,1180,1259,1180,1225,3.99,13217,16026397.6,1
11/18/2021,1200.5,1210,1170,1170,-4.49,2430,2895657,-1
11/21/2021,1151.1,1193.4,1151.1,1190,1.71,1670,1956534.5,1
11/22/2021,1169,1201,1168,1196,0.5,1890,2241999,1
11/23/2021,1173,1173,1149,1168,-2.34,2735,3162639,-1
11/24/2021,1191,1191,1123,1170,0.17,13985,15921126,1
11/25/2021,1190,1190,1150,1168,-0.17,3546,4163173,-1
11/28/2021,1146,1148,1087.8,1100,-5.82,6141,6899182,-1
11/29/2021,1078.3,1121.7,1078.3,1096,-0.36,1420,1564550,-1
11/30/2021,1090,1154,1070,1119,2.1,2427,2673096.6,1
12/1/2021,1115,1137,1100,1100,-1.7,1610,1802600,-1
12/2/2021,1105,1120,1075,1101.9,0.17,4405,4834301,1
12/5/2021,1118,1118,1033,1065,-3.35,4860,5115872,-1
12/6/2021,1085.9,1085.9,1007,1050,-1.41,4490,4660647,-1
12/7/2021,1071,1071,1037.7,1055,0.48,4801,5054035,1
12/8/2021,1035,1055,1010.9,1053.6,-0.13,2515,2601669,-1
12/9/2021,1033,1053.6,1000,1013.1,-3.84,3074,3107018,-1
12/12/2021,1013.5,1033.7,953,996,-1.69,13255,13162711.5,-1
12/13/2021,977,1036,925,1035,3.92,9061,8868877,1
12/14/2021,1015,1064.8,995,1064.8,2.88,4128,4301796.6,1
12/15/2021,1085.9,1085.9,1012,1039.9,-2.34,2871,2956896.5,-1
12/16/2021,1019.2,1081.8,999,1081.8,4.03,5660,5801960.5,1
12/20/2021,1065,1065,985,1015.1,-6.17,2560,2611799,-1
12/21/2021,997.2,1090,997.2,1090,7.38,1304,1339642,1
12/22/2021,1089.9,1120,1006,1115,2.29,4475,4832215,1
12/23/2021,1110,1125,1039.8,1125,0.9,3731,4065095,1
12/26/2021,1135,1135,1083,1090,-3.11,7161,7974580,-1
12/27/2021,1069,1111,1030,1030,-5.5,2330,2454831,-1
12/28/2021,1009.4,1065.9,992,1065.9,3.49,3544,3736595.6,1
12/29/2021,1080,1087.2,1023.4,1048.6,-1.62,2750,2915645,-1
1/2/2022,1030,1070,1020,1051,0.23,1790,1881840,1
1/3/2022,1032,1086.3,1032,1065,1.33,6020,6501530,1
1/4/2022,1043.7,1084,1027,1075,0.94,1190,1265925,1
1/5/2022,1060,1120,1060,1064.4,-0.99,3867,4224058.2,-1
1/6/2022,1065,1149,1065,1120,5.22,12273,13738227.6,1
1/9/2022,1142.4,1203.6,1130,1160,3.57,8523,9908321,1
1/10/2022,1163,1221.9,1155,1220,5.17,10920,13062489,1
1/11/2022,1197,1220,1175,1177,-3.52,16277,19331341.3,-1
1/12/2022,1170,1200,1150,1159,-1.53,14940,17433505.3,-1
1/13/2022,1160,1200,1145,1200,3.54,3935,4624394,1
1/16/2022,1176,1256.7,1176,1237,3.08,38488,46790645,1
1/17/2022,1212.3,1319,1189,1300,5.09,39877,49472429.5,1
1/18/2022,1300,1305,1225,1251,-3.77,13111,16647203.3,-1
1/19/2022,1231,1259.7,1226.2,1249,-0.16,10150,12565037.7,-1
1/20/2022,1226,1245,1213.5,1245,-0.32,7046,8664889,-1
1/23/2022,1245,1245,1200,1231,-1.12,11450,13990691.5,-1
1/24/2022,1231,1231,1167,1168.2,-5.1,7730,9097955,-1
1/25/2022,1155.1,1191.5,1155.1,1175,0.58,3060,3569519.5,1
1/26/2022,1157,1174,1145,1170,-0.43,4300,4991631,-1
1/27/2022,1161,1170,1150,1170,0,976,1126172,0
1/30/2022,1193.4,1216.8,1169.2,1205,2.99,7180,8577512,1
1/31/2022,1184,1229.1,1177.7,1229.1,2,5185,6284967,1
2/1/2022,1204.6,1253.6,1185,1251,1.78,11176,13878378,1
2/3/2022,1251,1255,1230,1235,-1.28,6386,7951585,-1
2/6/2022,1210.3,1243,1210.1,1220,-1.21,3105,3790043,-1
2/7/2022,1196,1230,1196,1220,0,1665,2016555,0
2/8/2022,1244.4,1279,1192,1224,0.33,23423,28581335,1
2/9/2022,1200,1200,1175.1,1191,-2.7,4103,4863993.4,-1
2/10/2022,1168,1214,1146,1199,0.67,16844,19548764.3,1
2/13/2022,1175.1,1175.1,1112,1149.5,-4.13,5036,5724591.5,-1
2/14/2022,1135.5,1160,1116,1135,-1.26,3050,3468064,-1
2/15/2022,1115,1156,1115,1156,1.85,1845,2102223,1
2/16/2022,1135.2,1175,1119,1152,-0.35,4922,5609182.5,-1
2/17/2022,1150,1169,1124,1155,0.26,633,725970,1
2/20/2022,1132,1154.5,1109.4,1139,-1.39,3145,3579434,-1
2/21/2022,1120,1160,1120,1135,-0.35,1050,1190461,1
2/22/2022,1140,1180,1137,1160,2.2,5190,6029024,1
2/23/2022,1160,1179.9,1145,1169,0.78,3740,4322026,1
2/24/2022,1150,1150.8,1128.4,1140,-2.48,2485,2822875.5,-1
2/27/2022,1139,1145,1120,1130,-0.88,3240,3646672.2,-1
2/28/2022,1135,1158,1093.8,1104,-2.3,4462,5017043,-1
3/2/2022,1104,1110,1055.2,1080,-2.17,3672,3937135,-1
3/6/2022,1100,1100,1045.1,1055,-2.31,4125,4362833.5,-1
3/7/2022,1050,1076,1036.5,1050,-0.47,2065,2161446,0
3/9/2022,1032,1135,1014,1135,8.1,2253,2339256.5,1
3/10/2022,1113,1113,1050,1100,-3.08,3450,3765646,-1
3/13/2022,1100,1129,1085,1125,2.27,5967,6595886.3,1
3/14/2022,1104.1,1135,1086,1113,-1.07,680,750315,1
3/15/2022,1101,1101,1091,1095,-1.62,2315,2532207,-1
3/16/2022,1074.1,1085,1072,1075.1,-1.82,1490,1603852,1
3/20/2022,1055.1,1067.5,1042,1067,-0.75,547,578289,1
3/21/2022,1057.7,1135,1048.1,1110,4.03,1355,1466170,1
3/22/2022,1130,1130,1080,1100,-0.9,2260,2495541,-1
3/23/2022,1080.1,1120,1080.1,1100,0,1705,1878208.3,1
3/24/2022,1100,1110,1080,1101,0.09,1844,2026511,1
3/27/2022,1079,1101.6,1060.4,1068,-3,3022,3278589.4,-1
3/28/2022,1068,1080,1051.1,1079,1.03,2860,3042880,1
3/29/2022,1079,1097,1035,1089.8,1,1670,1749955,1
3/30/2022,1068.1,1091,1050,1091,0.11,1725,1860864,1
3/31/2022,1070,1090,1055.3,1088.9,-0.19,520,557752,1
4/3/2022,1067.2,1075,1045.9,1075,-1.28,3150,3348312,1
4/4/2022,1055,1060,1048,1053,-2.05,2780,2931717,-1
4/5/2022,1038,1056.7,1017.1,1029,-2.28,1273,1310687.8,-1
4/6/2022,1009,1050,1000,1044,1.46,4337,4400118.8,1
4/7/2022,1024,1050,1000,1046.7,0.26,2963,3031468,1
4/11/2022,1027.1,1049.9,1010,1029,-1.69,965,987220,1
4/12/2022,1008.5,1034,995,1034,0.49,1000,1004935,1
4/13/2022,1013.4,1055,997,1055,2.03,907,939018.3,1
4/17/2022,1034,1050,1006.1,1006.1,-4.64,800,815822,-1
4/18/2022,999,1005,983,998,-0.81,560,555500.5,-1
4/19/2022,980,1000,962.1,995,-0.3,595,588102,1
4/20/2022,995,995,963,993.8,-0.12,710,694367,-1
4/21/2022,975.1,1001,960,1001,0.72,7590,7394894,1
4/24/2022,981,1045.5,973.1,1045,4.4,2842,2915562.6,1
4/25/2022,1038,1065,1038,1065,1.91,500,531185,1
4/26/2022,1043.7,1060,1013.1,1030,-3.29,2060,2106769,-1
4/27/2022,1009.4,1017,989.3,997.2,-3.18,1250,1254376,-1
4/28/2022,981,1030,981,1030,3.29,1915,1909019.2,1
5/2/2022,1009.4,1009.4,960.4,960.4,-6.76,1651,1596702.4,-1
5/4/2022,942,1017,933.1,935,-2.64,2365,2243637,-1
5/5/2022,918.1,989,900,901,-3.64,1317,1215385,-1
5/8/2022,918,991,883,979,8.66,1549,1451106.3,1
5/9/2022,995.5,1015,960,1004,2.55,1908,1862347,1
5/10/2022,1018,1018,986,1009,0.5,300,298030,-1
5/11/2022,1028,1030,996,1030,2.08,2968,3015863,1
5/12/2022,1010,1010.1,997.3,999.1,-3,1375,1380869,-1
5/17/2022,998,998,962,994,-0.51,2875,2794809,-1
5/18/2022,974.2,989,954.8,985,-0.91,2190,2107559,1
5/19/2022,970,980,956,979,-0.61,2680,2587599,1
5/20/2022,980,998,946.2,988,0.92,1050,1007081,1
5/23/2022,968.3,980,931.1,966,-2.23,8010,7737610,-1
5/24/2022,946.7,970,928,969,0.31,2080,1982637,1
5/25/2022,984,985,932.1,985,1.65,3106,2993592.6,1
5/26/2022,965.3,965.3,947,950,-3.55,960,910740,-1
5/27/2022,950,968.9,931,967.3,1.82,930,872449.5,1
5/30/2022,948,948,914,937,-3.13,1505,1392712,-1
5/31/2022,950,950,886.1,915,-2.35,1749,1588574.2,-1
6/1/2022,933.3,950,885,950,3.83,1642,1498672.5,1
6/2/2022,967,967,901.5,962,1.26,5685,5426589,-1
6/3/2022,960.9,961,904.9,940,-2.29,580,531512,-1
6/6/2022,922,923,890,923,-1.81,365,332511,1
6/7/2022,904.6,940,868.5,940,1.84,2610,2321881,1
6/8/2022,922,940,890.1,940,0,3371,3108428,1
6/9/2022,925,927,916,916,-2.55,1310,1210603,-1
6/10/2022,899,915.9,895,900,-1.75,255,229459,1
6/13/2022,918,936,870.3,897.6,-0.27,1190,1049098,-1
6/14/2022,879.7,879.7,862,879,-2.07,1035,895614,-1
6/15/2022,862,883,840,883,0.46,1960,1672223,1
6/16/2022,866,880.1,830,859,-2.72,4610,3892596.5,-1
6/17/2022,842,842,820,830,-3.38,1635,1351956.1,-1
6/19/2022,813.4,822,800,822,-0.96,969,779544,1
6/20/2022,805.6,821,750.8,785,-4.5,3902,3016281.5,-1
6/21/2022,770,833,760,800,1.91,2890,2244039,1
6/22/2022,784,786,757,776,-3,2730,2089162,-1
6/23/2022,760.5,766,740,766,-1.29,992,746096.8,1
6/24/2022,751,766,720,766,0,1690,1234244.3,1
6/26/2022,781.3,828.2,750.7,815,6.4,3426,2695873.6,1
6/27/2022,831,831,766.4,778,-4.54,2679,2107677,-1
6/28/2022,762.5,799.9,754.5,763,-1.93,2012,1540947.6,1
6/29/2022,755,800,755,800,4.85,1760,1355921,1
6/30/2022,784.1,845,784,834,4.25,5404,4465271.2,1
7/1/2022,817.4,850,755.6,831,-0.36,18660,14751279,1
7/3/2022,815,846.9,769,842,1.32,5775,4562920,1
7/4/2022,832,894.5,823,823,-2.26,8674,7473298.5,-1
7/5/2022,808,849.9,795,805,-2.19,2630,2139670.6,-1
7/6/2022,790,812.9,781,805,0,1630,1291664,1
7/7/2022,800,835,800,820,1.86,3058,2485800,1
7/8/2022,804,804,785,785,-4.27,1985,1568556,-1
7/11/2022,769.3,785,749.7,758,-3.44,2065,1571516,-1
7/12/2022,751,804.2,735,769.9,1.57,3385,2537626,1
7/13/2022,784.3,789,769,775,0.66,1538,1199700.5,-1
7/14/2022,767,801.4,767,785,1.29,932,730957.8,1
7/15/2022,770,800.6,726,800,1.91,860,665459.5,1
7/17/2022,784,800,784,791,-1.13,999,791412,1
7/18/2022,800,802,775.2,801,1.26,3400,2658183,1
7/19/2022,800,828,785,824,2.87,8391,6749846,1
7/20/2022,808,835,800.1,805.5,-2.25,3845,3116503.5,-1
7/21/2022,805,805,783,791,-1.8,3323,2624782.2,-1
7/22/2022,785,803,779,790,-0.13,1210,959594,1
7/24/2022,801,815,780.2,815,3.16,3145,2491971,1
7/25/2022,825,855,815,837,2.7,12476,10394866.5,1
7/26/2022,830,875,830,862,2.99,29434,25206531.7,1
7/27/2022,845.4,890,837.1,883,2.44,10680,9056489.5,1
7/28/2022,870,889,860,875,-0.91,8390,7382011.2,1
7/29/2022,860,874,850,860,-1.71,7660,6547995,0
7/31/2022,869,881,845.5,866,0.7,7810,6757756,-1
8/1/2022,883.3,890,860,881,1.73,20017,17487949.5,-1
8/2/2022,881,902,865.5,902,2.38,7871,6911507,1
8/3/2022,885,920,884,910,0.89,8634,7851127,1
8/4/2022,910,910,877,877,-3.63,10315,9165883.1,-1
8/5/2022,861,894.5,852.1,860,-1.94,5783,5000372,-1
8/7/2022,860,885,856,856.2,-0.44,5217,4522750,-1
8/8/2022,873.3,887,859,860,0.44,6048,5244142,-1
8/9/2022,877,894,866.1,875,1.74,10233,8988070.1,-1
8/10/2022,892.5,892.5,859.5,880,0.57,3539,3085710,-1
8/11/2022,880,891,865,875,-0.57,4471,3930392,-1
8/14/2022,858,874.6,845,860,-1.71,5376,4635969.5,1
8/15/2022,850,879,850,879,2.21,2232,1947402,1
8/16/2022,870,880,853,853,-2.96,2775,2398463,-1
8/17/2022,841,885,841,860,0.82,1215,1047456.5,1
8/18/2022,860,892,847.1,862.4,0.28,8475,7262930,1
8/21/2022,847.1,874,845.5,858,-0.51,4173,3575065,1
8/22/2022,855,860,840,855,-0.35,8456,7213660,0
8/23/2022,841.5,858.8,840,843.1,-1.39,3800,3207787,1
8/24/2022,859,863.9,839,862.9,2.35,3435,2914375,1
8/25/2022,850,865,840,850,-1.49,3644,3092776,0
8/26/2022,866,866,823,823,-3.18,2600,2165610,-1
8/28/2022,830,846,810,810,-1.58,3081,2506453.5,-1
8/29/2022,800,832,799,820,1.23,1910,1544491,1
8/30/2022,828.5,829,791.9,807,-1.59,2092,1674489,-1
8/31/2022,810,810,759.8,775,-3.97,5305,4141545,-1
9/1/2022,790,804.8,765,789,1.81,2684,2080594,-1
9/2/2022,798,798,776,780,-1.14,1843,1456280,-1
9/4/2022,795.5,811.4,770,811.4,4.03,1660,1313648.5,1
9/5/2022,795.2,825,795.1,795.1,-2.01,2493,1999317.3,-1
9/6/2022,781.2,796.8,770,777,-2.28,1070,834487.5,-1
9/7/2022,785,792,755.6,792,1.93,2333,1791188,1
9/8/2022,776.2,800,761.1,795,0.38,213,165610,1
9/11/2022,781,796.6,770,794.8,-0.03,1492,1166115,1
9/12/2022,794.8,794.8,763.5,765,-3.75,960,747776,-1
9/13/2022,765,794.2,765,776,1.44,180,140194,1
9/14/2022,791,804,775,788,1.55,1478,1169426,-1
9/15/2022,775.1,790,751,765,-2.92,1445,1112704,-1
9/16/2022,760,765,753,765,0,100,75859,1
9/18/2022,750,754.8,736.1,740,-3.27,1305,969937.5,-1
9/20/2022,726,734,715.3,717,-3.11,1475,1064949,-1
9/21/2022,731,731.3,717,718,0.14,890,641910,-1
9/22/2022,722,728,712,712,-0.84,1102,791309,-1
9/25/2022,700,712,699,700,-1.69,1825,1283859,0
9/27/2022,700,740,695,740,5.71,2350,1700042,1
9/28/2022,730,760,730,760,2.7,1790,1333678.5,1
9/29/2022,774,774,758.6,759,-0.13,460,352040,-1
10/9/2022,765,774,760,760,0.13,618,471735,-1
10/10/2022,760,773.9,760,770,1.32,510,388108.5,1
10/11/2022,781.9,781.9,740,765,-0.65,480,364731,-1
10/12/2022,749.7,770,734.8,770,0.65,190,142422,1
10/13/2022,754.6,763.9,750,750.1,-2.58,1310,996757,-1
10/16/2022,750,750,730,747,-0.41,1460,1073491,-1
10/17/2022,732.1,761.8,732.1,761.4,1.93,434,323283,1
10/19/2022,746.2,770,730,759,-0.32,1082,795560.3,1
10/20/2022,768.9,768.9,730,738,-2.77,780,577081.5,-1
10/23/2022,752,811.7,748.1,748.1,1.37,880,668721,-1
10/31/2022,763,778,735,749,0.12,740,554017,-1
11/1/2022,763,779,748,761,1.6,4799,3670544.7,-1
11/2/2022,760,787.4,755,787.4,3.47,8369,6459562,1
11/3/2022,772,774.9,755,770,-2.21,2089,1597938,-1
11/6/2022,755,790.5,743,790,2.6,1993,1549697,1
11/7/2022,803,805,775,775,-1.9,2743,2155381,-1
11/8/2022,775,794,745,750,-3.23,3350,2527332,-1
11/9/2022,755,769,740,760,1.33,3590,2745651,1
11/10/2022,760,760,734,746,-1.84,2779,2057308,-1
11/13/2022,735,758.8,730,742,-0.54,2167,1594290,1
11/14/2022,742,769.9,735,769.9,3.76,670,505941,1
11/15/2022,785,785,746,755,-1.94,2532,1914371,-1
11/16/2022,739.9,770,715,744.6,-1.38,11953,8705813.2,1
11/17/2022,740,754,735,750,0.73,2155,1602417.5,1
11/22/2022,765,780,730,735,-2,1500,1105147,-1
11/23/2022,721,740,721,725,-1.36,659,484652.4,1
11/24/2022,725,731,717.3,725,0,260,188522.5,0
11/27/2022,725,753.7,725,732.1,0.98,1165,856656.5,1
11/28/2022,725,742.8,725,742.7,1.45,1265,928665,1
11/29/2022,730.1,742,730.1,735,-1.04,2235,1641115,1
11/30/2022,730,749,730,733,-0.27,180,132849,1
12/1/2022,726,745,726,731,-0.27,1632,1196878,1
12/4/2022,731.2,748,731.2,743.9,1.76,2190,1625840,1
12/5/2022,744,758,735,735.6,-1.12,1685,1245683,-1
12/6/2022,721.2,741.7,721.2,741.7,0.83,430,315721,1
12/7/2022,727,739,717,739,-0.36,4055,2962509.5,1
12/11/2022,724.3,730,712,720,-2.57,1300,937094.5,-1
12/12/2022,708.6,734.3,708.6,733,1.81,2170,1547928,1
12/13/2022,747.6,747.6,723.3,725,-1.09,470,341225,-1
12/14/2022,724,738,709.6,709.6,-2.12,545,390600.2,-1
12/15/2022,700,779.1,698.4,763.6,7.61,759,541350,1
12/18/2022,748.4,748.4,707,731,-4.27,310,222763.8,-1
12/19/2022,745.6,745.6,705,716,-2.05,1420,1013847,-1
12/20/2022,730.3,730.3,710,718,0.28,1797,1290785,-1
12/21/2022,710.1,718,710.1,710.5,-1.04,300,214830,1
12/22/2022,711.1,711.6,700.1,703.5,-0.99,783,554204.2,-1
12/26/2022,692,738.5,692,726,3.2,1177,858106.7,1
12/27/2022,737,763.9,730,762,4.96,16106,11951954.3,1
12/28/2022,746.8,755,735,738.1,-3.14,3045,2267075,-1
12/29/2022,724.1,767,724.1,766,3.78,8365,6318245.1,1
1/1/2023,760,771,742,742,-3.13,4442,3356486.5,-1
1/2/2023,749.5,770,743,760,2.43,2370,1806088.5,1
1/3/2023,770,785,750,750.2,-1.29,13049,9952331,-1
1/4/2023,750,795,750,783,4.37,6950,5390524.5,1
1/5/2023,798,807,769,798,1.92,9976,7836403,0
1/8/2023,790,861,786,835,4.64,15484,12763583.5,1
1/9/2023,825,870,825,865,3.59,10715,9201822.3,1
1/10/2023,879,885,825.5,867.9,0.34,16865,14565435.8,-1
1/12/2023,852,865,813.4,813.4,-6.28,10604,8958923.5,-1
1/17/2023,798,850,798,838,3.02,4671,3862267,1
1/18/2023,854,879.9,830,830,-0.95,9806,8392957,-1
1/19/2023,846.6,860,828.2,830,0,3827,3204355,-1
1/23/2023,830,841,798,815,-1.81,7925,6460905,-1
1/24/2023,800.1,846.9,800,813,-0.25,8248,6659928,1
1/25/2023,813,845.7,813,816,0.37,2195,1804245,1
1/26/2023,805,848.9,805,820,0.49,4597,3828273,1
1/29/2023,803.6,825,787.6,812,-0.98,1393,1135570.9,1
1/30/2023,805,824.1,791,793,-2.34,3355,2676381,-1
1/31/2023,777.2,816,770,815,2.77,1950,1568038.2,1
2/1/2023,815,815,800,801,-1.72,872,701400,-1
2/2/2023,800,810,790,796.2,-0.6,1075,862728,-1
2/5/2023,783,830,783,800,0.48,2863,2310931,1
2/6/2023,790,800,785,787,-1.63,1373,1082993,-1
2/7/2023,790,820,790,820,4.19,1530,1234131,1
2/8/2023,835,853.1,810,824.9,0.6,9933,8114259,-1
2/9/2023,808.5,826.2,800,820,-0.59,3447,2825405,1
2/12/2023,804,824.9,789,795,-3.05,4145,3313531.4,-1
2/14/2023,800,809,788,804,1.13,1120,893274,1
2/15/2023,790,800,789,798,-0.75,989,784496,1
2/16/2023,800,800,787.9,798.9,0.11,1151,911565,-1
2/20/2023,800,800,780,780,-2.37,528,415187,-1
2/22/2023,765,799,765,797,2.18,1704,1336666,1
2/23/2023,785,790,766.6,780,-2.13,1790,1402876,-1
2/26/2023,766,795,750.1,767.2,-1.64,510,396954,1
2/27/2023,775,799.9,768,770,0.36,2670,2065437.6,-1
2/28/2023,770.1,797.9,770.1,780,1.3,600,468106,1
3/1/2023,766.1,770.3,766.1,770.2,-1.26,760,583932,1
3/2/2023,770,775,766,766,-0.55,677,520621,-1
3/5/2023,760,775,759,765.1,-0.12,1095,840491,1
3/7/2023,766,780.4,751,769,0.51,630,478693.5,1
3/9/2023,755,784.9,755,784.9,2.07,645,498964,1
3/12/2023,800,801,770.1,770.2,-1.87,1245,978860,-1
3/13/2023,756,780,756,769.1,-0.14,1513,1161812,1
3/14/2023,764,780,756,774,0.64,2195,1684949,1
3/15/2023,758.6,770,754,755,-2.45,2180,1651743,-1
3/16/2023,751,773.1,744.2,758,0.4,220,165838,1
3/19/2023,765,765,754,758,0,1560,1190012,-1
3/20/2023,750,790,750,765,0.92,2987,2330605,1
3/22/2023,763,811.9,763,780,1.96,1665,1301247,1
3/23/2023,765,780,765,766.1,-1.78,1190,915449,1
3/26/2023,751,765,751,765,-0.14,770,582549,1
3/27/2023,752.3,780.3,743,780.3,2,3490,2619882,1
3/28/2023,794,794,762.7,785,0.6,560,433680,-1
3/29/2023,769.3,791,760,790,0.64,1091,854275.8,1
3/30/2023,775,805,764.4,779,-1.39,490,381343,1
4/2/2023,770,780,757,769.9,-1.17,2790,2123319,-1
4/3/2023,754.6,767,740,745,-3.23,3349,2523556,-1
4/4/2023,737.1,760,737.1,747,0.27,800,600498,1
4/5/2023,741,762,740.1,762,2.01,445,333588,1
4/6/2023,762,762,747,749,-1.71,760,570799.4,-1
4/9/2023,735,750.8,725,725,-3.2,2101,1539233,-1
4/10/2023,725,745,719,719,-0.83,2298,1676840,-1
4/11/2023,719,750.6,719,750.6,4.39,910,669726,1
4/12/2023,751,780,751,775,3.25,2120,1624828,1
4/13/2023,770,784.9,755,755,-2.58,480,366625,-1
4/16/2023,750,768,741.2,766,1.46,1440,1086466,1
4/17/2023,751,770,751,751.1,-1.95,380,286333,1
4/18/2023,737.1,752,737.1,741.1,-1.33,650,483871.5,1
4/19/2023,742,764.9,740,746.2,0.69,198,148139.2,1
4/20/2023,733,750,733,741,-0.7,160,118880,1
4/23/2023,732,762,732,762,2.83,275,206889,1
4/24/2023,748,774.9,748,774.9,1.69,1930,1482035,1
4/25/2023,759.5,774.6,759.5,769,-0.76,550,421394,1
4/26/2023,754.1,754.1,749,750.2,-2.44,190,142581,-1
4/27/2023,738.1,755,738,750,-0.03,280,209221,1
4/30/2023,740.5,759,740,752,0.27,1440,1083069,1
5/2/2023,743,753.7,735,753.7,0.23,2900,2161210,1
5/3/2023,750,751,731,731,-3.01,2416,1784494,-1
5/4/2023,745,759,730,744.6,1.86,1570,1152619,-1
5/7/2023,730.1,744,730,744,-0.08,1520,1121419,1
5/8/2023,730,755,726,746,0.27,800,588954,1
5/9/2023,735,773,707.4,747,0.13,350,259667,1
5/10/2023,734,745,734,742,-0.67,1200,887390,1
5/11/2023,735,737,728,737,-0.67,1320,964002,1
5/14/2023,735,735,723,727,-1.36,810,588331,-1
5/15/2023,723,738,723,738,1.51,1500,1099820,1
5/16/2023,730,744.6,724.1,724.8,-1.79,1450,1057559,-1
5/17/2023,720,745,718.1,730,0.72,1810,1326387,1
5/18/2023,735,751,725.2,747,2.33,3335,2467804,1
5/21/2023,747,755,746,750.1,0.41,2545,1907299,1
5/22/2023,740,754,725.2,751,0.12,493,368873,1
5/23/2023,740,770,740,765,1.86,3495,2654004,1
5/24/2023,775,775,752,766,0.13,766,588736,-1
5/28/2023,766,775,755,755,-1.44,2860,2193100,-1
5/30/2023,740,745,730,732,-3.05,2194,1605308,-1
5/31/2023,745,745,730,730,-0.27,1183,864132,-1
6/1/2023,730,749.7,713,749.7,2.7,2728,1971309,1
6/4/2023,750,762.9,730,750,0.04,1920,1433434,0
6/5/2023,748,760,730.1,758.3,1.11,2164,1606709.2,1
6/6/2023,744,770,730,753,-0.7,1620,1209287,1
6/7/2023,753,775,750,769,2.12,1450,1108169,1
6/8/2023,754,769,740.1,750,-2.47,1900,1427673,-1
6/11/2023,745,764,744.9,755,0.67,9165,6880230.5,1
6/12/2023,760,798.6,750,787,4.24,3054,2348617.8,1
6/13/2023,787,838.3,750.2,777,-1.27,6940,5518209.3,-1
6/14/2023,792,824,777,777,0,4015,3203174.4,-1
6/15/2023,767.2,789.9,764,769,-1.03,1867,1445091,1
6/18/2023,754,799.6,754,790,2.73,1322,1045030,1
6/19/2023,780,869,780,869,10,11051,9046016.6,1
6/20/2023,855,900,791,859,-1.15,14812,12608190.9,1
6/21/2023,841.9,876.1,805,876.1,1.99,5066,4222612.7,1
6/22/2023,858.6,880,817.4,833,-4.92,3310,2762243.8,-1
6/25/2023,820,849,807.2,820,-1.56,7192,5914274.6,0
6/26/2023,820,902,820,900,9.76,13326,11500842.1,1
6/27/2023,900,990,864,990,10,36638,33355478.4,1
6/28/2023,990,1029.9,955.6,1029.9,4.03,13650,13380970,1
7/2/2023,1009.4,1009.4,936,936,-9.12,7364,7122203,-1
7/3/2023,935,950,897.7,914,-2.35,8503,7785853.6,-1
7/4/2023,914,950,871.3,888,-2.84,4293,3847194.5,-1
7/5/2023,890,890,860,879,-1.01,2747,2392079,-1
7/6/2023,879,879,851.2,860,-2.16,2140,1837871,-1
7/9/2023,845,928.2,845,925,7.56,8100,7263023.5,1
7/10/2023,943.5,948,890,948,2.49,4846,4456006.6,1
7/11/2023,929.1,933,894.1,933,-1.58,2230,2058706.5,1
7/12/2023,914.5,1000,897.2,1000,7.18,12803,12268733.6,1
7/13/2023,980,1040,935.2,1019,1.9,14000,13937917.5,1
7/16/2023,1015,1030,950.4,995,-2.36,96749,98491980,-1
7/17/2023,975.1,1029,957.1,1012,1.71,4546,4548937.5,1
7/18/2023,1010,1030,973.1,1024,1.19,4700,4741674.2,1
7/19/2023,1003.6,1015,971.2,1013.9,-0.99,1985,1984461.5,1
7/20/2023,993.7,1092,975,1011,-0.29,23899,24872205.1,1
7/23/2023,991.2,1026,990.8,1026,1.48,3659,3711731.9,1
7/24/2023,1044,1046.5,986.3,1030,0.39,910,919623,-1
7/25/2023,1029.9,1030,969.7,980,-4.85,14343,14057823.5,-1
7/26/2023,970.1,980,966.1,970,-1.02,4438,4307021.5,-1
7/27/2023,951.2,969,942,942,-2.89,1320,1257494,-1
7/30/2023,945,975,926.1,949.9,0.84,2280,2143227.5,1
7/31/2023,941,953,938,950,0.01,430,406332,1
8/1/2023,931.3,940,916,916,-3.58,3458,3199409,-1
8/2/2023,909,920,890.9,920,0.44,2881,2600914.1,1
8/3/2023,915,951.8,906,924,0.43,685,628953,1
8/6/2023,906,912.9,888,912.9,-1.2,1919,1727396.5,1
8/7/2023,909,924,905.6,914,0.12,694,630607.3,1
8/8/2023,915,915,885.2,893.9,-2.2,3085,2751530,-1
8/9/2023,877,946.5,872.5,928,3.81,2670,2423492.5,1
8/10/2023,909.5,945,905,945,1.83,2160,2009086,1
8/13/2023,926.1,1039.5,908,1037,9.74,113693,117320838.8,1
8/14/2023,1016.3,1020,900,1020,-1.64,39064,35700146.5,1
8/15/2023,1000,1000,980,980,-3.92,1120,1105949,-1
8/16/2023,970,974,951,953.6,-2.69,1445,1381761,-1
8/17/2023,954,970.3,942,943,-1.11,1415,1349474.5,-1
8/20/2023,942,943,921.2,921.2,-2.31,1002,931736,-1
8/21/2023,911,938,905,905,-1.76,730,669557,-1
8/22/2023,900,928,900,916,1.22,948,868478,1
8/23/2023,920,935,920,934,1.97,540,501545.5,1
8/24/2023,952.4,952.4,900,905,-3.1,1580,1434156,-1
8/27/2023,889,910,889,890.7,-1.58,780,700493,1
8/28/2023,880,895,875,876.4,-1.61,1490,1310436,-1
8/29/2023,860,885,860,870,-0.73,690,601244,1
8/30/2023,870,912,862.5,870,0,2590,2266993,0
9/3/2023,860,865,853,854,-1.84,540,463059,-1
9/4/2023,855,867,840.1,867,1.52,980,829340,1
9/5/2023,854,854,837,840,-3.11,1340,1129824,-1
9/7/2023,831.1,854,831,844,0.48,715,597782,1
9/10/2023,835,856,835,835,-1.07,605,510420.5,0
9/11/2023,835,912.9,835,905,8.38,5371,4753918,1
9/12/2023,887,887,870,880,-2.76,362,316889,-1
9/13/2023,880,930.4,863.1,915,3.98,3240,2954096,1
9/17/2023,896.7,896.7,862.7,870.2,-4.9,865,753058,-1
9/18/2023,870,885,853,885,1.7,645,558107.5,1
9/19/2023,900,900,867,871,-1.58,280,243885,-1
9/21/2023,885,900,883,890,2.18,1857,1652627,1
9/24/2023,890,890,855,862,-3.15,635,550947.5,-1
9/25/2023,847,879,847,856,-0.7,1096,950265,1
9/26/2023,857,873,851,873,1.99,3749,3231072.4,1
9/27/2023,860,865,846.1,860,-1.49,830,708825.4,0
10/1/2023,845,877,844,844,-1.86,987,844341,-1
10/2/2023,860.8,895,833,854,1.18,590,498795,-1
10/3/2023,837.1,860,837.1,837.6,-1.92,700,589793,1
10/4/2023,840,855,835.1,845,0.88,790,666884,1
10/5/2023,835,879,835,836.3,-1.03,730,619266.5,1
10/8/2023,831,835,810,810,-3.14,1791,1478768,-1
10/9/2023,810,834.2,800,806,-0.49,1030,835739,-1
10/10/2023,791,805,791,791.1,-1.85,1090,868868,1
10/11/2023,790,805,785.1,802.5,1.44,975,772739,1
10/12/2023,787,790,771.3,775,-3.43,1309,1026583.3,-1
10/16/2023,762,770,750,752.6,-2.89,1270,966346,-1
10/17/2023,740.5,765,730,765,1.65,825,612905,1
10/18/2023,780.3,808,766,775,1.31,180,140359,-1
10/19/2023,765,789,757,779.9,0.63,485,373167.2,1
10/29/2023,795.4,795.4,721,756.5,-3,460,346928,-1
10/30/2023,746,772.2,745.1,772,2.05,347,265024,1
10/31/2023,757.1,785,742.1,768.5,-0.45,515,390062.5,1
11/1/2023,753.2,810,745,769,0.07,1270,969115,1
11/2/2023,780,780,754.1,761,-1.04,1110,846625,-1
11/5/2023,760,775,750,759,-0.26,440,332220,-1
11/6/2023,743.9,770,743.9,757,-0.26,1570,1183233.5,1
11/7/2023,745,815.8,743,780.3,3.08,965,736272,1
11/6/2023,743.9,770,743.9,757,-0.26,1570,1183233.5,1
11/7/2023,745,815.8,743,780.3,3.08,965,736272,1
11/8/2023,792.8,800,780,790,1.24,1050,825231,-1
11/9/2023,774.2,774.2,731,738,-6.58,6946,5138876.6,-1
11/20/2023,738,749.9,688,700,-5.15,6066,4321574.8,-1
11/21/2023,714,714,658.8,680,-2.86,7095,4751256.8,-1
11/22/2023,667.1,707.4,653.1,680,0,1567,1059973.6,1
11/23/2023,680,693.6,663,681,0.15,3163,2135157.7,1
11/26/2023,668.1,687,668.1,685.5,0.66,7505,5118096.4,1
11/27/2023,685.5,688,678,682,-0.51,2602,1780842.5,-1
11/28/2023,680,685,671,671,-1.61,1712,1158300,-1
11/29/2023,671,671,635,655,-2.38,4738,3080332.3,-1
11/30/2023,650,650,589.5,589.5,-10,15734,9735149.9,-1
12/3/2023,577.8,577.8,530.6,530.6,-9.99,4324,2310649.4,-1
12/4/2023,520,520,477.6,477.6,-9.99,13934,6656408.4,-1
12/5/2023,468.1,468.1,429.9,434.9,-8.94,831350,362957624.1,-1
12/6/2023,443.5,462,434.7,462,6.23,138829,61997604.7,1
12/7/2023,464,490.6,464,483,4.55,182628,87628642.1,1
12/10/2023,492.6,495,480,492,1.86,73264,35825833.1,-1
12/11/2023,501,501,480.2,500,1.63,294188,144069921,-1
12/12/2023,510,537.9,490,535,7,229040,119763477.6,1
12/13/2023,540,550,530,547,2.24,137590,74531486.9,1
12/14/2023,553,553,526,546,-0.18,72553,39349076.5,-1
12/17/2023,540,549,527,541,-0.92,155032,83891637.3,1
12/18/2023,551.8,559,525,528,-2.4,172185,93039728.7,-1
12/19/2023,525,546,522,537,1.7,91039,48217654.1,1
12/20/2023,547.7,590.7,536,578.1,7.65,237552,132402675.1,1
12/21/2023,589.6,626,565,614,6.21,212787,127988211,1
12/24/2023,610,636,595.3,595.3,-3.05,140748,87536757.6,-1
12/27/2023,607.2,615,577.3,592,-0.55,191526,114608412.1,-1
12/28/2023,603.8,610,584.1,603.1,1.88,175062,104818526.4,-1
1/1/2024,615.1,627,600.1,605,0.32,121625,74846110.4,-1
1/2/2024,610,610,581.2,590,-2.48,82949,49155414.1,-1
1/3/2024,579,644,579,642,8.81,212853,131396818.8,1
1/4/2024,654.8,703.8,648,680,5.92,276292,186485473.7,1
1/7/2024,693.6,728,680,686.3,0.93,226472,159002505.5,-1
1/8/2024,693,693,659.4,666,-2.96,288242,193698435.7,-1
1/9/2024,678,691.4,637,637,-4.35,187419,124394099.2,-1
1/10/2024,640,667.9,640,650,2.04,176347,114809323.2,1
1/11/2024,660,663,645,645,-0.77,82861,54039497.6,-1
1/14/2024,656,671,642.5,655,1.55,143032,94334282.1,-1
1/16/2024,666.9,669.9,650,658,0.46,175341,115973565.1,-1
1/17/2024,645,671,645,650,-1.22,105087,69189297.2,1
1/18/2024,642.1,650,630,640,-1.54,190334,122222290.5,-1
1/21/2024,647.2,652.8,633,633.5,-1.02,147710,94992175.8,-1
1/22/2024,644,646.9,625,633,-0.08,121776,76945057.1,-1
1/23/2024,644.5,644.5,617,619,-2.21,120716,75352204.3,-1
1/24/2024,624,633,619,621,0.32,121165,75329206.7,-1
1/25/2024,625,632,618.1,619.6,-0.23,114574,71247895.4,-1
1/28/2024,628,640,624,635,2.49,62003,39170572,1
1/29/2024,640,646,630,637.9,0.46,45385,28870819.3,-1
1/30/2024,639,640.5,631,634.5,-0.53,65769,41848880.5,-1
1/31/2024,631,636,621.3,623,-1.81,37823,23795534.1,-1
2/1/2024,616,625,616,619,-0.64,106487,66135487.2,1
2/4/2024,615,625,612,616,-0.48,32665,20207284.4,1
2/5/2024,616.1,628.3,616.1,621,0.81,51487,31918432.9,1
2/6/2024,626,650,622,643,3.54,262430,166554725.7,1
2/7/2024,655.8,656,640,644,0.16,68550,44215529.9,-1
2/8/2024,638,649,632,634,-1.55,67168,42843423.2,-1
2/11/2024,646.4,646.4,623,628.1,-0.93,57414,36224623.6,-1
2/12/2024,615.6,640.4,615.6,636,1.26,28167,17830632.9,1
2/13/2024,634,637,620,629,-1.1,69831,43734417.4,-1
2/14/2024,627,632,622.1,623,-0.95,22180,13861356.8,-1
2/15/2024,621,630,618.1,620,-0.48,38639,24062707.7,-1
2/18/2024,620,624,615.2,617,-0.48,42150,26053990.4,-1
2/20/2024,617,628,615.2,620,0.49,36061,22416213.2,1
2/21/2024,627.3,630,614,616.1,-0.63,35355,21905961.5,-1
2/22/2024,612.5,621,601,601.3,-2.4,56131,34177671.1,-1
2/25/2024,600.3,609.9,593,593.3,-1.33,40831,24495932.9,-1
2/26/2024,592,607,592,595,0.29,19136,11468177.8,1
2/27/2024,606.9,606.9,595.1,599,0.67,21628,12948423.7,-1
2/28/2024,599,605,594,596,-0.5,13340,7952459.3,-1
2/29/2024,595,598,581.3,588,-1.34,32711,19234192.6,-1
3/3/2024,580.2,588,577,581.7,-1.07,29805,17339166,1
3/4/2024,593,635,593,635,9.16,5650,3546483,1
3/5/2024,640,640,610,613,-3.46,62997,39039277.6,-1
3/6/2024,608,632,601,619,0.98,61180,37808872.8,1
3/7/2024,630,631,619,623,0.65,21636,13472178.9,-1
3/10/2024,635.4,635.4,627,631.9,1.43,47197,29785222.8,-1
3/12/2024,637,650,637,641,1.44,173100,111156224.7,1
3/13/2024,568.5,590,562,567,1.72,62119,35453416.2,-1
3/14/2024,567,614.4,565,574,1.23,79361,45636707.2,1
3/17/2024,585,609,559.5,560,-2.44,40398,22810686.6,-1
3/18/2024,565,565,548.9,552,-1.43,41694,23016046,-1
3/19/2024,563,596.7,550,553.1,0.2,43686,24451430.1,-1
3/20/2024,564.1,565,553,560,1.25,33028,18477482,-1
3/21/2024,571.2,571.2,552,555,-0.89,17949,9946739.7,-1
3/25/2024,560,560,538,538,-3.06,34060,18508259.4,-1
3/26/2024,545,548,530,535.2,-0.52,37413,20051527.8,-1
3/27/2024,535,538,522,523,-2.28,29124,15385800.5,-1
3/28/2024,520.4,525,511.6,519.9,-0.59,46636,24033231.7,-1
3/31/2024,515,523,513,516,-0.75,29173,15063334.6,1
4/1/2024,515,520,512,513,-0.58,46873,24071520.6,-1
4/2/2024,520,520,499,500,-2.53,92290,46392861.3,-1
4/3/2024,501,519.2,498.8,505,1,39703,20061010.4,1
4/4/2024,505.1,514.5,502,504.9,-0.02,55773,28233502.8,-1
4/7/2024,504,512,498.1,510,1.01,83074,41719543.2,1
4/9/2024,518,521,510,518.7,1.71,47085,24373521.5,1
4/10/2024,526,526,512,515,-0.71,32613,16833210.8,-1
4/14/2024,525,525,509,512,-0.58,38160,19563358.5,-1
4/15/2024,521,521,506,511,-0.2,35095,17866853.1,-1
4/16/2024,514,514,506,508,-0.59,26525,13495850.4,-1
4/18/2024,517,518,501.4,502,-1.18,8945,4498645.5,-1
4/21/2024,511,511,500.8,509,1.39,16127,8122275.6,-1
4/22/2024,518,530.9,515,521.9,2.53,62052,32445025.3,1
4/24/2024,528,528,515.2,520,-0.36,23216,12033746.8,-1
4/25/2024,528.9,528.9,510,512,-1.54,12985,6655738.4,-1
4/28/2024,511.6,522,509.1,515,0.59,15725,8049906.3,1
4/29/2024,525,535,507.1,510,-0.97,46885,23940790,-1
4/30/2024,519.9,519.9,509,515,0.98,27816,14325996.9,-1
5/2/2024,514,520,509,515.5,0.1,60567,31005993.3,1
5/5/2024,510,514.9,505.3,511,-0.87,18543,9419384.3,1
5/6/2024,503.4,530,503.4,520.9,1.94,82823,43095399.6,1
5/7/2024,530,531,520,522.5,0.31,37690,19813183.8,-1
5/8/2024,522.5,530,522,524,0.29,13945,7321235.8,1
5/9/2024,522,526,515,520,-0.76,36188,18754248.3,-1
5/12/2024,528,528,518,524,0.77,20697,10794606.7,-1
5/13/2024,521.1,527,521.1,524,0,26559,13929802,1
5/14/2024,519.1,554,519.1,546.7,4.33,70993,38429131.7,1
5/15/2024,557,557,540,544.8,-0.35,40897,22444847.2,-1
5/16/2024,554.9,554.9,539,543.9,-0.17,30103,16352928.8,-1
5/19/2024,554.7,560,546.3,556.9,2.39,54221,30037102.5,1
5/20/2024,568,585,558.1,585,5.05,138553,79169044.3,1
5/21/2024,590,610.9,580,598.2,2.26,174300,104188538.5,1
5/22/2024,590,600,587,600,0.3,95110,56330615.5,1
5/26/2024,600,600,580.1,587,-2.17,92690,54658579.7,-1
5/27/2024,587,590,580,586,-0.17,45237,26361473.8,-1
5/29/2024,595,597,575,578,-1.37,39788,23172782.7,-1
5/30/2024,585.8,590,567,574,-0.69,70432,40908483.1,-1
6/2/2024,582,593,577,580,1.05,35736,20918801.6,-1
6/3/2024,580,587.9,575,580,0,21148,12236073.7,0
6/4/2024,575.2,595,575.2,587,1.21,94425,55575401.8,1
6/5/2024,589,592,578,580,-1.19,40001,23329349,-1
6/6/2024,575.2,588,572.1,575,-0.86,30624,17653609,-1
6/9/2024,575,585,568,575,0,106824,61329785.3,0
6/10/2024,570,605,568,596,3.65,413861,244788899,1
6/11/2024,600,640.9,600,629.9,5.69,371985,231770386.4,1
6/12/2024,637,640,613.8,619,-1.73,229154,143091973.9,-1
6/13/2024,619,627,611.7,616.3,-0.44,163621,101311755.7,-1
6/16/2024,618,628.5,610,610.5,-0.94,113782,70165997.1,-1
6/18/2024,605,618.9,605,613,0.41,120530,73718269.6,1
6/19/2024,613,616,605,605,-1.31,95501,58176237.5,-1
6/20/2024,605,619.9,599.1,609.9,0.81,281168,171484814.3,1
6/23/2024,609,619.9,598,600,-1.62,182838,111125132.4,-1
6/24/2024,610,610,580,585,-2.5,247734,145806811.2,-1
6/25/2024,595,597.7,578,594,1.54,129565,76224031.3,-1
6/26/2024,601,603,584.1,584.1,-1.67,45593,26924302.7,-1
6/27/2024,584.1,589,580.1,580.1,-0.68,49908,29102586.6,-1
6/30/2024,570,582,566,582,0.33,108346,61912463.9,1
7/1/2024,575,582,573,575,-1.2,71132,40983389.8,0
7/2/2024,586.5,610,580.1,585.1,1.76,78008,46082933,-1
7/3/2024,581.3,591,577,581,-0.7,69202,40240445.4,-1
7/4/2024,588,592,578,579,-0.34,105060,61031108.9,-1
7/7/2024,582,588.9,577,579,0,134214,77909101,-1
7/8/2024,580,583,573,574,-0.86,75918,43683920.3,-1
7/9/2024,580,580,573,573.5,-0.09,81895,47112455.8,-1
7/10/2024,580,589,576,583,1.66,143719,83450899.2,1
7/11/2024,589,593,585,590,1.2,134851,79195985.6,1
7/14/2024,601,613,590,604.6,2.47,109661,65824610.2,1
7/15/2024,610,610,597,597,-1.26,109712,66175374,-1
7/16/2024,600,630,597,627,5.03,218699,135535982.5,1
7/17/2024,637,651,631,650,3.67,302733,194285030,1
7/18/2024,650,667,645,652,0.31,279402,183831916.6,1
7/21/2024,650,655,640,645,-1.07,287302,185806738.5,-1
7/22/2024,650,652.9,635,646,0.16,190330,122409023.1,-1
7/23/2024,645,669,640.1,664,2.79,262631,173047931.3,1
7/24/2024,666,679,650,658,-0.9,331094,219993881.1,-1
7/25/2024,665.3,669,645,658,0,164931,108662280.1,-1
7/28/2024,670,693,650,660,0.3,190872,126442738,-1
7/29/2024,673.2,673.2,655,655,-0.76,180149,119873150,-1
7/30/2024,655,670,650.09,664,1.37,173061,114462826.6,1
7/31/2024,675,700,666.2,694.9,4.65,594614,410936227.2,1
8/1/2024,681.1,715,681,684.9,-1.44,313222,218093717.2,1
8/5/2024,684.9,720,680,719,4.98,581743,409397661.9,1
8/6/2024,725,769,712,718.1,-0.13,542512,402871164.3,-1
8/7/2024,718,783,715.2,779.9,8.61,401967,299406526.4,1
8/8/2024,790,802,775.2,778.5,-0.18,357857,282368908.4,-1
8/11/2024,790,800,775,780,0.19,438413,343094229.1,-1
8/12/2024,791,805.8,785,792,1.54,299665,238247461.2,1
8/13/2024,807,807,764,769,-2.9,243476,189063297.3,-1
8/14/2024,775,776,738,772,0.39,310548,236091584.3,-1
8/15/2024,785,809.5,781,786,1.81,507242,404967191.2,1
8/18/2024,787,787,758,758,-3.56,332585,255435178.4,-1
8/21/2024,770,770,745.1,749,-1.19,185782,139905044.4,-1
8/22/2024,749,759,744,746.1,-0.39,155133,116168735.1,-1
8/25/2024,761,761,726,726,-2.69,180590,133051159,-1
8/27/2024,727,730,696.1,700,-3.58,212767,150907255.4,-1
8/28/2024,700,724.2,692,699,-0.14,134532,95125402,-1
8/29/2024,709.9,709.9,675.1,679,-2.86,119180,81481953.2,-1
9/1/2024,670,689,669,669,-1.47,90538,61198776.6,-1
9/2/2024,672,700,670,695,3.89,93770,64163724.4,1
9/3/2024,706,708,686.1,688,-1.01,57350,39981722.1,-1
9/4/2024,681.1,698,672,673,-2.18,85415,58200085.6,-1
9/5/2024,660.5,676.3,660.5,665,-1.19,60898,40579310.4,1
9/8/2024,667,695,665,668,0.45,51593,34942377.5,1
9/9/2024,675,675,648.3,651.1,-2.53,39596,26078295.4,-1
9/10/2024,651.1,668.7,650,651.5,0.06,40586,26720408.4,1
9/11/2024,651.5,664,644,647,-0.69,44735,29030282.9,-1
9/12/2024,649,673,643,673,4.02,43474,28734139.6,1
9/15/2024,680,680,647.1,649,-3.57,65060,42998629,-1
9/16/2024,654,654,636.1,640,-1.39,32631,20909413.9,-1
9/18/2024,632.1,646.6,630,635,-0.78,35046,22400397,1
9/22/2024,647.7,658,632,635,0,21800,13881032.9,-1
9/23/2024,631,640.6,616,617,-2.83,43301,27141384,-1
9/24/2024,617,625,606,609,-1.3,55732,34077451.1,-1
9/25/2024,609,625,604,620,1.81,29069,17869287.5,1
9/26/2024,620,624,615.1,617,-0.48,36461,22557455.4,-1
9/29/2024,617,641,590,604,-2.11,43096,25983416.8,-1
9/30/2024,596,620,595,616,1.99,41543,25337754.6,1
10/1/2024,616,639,610,637.4,3.47,30236,19120854,1
10/2/2024,645,650,623.1,629.6,-1.22,34213,21512959.7,-1
10/6/2024,620,645.2,617.1,640.1,1.67,75881,47659926.7,1
10/7/2024,650,661,640,655,2.33,37010,24222997.8,1
10/8/2024,654,662.8,642,649,-0.92,24861,16176615.4,-1
10/9/2024,640,660,625.1,650,0.15,14330,9210774.8,1
10/15/2024,658,660.9,648,651,0.15,8631,5630179.3,-1
10/16/2024,651,663,651,660,1.38,21212,13970106.9,1
10/17/2024,660,666,651,658,-0.3,35005,23099352.5,-1
10/20/2024,645,650,637,646,-1.82,27985,18070104,1
10/21/2024,634.2,647.9,627,628,-2.79,28732,18262376,-1
10/22/2024,639.9,640,631.1,635,1.11,16363,10384016.5,-1
10/23/2024,647.7,647.7,630,631.1,-0.61,23511,14892630.3,-1
10/24/2024,623,638,621,630.9,-0.03,20546,12913153.6,1
10/27/2024,642,643,629,636,0.81,11077,7005714,-1
10/28/2024,632,647,631.5,640,0.63,20800,13257524.2,1
10/29/2024,649.9,688.6,637,687,7.34,54995,36869557.2,1
10/30/2024,690,721,690,709,3.2,155868,110852037,1
11/5/2024,698,708.9,696.3,700.2,-1.24,49133,34509046,1
11/6/2024,714.2,714.2,695,695,-0.74,25951,18146596.1,-1
11/10/2024,695,719,695,709,2.01,79960,56542277.3,1
11/11/2024,718,725,713,714.1,0.72,59752,42927163.1,-1
11/12/2024,728.3,731,711.1,717,0.41,58333,42020067.2,-1
11/13/2024,731.3,745.9,711,711,-0.84,33208,23860922.1,-1
11/14/2024,705.3,720,705.2,710.1,-0.13,49708,35443256.9,1
11/17/2024,724.3,753.4,718.1,721,1.53,105135,76710093.1,-1
11/19/2024,734,734,705,708,-1.8,64086,45749401.2,-1
11/20/2024,705,724,692,723.1,2.13,68403,48895008.7,1
11/21/2024,723.1,744.1,723.1,736,1.78,125031,91833775.7,1
11/24/2024,740,750,730.1,732.9,-0.42,125098,92388928.3,-1
11/25/2024,722.1,736,722.1,726,-0.94,60004,43732525.2,1
11/26/2024,725.5,728,716.6,722,-0.55,39892,28848459.4,-1
11/27/2024,736,736,708,730.1,1.12,106314,76956929.1,-1
11/28/2024,728,738.7,720,720.2,-1.36,55276,40184303.6,-1
12/1/2024,734,734,711,717.6,-0.36,79590,56957705.8,-1
12/2/2024,715,727,715,719,0.2,42869,30909784.3,1
12/3/2024,733.3,758,727,729.1,1.4,169602,124597485.2,-1
12/4/2024,743.6,746.5,732.1,736.5,1.01,98747,72988887.4,-1
12/5/2024,721.9,740,721.9,728.6,-1.07,36567,26827074.6,1
12/8/2024,735,735,710,713.9,-2.02,41146,29532087.6,-1
12/9/2024,728.1,728.1,707,709,-0.69,41474,29564997.2,-1
12/10/2024,717,717,704.2,706,-0.42,28256,20022219.3,-1
12/11/2024,707,718,701.2,718,1.7,25691,18224171.7,1
12/12/2024,718,718,704,706,-1.67,38550,27468265.6,-1
12/16/2024,706,728,700,720,1.98,94079,67377721.6,1
12/17/2024,734.4,735,720,730,1.39,103364,75499617.5,-1
12/18/2024,720,739,720,728,-0.27,83189,60860760.2,1
12/19/2024,728,730,715,715.3,-1.74,47907,34541389.3,-1
12/22/2024,710,726,705,719.5,0.59,44097,31610647.3,1
12/23/2024,719,721,718,718.2,-0.18,37631,27063275.3,-1
12/24/2024,718.2,731.6,718.2,728.2,1.39,118654,86306627.3,1
12/26/2024,645.8,650,623,624,-1.46,33595,21249574.5,-1
12/29/2024,625,625,605,608,-2.56,24123,14726137.2,-1
12/31/2024,619,619,590,597.9,-1.66,28526,17005569.7,-1
1/1/2025,597.9,600,586,586.6,-1.89,21223,12535527.7,-1
1/2/2025,594.9,594.9,585,589.7,0.53,20072,11808299.7,-1
1/5/2025,600,600,585,586.2,-0.59,14482,8532495.5,-1
1/6/2025,590,609,590,604,3.04,21869,13180144.5,1
1/7/2025,604,607.9,600,604,0,29363,17719970,0
1/8/2025,614,621,601.8,620,2.65,19896,12161427.2,1
1/9/2025,612,624.5,610,620,0,25471,15746908.6,1
1/12/2025,615,629.5,612.5,614,-0.97,19364,11909504.9,-1
1/13/2025,615.5,622,610,611,-0.49,15481,9476379.4,-1
1/15/2025,610,623,604,607,-0.65,25323,15459029.4,-1
1/16/2025,607,610,600.3,602,-0.82,25413,15349761.4,-1
1/19/2025,600,606,599,600,-0.33,25047,15046898.2,0
1/20/2025,607,610.9,598.4,600,0,42443,25587445.5,-1
1/21/2025,605,609.7,595.3,596,-0.67,15549,9316643.2,-1
1/22/2025,605,615,600,602.7,1.12,42785,25861732.1,-1
1/23/2025,609,612,601.2,604,0.22,39444,23885670.6,-1
1/26/2025,600,605,595,595,-1.49,69012,41275299.9,-1
1/27/2025,604,652,595,629.9,5.87,434775,263673594.1,1
1/28/2025,625.1,680,620,640,1.6,218725,138119282.7,1
2/2/2025,638,638,623,627,-2.03,255499,160481324.2,-1
2/3/2025,614.5,646,612,619,-1.28,190304,118245768.1,1
2/4/2025,610,620,608,609,-1.62,97950,59831797,-1
2/5/2025,611,628.3,608,615,0.99,83420,51304648.9,1
2/6/2025,625,627.3,609.5,613,-0.33,104094,64189919.2,-1
2/9/2025,620,622,596,600,-2.12,94205,57125245.1,-1
2/10/2025,611.7,611.7,595.6,595.8,-0.7,67141,40192672.5,-1
2/11/2025,607.7,607.7,595,595,-0.13,71462,42683092.8,-1
2/12/2025,597,610,595,599,0.67,56898,34271953.3,1
2/13/2025,609,609,595.2,596,-0.5,41115,24582218.4,-1
2/16/2025,600,607.8,597,597.8,0.3,51554,30872636.1,-1
2/17/2025,601,605,598.4,598.7,0.15,67519,40534287.9,-1
2/18/2025,605,609,597,599,0.05,74701,44943397.2,-1
2/20/2025,610.9,610.9,598,598.2,-0.13,70802,42500166,-1
2/23/2025,595,603,592.1,601,0.47,68704,41119936.6,1
2/24/2025,600,604,598,598,-0.5,103761,62279200.3,-1
2/25/2025,600,601.9,596.5,600,0.33,38659,23169082.2,0
2/27/2025,605,610,598.1,603.5,0.58,53137,31964650.9,-1
3/2/2025,614.9,627.9,609,623,3.23,71317,44110332.3,1
3/3/2025,629.9,632,619,619,-0.64,75344,47020334.1,-1
3/4/2025,627,627,605,605,-2.26,70540,43269163.7,-1
3/5/2025,605,610,600,607,0.33,70391,42598284,1
3/6/2025,595,612,595,606.4,-0.1,41289,24984758.7,1
3/9/2025,596,607,596,601,-0.89,32644,19658952.1,1
3/10/2025,599.3,605,595.1,595.1,-0.98,29843,17887539.7,-1
3/11/2025,592,602,590.2,594.5,-0.1,19015,11323861.1,1
3/12/2025,600,601,595,600,0.93,17927,10732210.6,0
3/16/2025,600,600,592.3,596,-0.67,42954,25581301.9,-1
3/17/2025,604,604,591,591,-0.84,14805,8775581.4,-1
3/18/2025,592.2,597,590.1,590.1,-0.15,19202,11373792.6,-1
3/19/2025,591,598,589.3,589.3,-0.14,22352,13200366.4,-1
3/20/2025,586.1,592,586.1,590.03,0.12,16764,9889347.3,1
3/23/2025,588.09,589.7,578.2,579.6,-1.77,22208,12954236.45,-1
3/24/2025,577,583.8,571.2,581.11,0.26,15557,9003285.5,1
3/25/2025,571.1,581,566.1,569.25,-2.04,29647,16969683.4,-1
3/26/2025,579.9,590,570,576.06,1.2,17936,10298275.6,-1
3/27/2025,576,587.9,575.2,582.95,1.2,17275,10011999.4,1
3/30/2025,575.1,591.6,575.1,585.5,0.44,40815,23951196.3,1
4/1/2025,584,586,580,585.84,0.06,24115,14051541.1,1
4/2/2025,582,595,581,588.15,0.39,40384,23838216.9,1
4/3/2025,580,614,580,590.82,0.45,272011,165071945.3,1
4/7/2025,602.6,602.6,584,584.83,-1.01,52030,30671433.5,-1
4/8/2025,580.4,583.9,575,580.15,-0.8,38128,22068719.2,-1
4/9/2025,581,588,576.3,579.14,-0.17,21019,12218992.9,-1
4/10/2025,583,583,575.2,578.57,-0.1,24846,14357252.6,-1
4/13/2025,579,587.7,571,583.68,0.88,50324,28986524.9,1
4/15/2025,585,592,580,583.13,-0.09,28712,16766874.4,-1
4/16/2025,583.4,590,573,588.31,0.89,52558,30626936.4,1
4/17/2025,600,603.5,588.5,591.11,0.48,49579,29529788,-1
4/20/2025,591,599,583,584.33,-1.15,27555,16248531.9,-1
4/21/2025,590,591,578.2,583.29,-0.18,20350,11920188,-1
4/22/2025,571.7,588,571.7,578.51,-0.82,111964,64937099.7,1
4/23/2025,575.1,580,569.2,574.13,-0.76,87372,50087787.6,-1
4/24/2025,574.1,578.8,566,570.53,-0.63,40638,23177455.4,-1
4/27/2025,580,581,566.2,570.01,-0.09,82655,47136858.6,-1
4/28/2025,581,581,565,566.56,-0.61,41026,23404595.1,-1
4/29/2025,575.9,575.9,560.3,561.73,-0.85,36640,20694062.6,-1
4/30/2025,562,568,552.4,561.84,0.02,43458,24371954.1,-1
5/4/2025,573,589,565,569.8,1.42,69385,39588113.4,-1
5/5/2025,577,581,565,567.18,-0.46,20968,11924239,-1
5/6/2025,570,581,568.5,570.11,0.52,188975,108038141.7,1
5/7/2025,575,599,573,586.07,2.8,111362,65563724.2,1
5/8/2025,585.2,593,582.2,585.19,-0.15,65913,38751666.6,-1
5/11/2025,590,595.5,578.3,580.38,-0.82,82854,48505766.7,-1
5/13/2025,578.2,580.6,567,567.62,-2.2,113068,64518710.8,-1
5/14/2025,567.7,570,561.1,562.8,-0.85,45129,25529460.9,-1
5/15/2025,570.8,570.8,562.8,563.2,0.07,29324,16540955.9,-1
5/18/2025,570,572.9,563,566.13,0.52,140043,79656883.9,-1
5/19/2025,574.7,574.8,560,565.02,-0.2,59216,33454942.6,-1
5/20/2025,565,577,561.2,574.82,1.73,37148,21122379.9,1
5/21/2025,585,611.9,575,589.53,2.56,1001267,591099772.3,1
5/22/2025,590,623,590,604.82,2.59,560957,341857833.4,1
5/25/2025,593,610,589.7,590.86,-2.31,101682,60746786.8,-1
5/26/2025,600,612,585,586.66,-0.71,104404,61827259.6,-1
5/27/2025,580,589.9,576,581.36,-0.9,68764,40107288.7,1
5/28/2025,590,590,580,585.11,0.65,59713,34871107.5,-1
6/2/2025,596.8,596.8,579,579.79,-0.91,71263,41695007.2,-1
6/3/2025,580,583.5,573.1,574.75,-0.87,50986,29369155.1,-1
6/4/2025,566,583,566,572.98,-0.31,50856,29113184.5,1
6/5/2025,565.2,583.8,565.2,579.82,1.19,76426,44167466.1,1
6/8/2025,569,596,569,577.28,-0.44,85384,49517902.4,1
6/9/2025,578,588,575.2,585.92,1.5,54459,31783543.6,1
6/10/2025,589,601,585,588.49,0.44,224088,132815274.9,-1
6/11/2025,588.1,618,581.1,607.66,3.26,222993,134129193.8,1
6/12/2025,607.6,629,607.6,617.56,1.63,450174,279916592.7,1
6/15/2025,605.3,653.9,605.3,647.22,4.8,789460,503804206.8,1
6/16/2025,660,660,620,621.1,-4.04,325965,206430521.6,-1
6/17/2025,625,629.8,611,615.5,-0.9,117225,72258302.3,-1
6/18/2025,624,631.9,611,615.89,0.06,244635,151973872.2,-1
6/19/2025,628,628,600.6,602.08,-2.24,166072,101034215.4,-1
6/22/2025,600.1,606,584.3,585.47,-2.76,137534,81509344.1,-1
6/23/2025,586.1,594,577,591.47,1.02,93306,54662755.5,1
6/24/2025,595,602,588.4,590.9,-0.1,78161,46485823.6,-1
6/25/2025,590,595,585,591.59,0.12,53944,31805556.5,1
6/26/2025,594,595.9,586.1,587.17,-0.75,71634,42288953.9,-1
6/29/2025,588,613,588,603.07,2.71,142687,85913466.8,1
6/30/2025,604,617.9,603,605.12,0.34,76435,46644454.8,1
7/1/2025,609,614.8,604,611.81,1.11,67528,41151322.6,1
7/2/2025,611.9,619.5,607,610.48,-0.22,91930,56304221.9,-1
7/3/2025,611,611.8,598.6,600.36,-1.66,83451,50303073.2,-1
7/6/2025,609,609,600,602.44,0.35,63218,38149147.7,-1
7/7/2025,601,603,595,595.73,-1.11,42095,25140670.5,-1
7/8/2025,590.6,601.9,590,600.37,0.78,30180,18026266.8,1
7/9/2025,608,609,600.6,603.12,0.46,47797,28865281.2,-1
7/10/2025,605,609,602,607.2,0.68,72148,43643165.9,1
7/13/2025,619.3,619.3,605.1,608.11,0.15,97583,59311258.2,-1
7/14/2025,605.5,611,603,608.39,0.05,60892,37009233.9,1
7/15/2025,614.7,627,608.4,625.06,2.74,116410,71872538.33,1
7/16/2025,633,641,626,639.19,2.26,276662,175044456.7,1
7/17/2025,647,652,639,647.23,1.26,151538,97802808,1
7/20/2025,657.9,669.6,628.5,649.67,0.38,440826,288036557.1,-1
7/21/2025,650,661,645.1,653.12,0.53,185055,120635457.1,1
7/22/2025,660,678,660,668.32,2.33,185754,124361699.8,1
7/23/2025,672,677,657.4,670.04,0.26,173461,116082788.8,-1
7/24/2025,672,680,666,675.39,0.8,166402,112096653.2,1
7/27/2025,678.7,682,657,658.92,-2.44,174212,116955478.1,-1
7/28/2025,663,665,641,658.98,0.01,152931,99973541.1,-1
7/29/2025,659.2,670,655,656.98,-0.3,138685,91696887.2,-1
7/30/2025,655,666,641.2,643.55,-2.04,108527,70889822.1,-1
7/31/2025,656.4,656.4,636.4,638.27,-0.82,110846,71023749.6,-1
8/3/2025,639,640,624.1,626.57,-1.83,154008,97150794.6,-1
8/4/2025,633,638.9,620,625.91,-0.11,145826,91539197.6,-1
8/5/2025,625,636.9,618.5,620.84,-0.81,136884,85462667.5,-1
8/6/2025,621.1,625,619.1,620.36,-0.08,125821,78177548.9,-1
8/7/2025,620.7,640,620.7,638.64,2.95,69120,43764350.5,1
8/11/2025,641,650,632.5,638.1,-0.08,135353,87194704.9,-1
8/12/2025,638,644.9,625,626.68,-1.79,100115,63134168.4,-1
8/13/2025,638,640,623,624.15,-0.4,134834,85041941.9,-1
8/14/2025,635,635,622,623.33,-0.13,62538,39028015.5,-1
8/17/2025,634.8,634.8,624.2,626.06,0.44,86605,54376771.7,-1
8/18/2025,626,632.8,623.4,625.72,-0.05,56782,35676251.6,-1
8/19/2025,626.1,645,624.7,639.91,2.27,271969,170820063.4,1
8/20/2025,636.1,650,636,643.86,0.62,100218,64626338.5,1
8/21/2025,644,646.9,633.1,634.07,-1.52,49680,31636516.9,-1
8/24/2025,630,641,627,627.65,-1.01,61401,38687369.5,-1
8/25/2025,627.65,635.1,627,630.32,0.43,53422,33730410.9,1
8/26/2025,640,640,627,628.6,-0.27,28512,17960709.5,-1
8/27/2025,639,639,629,637.61,1.43,70465,44778878.7,-1
8/28/2025,634,644.9,630.1,630.54,-1.11,55515,35292360.6,-1
8/31/2025,637,638,620,621.94,-1.36,104647,65460368.4,-1
9/1/2025,631,631,617.3,624.27,0.37,47341,29400797.7,-1
9/2/2025,624,627,620,620.53,-0.6,26383,16388986.5,-1
9/3/2025,620,623,618.1,619.34,-0.19,26523,16445861.3,-1
9/4/2025,618.1,625,612.4,619.32,0,42422,26191456.7,1
9/7/2025,615,625.1,615,618.37,-0.15,29947,18600866.4,1
9/8/2025,618,623.9,606,614.37,-0.65,121669,74754752.4,-1
9/18/2025,602.1,602.1,555.5,581,-5.43,7035,4100594.2,-1
9/21/2025,581,625.5,581,618.14,6.39,105202,63804253.1,1
9/23/2025,616,629.9,615.6,625.9,1.26,60609,37791476.7,1
9/24/2025,620,626,619.9,621,-0.78,24724,15386762.8,1
9/25/2025,625,628,625,625.5,0.72,43358,27132951.5,1
9/28/2025,638,638,625.2,632,1.04,25748,16208260.3,-1
10/7/2025,635,638,619.5,621,-1.74,73489,46077846.5,-1
10/8/2025,625,625,609,616,-0.81,67893,41567399.8,-1
10/9/2025,628.3,647,616,619,0.49,86833,54271012.5,-1
10/12/2025,608,613.1,601,605,-2.26,81130,49284799.3,-1
10/13/2025,603,614,596,605,0,59744,36095330.5,1
10/14/2025,615.8,615.8,605.3,606.2,0.2,39213,23847274.2,-1
10/15/2025,607,607,595,606,-0.03,55143,33144541,-1
10/16/2025,600,603,596,598.3,-1.27,32749,19604663.2,-1
10/19/2025,598,610,598,609.9,1.94,50418,30451919.5,1
10/26/2025,598.1,605,598,605,-0.8,14726,8849137.1,1
10/28/2025,614,620,601.8,617.9,2.13,35174,21620516,1
10/29/2025,620,631,616,616.1,-0.29,47909,29873456.8,-1
10/30/2025,611,633.9,606.7,628.3,1.98,69322,43422789,1
11/2/2025,638,642,629.9,636,1.23,76874,48931708.3,-1
11/3/2025,623.3,642,623.3,626.2,-1.54,40644,25643130.2,1
11/4/2025,630,638.9,621,624.9,-0.21,52459,32868141.6,-1
11/5/2025,630,630,620.5,624.5,-0.06,31391,19529724.5,-1
11/6/2025,622,629,622,622,-0.4,44830,27993531.7,0
11/9/2025,634.4,659.9,634.4,640,2.89,232021,149134482.9,1
11/10/2025,645,645,634.3,636,-0.63,99948,63744800.1,-1
11/11/2025,642,642,630,636,0,108042,68658298.7,-1
11/12/2025,648.7,648.7,624,625,-1.73,104021,65320628.5,-1
11/13/2025,629.8,631,624,627,0.32,130306,81679267.5,-1
11/16/2025,639.5,644,624,634,1.12,329541,208455068.7,-1
11/17/2025,640,648,637,643,1.42,139488,89719564.9,1
11/18/2025,652,656,645,653,1.56,204148,133172455,1
11/19/2025,666,666,651,659.8,1.04,136091,89307100.1,-1
11/20/2025,662.9,664.9,652.5,658.1,-0.26,94582,62248385.5,-1
11/23/2025,662,674.9,662,666,1.2,157110,104796108.7,1
11/24/2025,672,673,665.4,670.3,0.65,172372,115394515.1,-1
11/25/2025,675,680,669,680,1.45,233063,156819977.4,1
11/26/2025,683.4,683.4,673.2,676.4,-0.53,91515,61943144.5,-1
11/27/2025,680,680,670.1,670.1,-0.93,102903,69500254.7,-1
11/30/2025,672.5,678.5,660.1,662,-1.21,198975,132888424.2,-1
12/1/2025,666,672,658,666,0.6,113812,75682221,0
12/2/2025,679.3,679.3,667,669,0.45,342612,229434605.1,-1
12/3/2025,568,568,553,554.5,-0.54,157458,88287206.6,-1
12/7/2025,555,555,542.5,542.6,-2.15,76604,41859178.9,-1
12/8/2025,543,545.6,536,538,-0.85,62895,33934704.3,-1
12/9/2025,542,544.7,535,542,0.74,25187,13631916.8,0
12/10/2025,536.1,545,536.1,540.1,-0.35,33233,17977577.1,1
12/11/2025,540,544,539,542,0.35,32822,17734354,1
12/14/2025,545,547.9,542,545,0.55,69901,38022821.2,0
12/15/2025,555.9,555.9,542.2,546.9,0.35,20734,11291536.4,-1
12/16/2025,545.1,565,545.1,561.5,2.67,72104,40141408.7,1
12/17/2025,561.5,562,556.2,559.5,-0.36,32833,18376263,-1
12/18/2025,570.6,570.6,555,560,0.09,37279,20795930.9,-1
12/21/2025,558,569.9,546,562.7,0.48,63115,35629982.6,1
12/22/2025,560.1,570.09,558,560.1,-0.46,49725,28034171.91,0
12/23/2025,559,565,554,565,0.87,22894,12821569,1
12/24/2025,565,569,558,560,-0.88,40504,22683416.5,-1
12/28/2025,568,568.8,561,566,1.07,31638,17870170.2,-1
12/29/2025,577.3,577.3,563,571.5,0.97,60941,34582284.1,-1
12/31/2025,582.9,582.9,569.1,569.1,-0.42,72709,41498026.5,-1
1/1/2026,568.2,570,560.1,565,-0.72,42336,23812041.6,-1
1/4/2026,561,565,555,557.6,-1.31,27887,15568703.3,-1
1/5/2026,557.1,564,557.1,561.9,0.77,36591,20516363.8,1
1/6/2026,562,569,560.2,563.5,0.28,28813,16281725.1,1
1/7/2026,557,571,557,567.6,0.73,31566,17884403.2,1
1/8/2026,567.6,571,561.1,567,-0.11,45164,25663693,-1
1/12/2026,565,573,564,572,0.88,36315,20675471.9,1
1/13/2026,562,584,562,582,1.75,51476,29775252.8,1
1/14/2026,588,590,571,576,-1.03,41217,23902901.5,-1
1/18/2026,585,590,578.1,588,2.08,53400,31106094.8,1
1/20/2026,599.7,606,590,599,1.87,129919,77840140.9,-1
1/21/2026,610.9,610.9,590.1,601.3,0.38,91025,54675774.3,-1
1/22/2026,605.5,608,596,605,0.62,89865,53989911.8,-1
1/25/2026,608,613.8,598.1,612,1.16,127680,77279478.7,1
1/26/2026,606,610,599.1,599.5,-2.04,104112,62759381.1,-1
1/27/2026,600,606,588,595,-0.75,129836,77691879,-1
1/28/2026,598,601.8,588.6,600,0.84,91787,54671794.1,1
1/29/2026,600,608,589,590.5,-1.58,99680,59206051.7,-1
2/1/2026,591,599.1,585,586,-0.76,52985,31275459.5,-1
2/2/2026,585.9,596,583,585,-0.17,28158,16543563,-1
2/3/2026,585,589.9,581.5,582,-0.51,28332,16564564.5,-1
2/4/2026,590,593.6,581.9,589.2,1.24,34618,20296067.5,-1
2/5/2026,585,595,585,595,0.98,28937,17096839.9,1
2/8/2026,605,605,583,585.1,-1.66,68756,40549728.1,-1
2/9/2026,586.1,593,575.1,581.4,-0.63,77991,45389352.8,-1
2/10/2026,581.4,585.8,575,582,0.1,45854,26566436.5,1
2/11/2026,587,595,577.6,577.6,-0.76,41691,24230263.1,-1
2/12/2026,577,585,575,578.3,0.12,56127,32559723.6,1
2/16/2026,580.1,584,575,579,0.12,44682,25812066.8,-1
2/17/2026,577.1,579,573.1,574.3,-0.81,40091,23104357.4,-1
2/22/2026,579,579,569.7,570.2,-0.71,52333,29870706.1,-1
2/23/2026,573,575.5,570.2,574.5,0.75,31816,18195531.5,1
2/24/2026,574,582.9,574,579.8,0.92,23004,13342342.7,1
2/25/2026,580,587,579.2,580.1,0.05,23546,13686901.9,1
2/26/2026,585,591.7,580.5,583,0.5,28984,16893254.9,-1
3/1/2026,577,597,575,597,2.4,55667,32794568.3,1
3/3/2026,599.9,603.8,588.1,599,0.34,47420,28375849.5,-1
3/9/2026,610.9,648.1,610.9,648,8.2,3182,1970000,1
3/10/2026,655,655,621,633,-2.33,226000,143000000,-1
3/11/2026,635,640,615,621,-1.91,68072,42600000,-1
3/12/2026,,,,,,,,
