published_date,open,high,low,close,per_change,traded_quantity,traded_amount
2022-01-02,210.5,210.5,205.8,208.0,-0.48,18999.0,3932807.0
2022-01-03,209.0,213.0,208.0,211.0,1.44,17758.0,3749380.5
2022-01-04,210.0,215.3,208.0,214.0,1.42,36481.0,7770474.5
2022-01-05,214.0,217.0,208.8,210.3,-1.73,17351.0,3707132.8
2022-01-06,211.0,220.0,208.0,217.0,3.19,29617.0,6320346.1
2022-01-09,215.0,224.0,215.0,219.0,0.92,50239.0,11061683.4
2022-01-10,223.0,225.9,218.0,219.0,0.0,73474.0,16223000.7
2022-01-11,217.1,237.8,217.0,235.3,7.44,113978.0,26514544.8
2022-01-12,233.0,240.0,225.7,229.5,-2.46,50757.0,11806382.4
2022-01-13,230.0,232.0,224.5,230.0,0.22,31963.0,7322314.5
2022-01-16,234.0,239.0,231.0,232.0,0.87,57772.0,13505357.0
2022-01-17,231.1,235.0,229.1,232.0,0.0,28213.0,6542093.4
2022-01-18,230.1,245.0,229.0,239.9,3.41,141732.0,34011257.4
2022-01-19,240.0,240.0,230.8,231.2,-3.63,30408.0,7125956.6
2022-01-20,230.0,235.0,230.0,232.0,0.35,30832.0,7134157.5
2022-01-23,235.0,235.0,224.0,226.0,-2.59,31568.0,7210656.7
2022-01-24,223.1,227.0,217.6,218.9,-3.14,55895.0,12351928.5
2022-01-25,217.0,227.0,215.2,222.0,1.42,31022.0,6874019.4
2022-01-26,226.2,226.2,215.0,217.1,-2.21,26547.0,5780485.5
2022-01-27,216.9,220.0,216.0,217.0,-0.05,15214.0,3306905.3
2022-01-30,220.0,228.8,220.0,228.0,5.07,29973.0,6785252.4
2022-01-31,230.0,230.0,221.0,225.0,-1.32,13772.0,3100473.6
2022-02-01,225.0,231.0,221.5,226.1,0.49,22376.0,5076784.2
2022-02-03,226.1,228.0,223.2,224.0,-0.93,22385.0,5060777.6
2022-02-06,222.0,224.0,220.0,223.0,-0.45,24312.0,5377794.0
2022-02-07,219.3,226.9,219.0,223.9,0.4,61428.0,13590617.0
2022-02-08,228.0,237.4,223.0,223.0,-0.4,19982.0,4508780.3
2022-02-09,220.0,223.0,218.7,223.0,0.0,21852.0,4829446.0
2022-02-10,224.0,224.0,218.2,218.2,-2.15,17162.0,3770513.0
2022-02-13,214.0,215.0,209.8,210.0,-3.76,40020.0,8464044.5
2022-02-14,212.9,214.0,208.1,210.5,0.24,18574.0,3928105.2
2022-02-15,213.0,214.7,210.0,214.7,2.0,11726.0,2487220.0
2022-02-16,213.9,216.9,210.5,211.0,-1.72,23896.0,5072000.6
2022-02-17,212.0,213.6,210.1,212.0,0.47,10796.0,2288021.7
2022-02-20,207.8,210.0,205.0,208.0,-1.89,21795.0,4540417.0
2022-02-21,208.6,212.0,208.6,211.9,1.88,9968.0,2098746.9
2022-02-22,213.0,214.8,209.1,211.3,-0.28,13467.0,2866809.1
2022-02-23,213.0,213.7,209.0,209.0,-1.09,10883.0,2286079.4
2022-02-24,207.0,209.0,206.0,206.7,-1.1,22186.0,4601127.8
2022-02-27,210.0,210.0,204.5,207.0,0.15,27384.0,5634570.4
2022-02-28,210.0,212.9,205.0,205.0,-0.97,22520.0,4679400.0
2022-03-02,209.0,209.0,202.0,203.0,-0.98,14188.0,2889918.6
2022-03-06,202.1,207.0,202.0,203.0,0.0,17537.0,3584982.8
2022-03-07,206.9,208.9,204.0,204.0,0.49,16553.0,3415599.5
2022-03-09,206.0,206.0,200.0,202.0,-0.98,13545.0,2726729.0
2022-03-10,202.0,207.0,200.7,207.0,2.48,13640.0,2788025.0
2022-03-13,207.3,225.0,207.0,220.5,6.52,110103.0,24132360.3
2022-03-14,224.0,224.0,213.7,218.0,-1.13,11919.0,2617827.4
2022-03-15,222.0,239.7,217.0,232.2,6.51,144347.0,32699588.5
2022-03-16,227.6,250.0,225.0,242.0,4.22,273035.0,65769430.9
2022-03-20,242.0,243.0,230.0,236.0,-2.48,127801.0,30366907.3
2022-03-21,233.8,237.9,228.0,232.4,-1.53,57454.0,13383455.8
2022-03-22,235.0,238.3,229.4,236.0,1.55,42127.0,9924876.3
2022-03-23,238.0,240.0,233.0,235.1,-0.38,48415.0,11434231.2
2022-03-24,234.0,236.0,226.1,231.9,-1.36,35293.0,8144818.5
2022-03-27,227.4,230.0,223.1,224.0,-3.41,50463.0,11411793.1
2022-03-28,223.0,227.0,220.0,223.5,-0.22,35381.0,7907759.5
2022-03-29,227.0,233.0,225.0,226.5,1.34,28293.0,6422982.2
2022-03-30,230.9,234.8,226.3,234.5,3.53,28653.0,6616903.4
2022-03-31,236.9,237.0,227.2,228.0,-2.77,26758.0,6172727.8
2022-04-03,225.0,229.0,224.0,225.0,-1.32,18817.0,4241799.5
2022-04-04,227.0,229.0,223.0,224.6,-0.18,20419.0,4606692.0
2022-04-05,222.0,230.0,221.1,227.9,1.47,44152.0,9887500.3
2022-04-06,229.9,241.0,225.4,237.0,3.99,138035.0,32323176.6
2022-04-07,241.7,241.7,234.9,235.5,-0.63,45871.0,10853666.5
2022-04-11,238.0,239.0,227.6,228.0,-3.18,53171.0,12412141.6
2022-04-12,230.0,233.0,225.0,228.0,0.0,77700.0,17682579.2
2022-04-13,229.0,235.0,224.0,230.0,0.88,52948.0,12191427.8
2022-04-17,228.0,232.7,224.0,225.0,-2.17,39499.0,8982541.0
2022-04-18,225.0,226.8,221.5,222.0,-1.33,32816.0,7320159.5
2022-04-19,221.0,230.0,221.0,225.0,1.35,25230.0,5681508.6
2022-04-20,226.0,226.0,218.0,219.0,-2.67,44988.0,9946504.9
2022-04-21,219.0,224.4,215.0,220.0,0.46,37385.0,8171890.9
2022-04-24,217.1,232.0,217.1,227.0,3.18,38956.0,8841944.8
2022-04-25,227.0,231.0,225.1,228.8,0.79,36526.0,8341582.0
2022-04-26,228.0,230.0,225.5,228.0,-0.35,23146.0,5250390.3
2022-04-27,226.1,230.9,225.0,230.8,1.23,30045.0,6864485.0
2022-04-28,229.9,229.9,225.2,227.0,-1.65,20035.0,4540165.2
2022-05-02,223.0,224.0,218.1,218.7,-3.66,31021.0,6847768.6
2022-05-04,216.2,220.0,211.7,212.3,-2.93,39752.0,8562648.0
2022-05-05,210.0,215.0,209.0,212.0,-0.14,36948.0,7805275.9
2022-05-08,212.0,220.0,211.7,220.0,3.77,21117.0,4520591.5
2022-05-09,220.0,221.0,215.6,217.0,-1.36,13076.0,2849581.6
2022-05-10,219.9,220.5,214.0,219.2,1.01,16240.0,3557782.2
2022-05-11,221.0,225.0,218.1,224.0,2.19,40793.0,9040222.8
2022-05-12,225.0,227.3,220.1,222.0,-0.89,41004.0,9176044.8
2022-05-17,220.0,222.0,216.0,218.5,-1.58,26510.0,5803633.8
2022-05-18,218.5,221.0,216.0,220.0,0.69,18975.0,4157728.6
2022-05-19,218.0,220.0,215.8,217.0,-1.36,17123.0,3705537.3
2022-05-20,219.9,221.0,216.3,217.0,0.0,13950.0,3049312.0
2022-05-23,215.0,215.0,211.1,211.2,-2.67,23394.0,4979462.6
2022-05-24,211.0,215.9,210.0,213.8,1.23,10785.0,2297565.0
2022-05-25,215.0,215.4,208.0,213.4,-0.19,32921.0,6927347.2
2022-05-26,215.0,215.1,212.0,212.0,-0.66,30756.0,6568517.5
2022-05-27,215.0,215.0,207.8,212.0,0.0,37400.0,7861513.0
2022-05-30,210.0,210.1,206.1,208.8,-1.51,24038.0,4982010.4
2022-05-31,205.0,208.9,204.8,207.0,-0.86,18322.0,3777255.6
2022-06-01,211.0,211.0,206.0,210.0,1.45,8700.0,1808570.0
2022-06-02,211.0,211.0,206.1,206.4,-1.71,8142.0,1686335.4
2022-06-03,205.1,207.8,204.0,205.0,-0.68,26076.0,5359045.5
2022-06-06,208.0,210.0,205.1,206.5,0.73,11483.0,2382208.5
2022-06-07,207.0,207.0,205.0,205.0,-0.73,9834.0,2021365.3
2022-06-08,207.0,215.0,204.0,210.1,2.49,13767.0,2873901.8
2022-06-09,207.1,212.0,205.0,206.5,-1.71,23200.0,4805084.6
2022-06-10,204.0,205.9,202.4,205.0,-0.73,4967.0,1012428.4
2022-06-13,201.1,206.0,201.1,203.8,-0.59,5776.0,1175517.6
2022-06-14,202.0,205.4,200.7,202.0,-0.88,23549.0,4753554.4
2022-06-15,203.0,203.0,198.0,200.0,-0.99,18912.0,3782124.8
2022-06-16,204.0,204.0,199.3,202.0,1.0,15869.0,3190871.0
2022-06-17,202.3,202.3,199.9,199.9,-1.04,4373.0,880674.2
2022-06-19,198.0,201.8,196.1,196.2,-1.85,18921.0,3749911.4
2022-06-20,193.0,196.8,192.0,193.1,-1.58,20188.0,3902542.9
2022-06-21,196.0,204.0,191.1,196.5,1.76,11300.0,2225765.0
2022-06-22,195.0,196.0,193.4,194.0,-1.27,3960.0,769594.0
2022-06-23,191.0,194.0,186.7,189.1,-2.53,29246.0,5548637.0
2022-06-24,189.0,196.8,188.0,191.0,1.0,4150.0,791760.0
2022-06-26,194.0,207.0,194.0,203.0,6.28,15277.0,3068976.5
2022-06-27,199.0,205.0,197.0,197.0,-2.96,38792.0,7724814.5
2022-06-28,195.1,197.0,194.0,194.8,-1.12,6690.0,1305620.0
2022-06-29,197.0,203.0,197.0,203.0,4.21,13421.0,2690411.0
2022-06-30,203.0,213.0,200.0,213.0,4.93,48465.0,10111870.8
2022-07-01,215.0,215.0,209.4,212.0,-0.47,8548.0,1798162.4
2022-07-03,212.0,217.0,208.4,215.0,1.42,31617.0,6759869.3
2022-07-04,215.0,220.0,209.0,213.0,-0.93,73106.0,15775669.0
2022-07-05,209.0,214.0,206.0,208.0,-2.35,21120.0,4408898.0
2022-07-06,204.1,209.6,200.3,207.0,-0.48,21307.0,4347553.0
2022-07-07,204.0,211.9,203.5,204.8,-1.06,9805.0,2015902.1
2022-07-08,207.5,207.5,196.0,196.0,-4.3,17535.0,3492290.0
2022-07-11,195.0,200.4,193.1,197.0,0.51,20513.0,4030093.5
2022-07-12,198.0,202.0,194.1,200.0,1.52,22097.0,4410923.3
2022-07-13,203.0,204.0,199.0,202.1,1.05,19132.0,3843745.9
2022-07-14,205.0,205.0,201.2,204.0,0.94,11145.0,2260650.0
2022-07-15,202.0,203.5,200.1,202.5,-0.74,8555.0,1720685.0
2022-07-17,203.0,206.0,200.9,200.9,-0.79,18328.0,3719628.4
2022-07-18,199.3,215.2,199.3,210.2,4.63,60667.0,12771530.8
2022-07-19,213.0,216.9,208.5,211.6,0.67,24379.0,5179572.6
2022-07-20,215.8,215.8,207.7,210.0,-0.76,12456.0,2618634.0
2022-07-21,210.1,210.8,207.8,209.0,-0.48,11175.0,2329260.0
2022-07-22,207.0,207.0,204.0,206.9,-1.0,13496.0,2768462.0
2022-07-24,210.0,211.0,203.1,211.0,1.98,37948.0,7904324.2
2022-07-25,213.9,218.0,212.0,218.0,3.32,44366.0,9510536.3
2022-07-26,215.0,215.0,209.0,212.0,-2.75,20546.0,4345814.0
2022-07-27,208.0,212.0,206.0,212.0,0.0,21660.0,4522356.8
2022-07-28,208.5,223.0,208.5,219.0,3.3,163476.0,35785263.0
2022-07-29,221.0,235.0,220.0,231.4,5.66,150453.0,34620243.7
2022-07-31,233.0,240.7,226.5,239.0,3.28,184324.0,43399780.6
2022-08-01,239.0,252.6,233.7,234.4,-1.92,102497.0,24643408.6
2022-08-02,237.9,237.9,226.0,227.5,-2.94,77279.0,17639302.2
2022-08-03,228.0,235.0,220.5,229.0,0.66,48969.0,11229672.3
2022-08-04,231.9,232.0,219.6,220.1,-3.89,50063.0,11181879.2
2022-08-05,221.0,225.0,218.0,220.0,-0.05,29125.0,6421825.5
2022-08-07,223.0,227.0,220.0,224.0,1.82,28027.0,6259902.4
2022-08-08,226.9,227.0,217.5,218.2,-2.59,44868.0,10016216.0
2022-08-09,216.0,220.0,216.0,219.0,0.37,25658.0,5580130.7
2022-08-10,216.0,219.1,215.1,219.0,0.0,21247.0,4603848.2
2022-08-11,215.1,219.8,212.2,213.0,-2.74,60194.0,12938952.0
2022-08-14,211.0,215.0,207.0,210.9,-0.99,49462.0,10446028.0
2022-08-15,212.0,220.0,212.0,218.0,3.37,27472.0,5969181.9
2022-08-16,219.0,220.1,214.0,215.0,-1.38,17659.0,3841161.5
2022-08-17,213.0,218.0,213.0,218.0,1.4,6745.0,1452933.0
2022-08-18,214.0,221.0,214.0,217.8,-0.09,17705.0,3862620.0
2022-08-21,222.0,235.0,222.0,225.0,3.31,126011.0,28706192.4
2022-08-22,229.0,229.0,222.0,224.0,-0.44,14551.0,3266147.0
2022-08-23,224.0,224.0,218.6,219.0,-2.23,9621.0,2126719.0
2022-08-24,222.0,223.0,217.1,218.1,-0.41,23931.0,5255615.0
2022-08-25,222.0,222.0,215.0,215.0,-1.42,14301.0,3103415.5
2022-08-26,215.0,216.0,212.3,214.0,-0.47,13185.0,2818764.0
2022-08-28,213.0,213.8,208.1,208.1,-2.76,27461.0,5788016.6
2022-08-29,205.7,213.0,205.7,212.0,1.87,16902.0,3564189.0
2022-08-30,209.1,215.5,209.1,211.0,-0.47,10434.0,2216692.0
2022-08-31,208.4,213.5,207.6,207.9,-1.47,28374.0,5921195.4
2022-09-01,206.2,210.0,206.0,208.0,0.05,12210.0,2530657.0
2022-09-02,211.0,212.1,196.5,209.0,0.48,100859.0,20523992.4
2022-09-04,205.1,213.0,205.0,205.0,-1.91,26850.0,5547234.0
2022-09-05,207.5,209.0,206.0,206.1,0.54,15815.0,3281752.0
2022-09-06,210.2,210.2,204.0,205.7,-0.19,12203.0,2501151.0
2022-09-07,205.0,206.0,203.0,205.0,-0.34,5072.0,1035730.9
2022-09-08,201.2,207.0,201.2,206.0,0.49,18471.0,3784203.6
2022-09-11,209.0,210.0,202.0,202.0,-1.94,15393.0,3135339.5
2022-09-12,204.0,204.7,201.1,204.0,0.99,23809.0,4806925.8
2022-09-13,205.9,206.8,202.8,206.4,1.18,18972.0,3895267.4
2022-09-14,210.5,211.9,203.1,210.0,1.74,25799.0,5395939.1
2022-09-15,212.9,212.9,203.2,203.7,-3.0,34839.0,7195855.4
2022-09-16,200.1,202.9,198.0,202.0,-0.83,20136.0,4041656.5
2022-09-18,199.1,204.0,197.0,198.0,-1.98,23672.0,4709227.5
2022-09-20,196.0,199.9,193.3,196.0,-1.01,26080.0,5086360.0
2022-09-21,199.8,199.8,195.2,198.0,1.02,8920.0,1762916.0
2022-09-22,196.1,198.0,195.0,196.9,-0.56,10853.0,2134107.9
2022-09-25,194.0,195.0,192.9,194.7,-1.12,39883.0,7730476.4
2022-09-27,194.7,199.0,192.0,196.0,0.67,28123.0,5476557.0
2022-09-28,192.5,197.9,192.1,195.6,-0.2,22750.0,4453290.0
2022-09-29,191.8,203.3,191.8,197.9,1.18,9229.0,1815637.6
2022-10-09,200.5,203.0,197.0,203.0,2.58,8150.0,1630170.0
2022-10-10,206.0,206.0,195.1,198.0,-2.46,15451.0,3082262.3
2022-10-11,194.3,202.0,194.3,199.8,0.91,7615.0,1507558.0
2022-10-12,197.2,203.0,197.2,199.1,-0.35,7227.0,1448316.9
2022-10-13,199.0,207.0,199.0,200.0,0.45,4225.0,849182.9
2022-10-16,200.0,203.0,199.4,200.9,0.45,15177.0,3046849.0
2022-10-17,198.3,203.0,198.3,203.0,1.05,4705.0,941796.0
2022-10-19,207.0,217.0,207.0,213.0,4.93,175173.0,37212935.7
2022-10-20,216.0,217.0,206.0,209.5,-1.64,33954.0,7150187.0
2022-10-23,208.0,210.0,205.1,205.3,-2.0,31614.0,6516060.0
2022-10-31,208.9,209.5,205.0,208.6,1.61,16700.0,3474791.3
2022-11-01,210.0,214.0,209.0,209.1,0.24,32440.0,6865920.0
2022-11-02,212.0,215.0,210.0,212.0,1.39,21142.0,4503368.6
2022-11-03,212.0,213.9,210.5,210.5,-0.71,14595.0,3093559.0
2022-11-06,211.5,213.5,210.1,213.0,1.19,30100.0,6393691.0
2022-11-07,216.9,216.9,212.0,212.0,-0.47,34237.0,7297416.1
2022-11-08,212.0,213.8,207.8,212.0,0.0,15156.0,3227380.0
2022-11-09,214.0,214.0,205.6,209.0,-1.42,33272.0,6920406.2
2022-11-10,211.0,211.0,205.0,206.0,-1.44,31869.0,6570752.4
2022-11-13,210.0,210.0,206.4,208.0,0.97,5345.0,1108049.0
2022-11-14,205.0,209.0,205.0,209.0,0.48,13795.0,2865296.5
2022-11-15,209.0,213.0,208.0,211.9,1.39,29930.0,6300456.7
2022-11-16,210.0,212.5,210.0,210.0,-0.9,19000.0,4009835.0
2022-11-17,212.0,214.0,211.0,212.0,0.95,29515.0,6274253.0
2022-11-22,214.0,214.9,211.0,212.9,0.42,17017.0,3613503.3
2022-11-23,213.9,213.9,211.0,212.0,-0.42,6444.0,1365737.2
2022-11-24,209.5,213.0,209.5,213.0,0.47,10773.0,2283227.5
2022-11-27,213.0,215.0,212.1,215.0,0.94,18525.0,3948347.1
2022-11-28,215.0,217.0,213.4,214.9,-0.05,18731.0,4032278.0
2022-11-29,216.0,216.0,212.1,214.8,-0.05,17274.0,3693159.5
2022-11-30,214.0,215.5,213.1,214.5,-0.14,8974.0,1922729.0
2022-12-01,213.5,217.0,213.5,215.5,0.47,11833.0,2555659.3
2022-12-04,215.1,221.9,215.1,218.0,1.16,41093.0,8987736.9
2022-12-05,218.0,222.3,216.0,217.9,-0.05,46778.0,10227450.6
2022-12-06,218.0,218.8,215.0,216.7,-0.55,13312.0,2887261.0
2022-12-07,218.0,219.0,216.0,216.0,-0.32,13400.0,2903718.0
2022-12-11,215.0,216.8,213.0,215.0,-0.46,25656.0,5508500.3
2022-12-12,217.0,217.0,214.0,216.9,0.88,18262.0,3931652.2
2022-12-13,216.0,218.0,215.0,218.0,0.51,13589.0,2951444.5
2022-12-14,218.1,222.2,218.0,221.0,1.38,31896.0,7019634.3
2022-12-15,219.0,221.0,218.0,220.1,-0.41,19521.0,4285817.6
2022-12-18,220.0,221.0,217.0,218.0,-0.95,37964.0,8292802.6
2022-12-19,219.0,220.1,218.0,219.0,0.46,27947.0,6137479.3
2022-12-20,219.1,228.0,219.1,225.8,3.11,68695.0,15441494.4
2022-12-21,227.0,230.5,225.2,226.0,0.09,145753.0,33042721.2
2022-12-22,211.0,211.0,200.1,205.0,-4.76,45923.0,9415875.8
2022-12-26,208.0,212.1,203.9,207.5,1.22,67409.0,13895935.7
2022-12-27,209.0,219.0,207.0,213.5,2.89,46844.0,9924430.4
2022-12-28,212.0,215.0,210.7,210.7,-1.31,27621.0,5874120.0
2022-12-29,208.0,220.0,208.0,216.5,2.75,35944.0,7809131.3
2023-01-01,217.0,218.9,213.0,214.0,-1.15,39627.0,8532327.8
2023-01-02,214.0,216.8,212.2,214.7,0.33,16700.0,3586554.8
2023-01-03,218.8,227.0,215.2,220.3,2.61,84182.0,18760003.4
2023-01-04,221.0,223.9,215.3,223.0,1.23,27977.0,6169118.1
2023-01-05,225.0,234.9,221.0,233.0,4.48,98676.0,22374873.2
2023-01-08,230.0,239.5,228.0,237.7,2.02,85874.0,20129139.9
2023-01-09,239.5,239.5,231.5,235.0,-1.14,50277.0,11813700.5
2023-01-10,239.7,239.7,227.1,227.1,-3.36,115889.0,27135407.2
2023-01-12,231.6,231.6,219.0,222.0,-2.25,61729.0,13791570.4
2023-01-17,217.6,230.8,217.6,229.9,3.56,45224.0,10255732.2
2023-01-18,234.0,235.5,225.4,228.5,-0.61,62701.0,14510580.0
2023-01-19,230.0,231.9,226.1,227.0,-0.66,22499.0,5137491.8
2023-01-23,231.0,231.0,224.0,224.2,-1.23,32811.0,7472876.0
2023-01-24,220.1,229.5,220.1,229.5,2.36,21270.0,4791072.2
2023-01-25,226.0,234.5,226.0,231.5,0.87,46413.0,10784093.1
2023-01-26,235.5,235.5,230.3,233.0,0.65,36977.0,8623769.8
2023-01-29,230.0,235.0,225.4,233.9,0.39,29133.0,6760837.9
2023-01-30,235.0,235.9,226.0,226.0,-3.38,38767.0,8920341.9
2023-01-31,225.3,227.0,221.7,223.0,-1.33,48001.0,10721665.5
2023-02-01,223.0,230.8,221.5,229.9,3.09,29472.0,6758815.7
2023-02-02,225.6,229.6,223.0,224.0,-2.57,14396.0,3244007.7
2023-02-05,224.0,231.8,224.0,227.0,1.34,26776.0,6056845.0
2023-02-06,224.2,229.0,224.0,228.9,0.84,18773.0,4253328.0
2023-02-07,228.0,234.6,228.0,234.0,2.23,58890.0,13670734.3
2023-02-08,236.0,237.9,231.0,232.0,-0.85,85760.0,20164402.4
2023-02-09,232.0,234.0,229.0,232.4,0.17,30918.0,7122801.4
2023-02-12,229.0,233.9,224.3,229.0,-1.46,46338.0,10605620.0
2023-02-14,226.3,230.0,226.3,227.0,-0.87,14868.0,3389131.0
2023-02-15,229.0,229.0,221.5,223.0,-1.76,21361.0,4798096.4
2023-02-16,224.0,225.0,219.5,221.0,-0.9,28217.0,6254385.0
2023-02-20,220.0,222.0,218.0,218.0,-1.36,23698.0,5214579.2
2023-02-22,222.2,226.5,220.0,226.4,3.85,14712.0,3296345.5
2023-02-23,223.0,226.0,216.6,218.1,-3.67,42279.0,9217726.4
2023-02-26,215.6,225.0,215.6,225.0,3.16,25495.0,5599194.3
2023-02-27,228.0,228.0,216.6,226.0,0.44,20830.0,4627376.7
2023-02-28,222.4,227.0,222.4,224.6,-0.62,17920.0,4024510.0
2023-03-01,222.0,224.4,220.2,222.5,-0.93,12383.0,2751055.8
2023-03-02,222.0,223.9,216.4,220.9,-0.72,18219.0,4022564.0
2023-03-05,220.9,222.3,215.8,217.1,-1.72,12135.0,2657823.2
2023-03-07,218.5,221.0,217.0,218.9,0.83,15122.0,3300331.2
2023-03-09,219.0,225.0,219.0,224.0,2.33,15282.0,3396248.8
2023-03-12,225.0,225.0,221.0,225.0,0.45,11909.0,2648605.5
2023-03-13,220.6,224.8,220.5,223.5,-0.67,10945.0,2435379.0
2023-03-14,221.6,225.0,220.4,224.0,0.22,12931.0,2887980.4
2023-03-15,222.0,225.0,218.0,223.9,-0.04,15741.0,3490411.1
2023-03-16,223.0,225.9,221.0,221.1,-1.25,14057.0,3137147.6
2023-03-19,223.0,225.0,221.0,221.6,0.23,15447.0,3445601.6
2023-03-20,222.5,226.0,222.1,226.0,1.99,21899.0,4927606.5
2023-03-22,229.0,231.0,225.2,226.2,0.09,28957.0,6594045.4
2023-03-23,225.0,226.5,222.1,224.0,-0.97,14401.0,3213094.4
2023-03-26,226.0,226.0,220.0,223.0,-0.45,95553.0,21463963.3
2023-03-27,223.0,227.0,222.1,227.0,1.79,16069.0,3619436.8
2023-03-28,229.0,229.0,225.0,228.8,0.79,48446.0,11026344.1
2023-03-29,225.7,235.5,225.5,233.0,1.84,65793.0,15288627.9
2023-03-30,230.2,241.6,230.0,237.8,2.06,82795.0,19651724.1
2023-04-02,242.5,247.7,230.4,238.0,0.08,78935.0,19004908.2
2023-04-03,233.5,239.4,232.0,234.2,-1.6,38791.0,9071261.7
2023-04-04,232.0,237.1,230.1,234.0,-0.09,34531.0,8053035.8
2023-04-05,230.1,239.0,226.0,235.9,0.81,35964.0,8395933.4
2023-04-06,238.0,238.0,233.1,234.8,-0.47,23190.0,5455182.6
2023-04-09,239.4,239.4,229.0,229.1,-2.43,16168.0,3736733.1
2023-04-10,229.0,233.4,228.1,232.5,1.48,8757.0,2025887.7
2023-04-11,234.0,241.0,233.6,237.0,1.94,22177.0,5283207.8
2023-04-12,241.0,245.0,237.0,245.0,3.38,121862.0,29346662.4
2023-04-13,249.0,249.0,241.0,245.9,0.37,105415.0,25928022.8
2023-04-16,249.0,268.0,247.0,259.0,5.33,151228.0,38904409.6
2023-04-17,260.0,263.9,253.0,256.0,-1.16,87714.0,22637568.1
2023-04-18,255.5,263.0,250.0,261.8,2.27,93658.0,24037005.9
2023-04-19,260.0,265.0,258.0,264.5,1.03,43624.0,11369724.0
2023-04-20,260.5,268.9,260.5,262.9,-0.6,57988.0,15285241.9
2023-04-23,263.0,263.0,253.4,253.8,-3.46,60555.0,15543529.3
2023-04-24,253.0,257.0,251.0,252.8,-0.39,21920.0,5551364.8
2023-04-25,252.0,259.6,252.0,258.1,2.1,33353.0,8576736.2
2023-04-26,256.0,263.0,256.0,258.6,0.19,49254.0,12814397.6
2023-04-27,262.0,265.0,255.3,264.9,2.44,64446.0,16817779.0
2023-04-30,263.0,269.0,260.6,266.0,0.42,59508.0,15874539.5
2023-05-02,263.0,268.0,263.0,265.5,-0.19,36591.0,9721848.7
2023-05-03,267.0,267.0,259.0,260.0,-2.07,33930.0,8882497.7
2023-05-04,255.0,265.0,250.1,262.0,0.77,37970.0,9866807.2
2023-05-07,260.0,262.5,258.3,259.9,-0.8,30415.0,7919124.8
2023-05-08,258.0,262.0,255.3,256.6,-1.27,25102.0,6458717.9
2023-05-09,261.0,265.0,257.1,261.0,1.71,41130.0,10725024.8
2023-05-10,256.3,265.0,256.3,262.0,0.38,37566.0,9878479.9
2023-05-11,264.0,264.5,260.0,263.8,0.69,26170.0,6842918.2
2023-05-14,265.0,269.0,253.0,260.0,-1.44,69568.0,17903539.4
2023-05-15,260.9,260.9,252.5,257.0,-1.15,24807.0,6339626.8
2023-05-16,256.0,261.0,256.0,258.0,0.39,15359.0,3976445.0
2023-05-17,255.3,260.0,255.0,258.8,0.31,26768.0,6905669.1
2023-05-18,259.0,270.0,258.0,268.5,3.75,86158.0,22919315.0
2023-05-21,270.0,280.0,267.0,279.0,3.91,95017.0,26046071.3
2023-05-22,279.0,295.0,274.4,284.0,1.79,216022.0,61768923.5
2023-05-23,284.0,295.0,284.0,291.5,2.64,129213.0,37467204.0
2023-05-24,294.0,309.3,286.2,309.0,6.0,190776.0,56819745.9
2023-05-28,315.1,320.0,300.0,301.0,-2.59,284769.0,88669067.9
2023-05-30,298.0,303.9,289.1,295.8,-1.73,181915.0,53791746.9
2023-05-31,290.0,300.0,284.2,286.0,-3.31,122990.0,35724610.4
2023-06-01,291.7,298.0,285.0,291.0,1.75,105855.0,30809080.4
2023-06-04,296.0,320.0,296.0,319.0,9.62,260186.0,81314386.4
2023-06-05,324.8,329.9,315.0,320.0,0.31,226079.0,73095230.6
2023-06-06,320.0,350.7,318.1,348.0,8.75,284955.0,96872433.2
2023-06-07,354.5,360.0,335.0,343.0,-1.44,290070.0,101310734.2
2023-06-08,344.0,351.0,338.0,342.0,-0.29,218172.0,75339538.7
2023-06-11,347.5,350.0,335.2,346.0,1.17,203084.0,70316725.7
2023-06-12,340.2,377.0,340.2,375.3,8.47,421428.0,152858821.7
2023-06-13,374.0,396.6,370.1,386.0,2.85,314880.0,121846780.6
2023-06-14,385.0,393.7,376.0,381.0,-1.3,275813.0,106440685.0
2023-06-15,381.0,407.0,369.8,407.0,6.82,412405.0,160402881.2
2023-06-18,411.0,444.0,402.5,443.4,8.94,391209.0,166600999.9
2023-06-19,443.0,449.0,417.5,436.0,-1.67,413282.0,178925599.9
2023-06-20,433.0,450.8,428.5,438.0,0.46,248515.0,109592371.7
2023-06-21,446.7,474.0,431.3,470.6,7.44,420174.0,193516611.5
2023-06-22,470.5,517.6,458.0,513.3,9.07,595602.0,296382738.1
2023-06-25,505.0,535.0,491.0,517.0,0.72,757920.0,389093517.3
2023-06-26,517.0,536.0,507.0,519.9,0.56,520687.0,272696091.2
2023-06-27,530.0,533.9,510.0,518.0,-0.37,428144.0,224229638.4
2023-06-28,528.0,528.0,496.0,503.1,-2.88,462726.0,235638999.1
2023-07-02,513.0,513.0,479.0,483.0,-4.0,420702.0,208650316.3
2023-07-03,485.0,505.0,465.0,484.8,0.37,429779.0,209439285.0
2023-07-04,492.0,497.4,476.3,495.0,2.1,149335.0,73264602.1
2023-07-05,503.0,503.0,478.0,480.0,-3.03,196619.0,95774240.8
2023-07-06,482.0,490.0,471.4,485.0,1.04,221429.0,106900979.4
2023-07-09,487.0,505.0,487.0,502.0,3.51,281978.0,140848826.0
2023-07-10,512.0,514.0,490.0,496.1,-1.18,664961.0,331290912.6
2023-07-11,506.0,506.0,485.1,491.0,-1.03,215621.0,106765408.8
2023-07-12,497.0,497.0,480.1,480.1,-2.22,187533.0,91401809.1
2023-07-13,475.0,499.0,475.0,486.0,1.23,364928.0,179294561.9
2023-07-16,494.0,494.0,480.0,485.0,-0.21,111915.0,54487518.7
2023-07-17,488.0,499.5,479.0,497.0,2.47,157729.0,77332248.0
2023-07-18,506.0,506.0,477.3,485.0,-2.41,169862.0,83323586.3
2023-07-19,490.0,490.0,473.4,481.9,-0.64,105633.0,50950986.8
2023-07-20,488.0,488.0,470.0,480.0,-0.39,195233.0,93496320.2
2023-07-23,485.0,492.0,474.5,478.0,-0.42,166292.0,80565914.6
2023-07-24,478.0,485.2,461.0,465.0,-2.72,221811.0,104955717.2
2023-07-25,460.0,483.0,451.8,473.0,1.72,326051.0,152779074.3
2023-07-26,475.0,479.9,463.0,464.0,-1.9,126019.0,59307540.5
2023-07-27,464.5,469.0,455.1,457.0,-1.51,104460.0,48095977.5
2023-07-30,458.6,459.9,434.0,447.9,-1.99,268774.0,119915284.4
2023-07-31,450.0,457.5,441.0,447.0,-0.2,121514.0,54760353.3
2023-08-01,455.0,455.9,429.0,430.0,-3.8,143373.0,62650837.0
2023-08-02,438.0,443.0,424.4,439.0,2.09,121445.0,52725053.9
2023-08-03,443.5,446.9,435.0,436.0,-0.68,101469.0,44729904.0
2023-08-06,436.1,441.9,418.2,422.8,-3.03,152360.0,64623514.5
2023-08-07,422.9,433.0,414.1,427.0,0.99,178122.0,75758571.3
2023-08-08,434.0,434.0,411.6,420.0,-1.64,96898.0,40972552.1
2023-08-09,412.0,438.0,412.0,437.0,4.05,125094.0,53479491.9
2023-08-10,437.1,471.1,431.3,461.7,5.65,372232.0,169582610.4
2023-08-13,465.0,484.0,456.0,477.0,3.31,307246.0,145299096.2
2023-08-14,484.8,484.9,462.0,463.0,-2.94,231909.0,108732146.0
2023-08-15,469.5,469.5,449.1,450.1,-2.79,166147.0,76215563.2
2023-08-16,447.0,454.0,438.0,453.0,0.64,133170.0,59408273.8
2023-08-17,460.0,474.0,449.0,463.0,2.21,295677.0,137105646.8
2023-08-20,468.0,468.4,452.0,452.0,-2.38,88545.0,40618850.2
2023-08-21,450.0,461.0,444.2,450.0,-0.44,127440.0,57861950.4
2023-08-22,451.0,461.0,445.9,458.0,1.78,90803.0,41409658.4
2023-08-23,453.1,470.0,453.1,463.0,1.09,151713.0,70629098.3
2023-08-24,463.0,470.0,453.8,455.1,-1.71,170218.0,78795634.7
2023-08-27,463.0,463.0,445.0,448.0,-1.56,109762.0,49312355.4
2023-08-28,449.0,458.0,441.0,452.0,0.89,109939.0,49807934.2
2023-08-29,459.5,459.5,449.0,450.0,-0.44,46892.0,21147256.2
2023-08-30,455.0,455.0,449.0,451.0,0.22,55097.0,24854055.8
2023-09-03,457.5,457.5,435.0,438.0,-2.88,88202.0,38888106.0
2023-09-04,442.0,448.0,433.0,443.0,1.14,76994.0,33876623.4
2023-09-05,445.0,445.0,435.0,439.0,-0.9,40884.0,17958284.1
2023-09-07,435.0,439.0,432.1,434.0,-1.14,92513.0,40198928.0
2023-09-10,442.6,445.0,436.1,437.0,0.69,79082.0,34781446.2
2023-09-11,438.2,460.0,438.2,456.0,4.35,115794.0,52418782.9
2023-09-12,452.0,462.0,446.1,447.6,-1.84,65591.0,29873733.2
2023-09-13,440.0,466.0,440.0,464.0,3.66,146123.0,67083438.3
2023-09-17,459.0,460.0,444.0,447.0,-3.66,102798.0,46579966.9
2023-09-18,445.2,458.0,443.0,451.1,0.92,51227.0,23158547.3
2023-09-19,451.3,455.0,448.3,451.1,0.0,50582.0,22851758.5
2023-09-21,460.0,470.0,451.8,460.0,1.97,161590.0,74711423.3
2023-09-24,455.0,466.9,449.8,451.0,-1.96,79104.0,36186177.4
2023-09-25,450.0,459.0,447.2,450.0,-0.22,52006.0,23440748.0
2023-09-26,456.0,460.0,445.0,452.0,0.44,51455.0,23358038.8
2023-09-27,454.0,454.0,445.0,447.0,-1.11,64977.0,29085643.1
2023-10-01,442.1,448.0,438.5,438.5,-1.9,47500.0,20976572.3
2023-10-02,430.0,437.0,421.0,431.1,-1.69,189731.0,81064978.9
2023-10-03,425.0,433.5,424.0,430.0,-0.26,48353.0,20782770.6
2023-10-04,430.0,443.0,430.0,438.2,1.91,48328.0,21181689.2
2023-10-05,439.0,442.5,428.0,434.2,-0.91,70679.0,30941338.6
2023-10-08,442.0,442.0,422.0,422.0,-2.81,98954.0,42303176.9
2023-10-09,422.0,430.0,421.0,422.0,0.0,45986.0,19499235.2
2023-10-10,422.5,425.0,410.0,414.0,-1.9,59829.0,24861381.0
2023-10-11,422.2,422.2,410.5,415.0,0.24,32563.0,13534481.6
2023-10-12,416.0,417.0,407.7,407.7,-1.76,59890.0,24614176.6
2023-10-16,406.1,406.1,390.0,395.0,-3.12,54778.0,21706866.6
2023-10-17,401.0,409.0,391.0,393.0,-0.51,36312.0,14390137.6
2023-10-18,390.0,410.0,390.0,405.0,3.05,28545.0,11529257.4
2023-10-19,404.0,405.0,394.9,398.0,-1.73,37793.0,15143703.6
2023-10-29,396.0,398.0,387.0,391.9,-1.53,20693.0,8090344.0
2023-10-30,385.0,393.0,385.0,390.0,-0.48,27110.0,10539417.0
2023-10-31,388.0,391.0,386.3,389.0,-0.26,22040.0,8558093.6
2023-11-01,390.0,392.0,382.2,383.7,-1.36,26094.0,10068105.6
2023-11-02,384.0,403.0,383.1,402.0,4.77,71809.0,27981764.8
2023-11-05,402.0,409.0,390.0,405.0,0.75,45678.0,18218276.0
2023-11-06,413.1,433.0,405.0,428.5,5.8,152580.0,64320910.0
2023-11-07,435.0,437.0,423.0,434.0,1.28,86699.0,37438635.5
2023-11-06,413.1,433.0,405.0,428.5,5.8,152580.0,64320910.0
2023-11-07,435.0,437.0,423.0,434.0,1.28,86699.0,37438635.5
2023-11-08,428.0,436.5,428.0,428.2,-1.34,50391.0,21755651.1
2023-11-09,428.0,428.0,420.0,420.0,-1.91,90376.0,38126079.6
2023-11-20,422.0,422.0,400.9,409.0,-2.62,167100.0,68436804.0
2023-11-21,404.0,408.0,396.2,400.0,-2.2,71848.0,28827722.0
2023-11-22,400.0,415.9,396.0,412.0,3.0,55249.0,22557561.5
2023-11-23,407.0,422.0,405.1,415.0,0.73,63518.0,26399962.7
2023-11-26,406.8,422.0,406.8,416.0,0.24,70024.0,29224242.8
2023-11-27,416.0,423.4,413.1,416.0,0.0,79514.0,33275048.5
2023-11-28,411.0,436.5,411.0,429.0,3.13,153446.0,65808960.0
2023-11-29,435.0,442.0,422.0,429.8,0.19,98648.0,42769945.8
2023-11-30,430.0,432.4,422.0,423.0,-1.58,102921.0,43970202.5
2023-12-03,423.0,425.4,415.0,424.9,0.45,54827.0,23010980.7
2023-12-04,427.9,431.0,418.0,422.0,-0.68,59446.0,25363440.4
2023-12-05,423.0,426.0,416.0,420.0,-0.47,34833.0,14637975.9
2023-12-06,419.0,421.9,416.0,417.0,-0.71,38533.0,16101758.8
2023-12-07,415.0,429.9,415.0,420.0,0.72,70011.0,29592187.9
2023-12-10,428.0,445.0,428.0,440.0,4.76,35292.0,15516890.5
2023-12-11,445.0,448.0,433.0,440.1,0.02,244683.0,108050932.2
2023-12-12,443.0,474.9,442.0,466.0,5.89,257055.0,118176683.8
2023-12-13,470.0,474.0,452.0,455.0,-2.36,126816.0,58899384.0
2023-12-14,458.0,471.2,451.5,461.0,1.32,106831.0,49183079.3
2023-12-17,455.0,475.5,451.0,471.0,2.17,173530.0,81171037.0
2023-12-18,479.0,497.7,462.6,488.0,3.61,381248.0,184347095.0
2023-12-19,495.0,519.6,482.2,515.0,5.53,569116.0,287324331.5
2023-12-20,525.0,533.0,507.0,507.0,-1.55,474000.0,245377640.6
2023-12-21,492.0,492.0,466.0,468.8,-2.91,221387.0,105528538.0
2023-12-24,465.0,490.0,460.9,461.0,-1.66,265774.0,125789696.0
2023-12-27,467.9,470.0,452.0,459.9,-0.24,104221.0,47765064.7
2023-12-28,466.0,471.9,453.0,461.2,0.28,147502.0,68157254.3
2024-01-01,468.0,474.0,455.9,458.0,-0.69,137081.0,63570399.7
2024-01-02,462.0,462.0,441.4,441.6,-3.58,162562.0,73099683.0
2024-01-03,450.0,457.0,439.1,455.0,3.03,138983.0,62495949.1
2024-01-04,462.0,472.0,454.0,456.7,0.37,234252.0,109061049.5
2024-01-07,454.0,465.0,450.0,453.1,-0.79,122112.0,55806180.0
2024-01-08,460.0,465.0,454.3,459.1,1.32,139242.0,64058333.5
2024-01-09,468.2,492.0,464.0,484.0,5.42,363290.0,175381612.8
2024-01-10,488.0,493.6,480.0,484.0,0.0,262213.0,127383774.8
2024-01-11,481.0,490.0,470.4,477.6,-1.32,77025.0,37069257.4
2024-01-14,483.0,488.4,473.0,478.0,0.08,88633.0,42765707.6
2024-01-16,483.0,492.0,476.3,485.1,1.49,160856.0,78439634.4
2024-01-17,490.0,494.0,470.0,477.9,-1.48,207694.0,100281106.2
2024-01-18,475.0,480.0,463.0,469.0,-1.86,150927.0,71411948.8
2024-01-21,469.0,478.0,461.0,463.4,-1.19,144246.0,67596557.3
2024-01-22,460.1,475.0,455.8,461.0,-0.52,97443.0,45268053.2
2024-01-23,465.0,475.0,460.0,474.0,2.82,124374.0,58228602.9
2024-01-24,483.0,483.0,463.3,467.3,-1.41,170197.0,80737747.1
2024-01-25,468.0,472.0,455.7,461.0,-1.35,62533.0,29140308.8
2024-01-28,460.0,469.0,451.0,459.5,-0.33,66350.0,30568536.0
2024-01-29,468.0,470.0,459.6,462.1,0.57,58265.0,27057618.9
2024-01-30,464.0,465.0,460.0,461.2,-0.19,73253.0,33917750.8
2024-01-31,463.1,468.0,451.2,454.0,-1.56,94199.0,43407280.7
2024-02-01,460.0,460.0,452.4,454.1,0.02,60780.0,27665384.3
2024-02-04,446.3,460.0,440.0,456.9,0.62,35190.0,16014693.9
2024-02-05,458.0,465.0,449.9,457.0,0.02,61194.0,28182209.9
2024-02-06,464.6,464.6,456.1,460.2,0.7,23978.0,11055379.0
2024-02-07,462.0,473.0,460.0,468.0,1.69,110431.0,51620466.9
2024-02-08,470.0,473.0,464.0,470.2,0.47,79676.0,37458595.8
2024-02-11,479.6,479.6,461.5,465.0,-1.11,71112.0,33231093.0
2024-02-12,462.0,466.5,459.3,464.7,-0.06,37991.0,17572201.2
2024-02-13,456.0,461.0,447.2,454.0,-2.3,67454.0,30704212.5
2024-02-14,454.0,459.0,444.0,453.1,-0.2,52903.0,23999772.5
2024-02-15,454.1,458.0,446.0,452.1,-0.22,64029.0,29044941.5
2024-02-18,461.0,461.0,440.9,449.8,-0.51,33837.0,15230125.2
2024-02-20,452.0,454.8,448.0,449.5,-0.07,34012.0,15310814.3
2024-02-21,456.5,456.5,439.5,447.0,-0.56,35901.0,16092480.3
2024-02-22,453.6,453.6,436.0,440.0,-1.57,41416.0,18273312.1
2024-02-25,433.0,445.0,432.0,433.0,-1.59,32429.0,14158958.1
2024-02-26,433.1,443.0,432.0,441.6,1.99,20224.0,8832448.6
2024-02-27,440.0,445.0,435.2,437.1,-1.02,17987.0,7878865.3
2024-02-28,435.0,443.0,433.2,440.0,0.66,21604.0,9526868.5
2024-02-29,440.0,441.0,428.3,428.5,-2.61,33334.0,14426212.0
2024-03-03,428.5,435.0,426.1,432.0,0.82,36893.0,15840409.5
2024-03-04,440.6,457.0,440.6,457.0,5.79,2635.0,1193227.5
2024-03-05,460.0,460.0,438.0,438.0,-4.16,37220.0,16496540.0
2024-03-06,430.1,450.0,428.0,442.0,0.91,75278.0,32902640.6
2024-03-07,435.0,450.0,435.0,437.0,-1.13,31188.0,13686592.1
2024-03-10,437.2,453.4,427.6,444.0,1.6,41254.0,18222060.1
2024-03-12,452.8,469.0,437.1,464.9,4.71,135840.0,62019880.5
2024-03-13,470.0,470.0,452.8,462.9,-0.43,128683.0,59721649.1
2024-03-14,464.0,464.0,452.1,456.0,-1.49,45249.0,20619103.2
2024-03-17,453.1,457.9,441.0,447.1,-1.95,46668.0,21023691.0
2024-03-18,448.0,453.9,447.0,451.0,0.87,52648.0,23702234.9
2024-03-19,451.0,458.9,442.0,452.9,0.42,31571.0,14298245.9
2024-03-20,450.1,454.0,441.0,446.5,-1.41,16285.0,7309693.4
2024-03-21,444.1,452.0,440.0,443.0,-0.78,31457.0,14001087.4
2024-03-25,444.5,445.0,427.4,439.0,-0.9,31276.0,13666045.6
2024-03-26,437.1,447.7,434.3,442.0,0.68,44432.0,19600917.0
2024-03-27,442.0,446.5,436.1,438.0,-0.9,22753.0,10013004.0
2024-03-28,438.0,441.9,426.0,438.0,0.0,49955.0,21936336.2
2024-03-31,436.2,440.0,427.0,433.0,-1.14,34904.0,15197747.5
2024-04-01,434.0,436.5,432.7,434.0,0.23,28707.0,12467622.5
2024-04-02,439.9,439.9,433.0,435.0,0.23,46085.0,20071082.5
2024-04-03,436.4,439.5,428.8,439.0,0.92,29508.0,12907905.6
2024-04-04,437.5,441.0,437.0,437.8,-0.27,31434.0,13774796.5
2024-04-07,438.0,450.7,438.0,449.0,2.56,48693.0,21583814.1
2024-04-09,449.0,449.0,434.7,446.0,-0.67,44526.0,19830108.5
2024-04-10,437.1,444.9,437.1,439.0,-1.57,45231.0,19936380.5
2024-04-14,441.0,443.0,432.2,440.0,0.23,34260.0,15083281.7
2024-04-15,431.7,440.3,431.7,436.6,-0.77,12806.0,5602915.0
2024-04-16,440.0,440.0,424.4,431.7,-1.12,44301.0,19224488.1
2024-04-18,439.0,439.0,421.7,430.0,-0.39,23161.0,9965621.0
2024-04-21,426.3,435.9,417.8,430.0,0.0,25730.0,11091633.7
2024-04-22,435.0,437.0,429.1,430.0,0.0,19450.0,8386464.0
2024-04-24,435.0,435.0,428.3,429.0,-0.23,29267.0,12612090.9
2024-04-25,429.0,431.0,420.0,431.0,0.47,26248.0,11225804.1
2024-04-28,435.0,435.0,423.4,431.9,0.21,18704.0,8089278.0
2024-04-29,430.0,432.0,422.0,429.0,-0.67,19815.0,8514990.4
2024-04-30,429.0,455.0,420.5,444.0,3.5,52235.0,22824602.6
2024-05-02,441.0,445.0,433.4,440.0,-0.9,58405.0,25761300.5
2024-05-05,440.0,440.0,427.0,432.0,-1.82,32470.0,14051919.6
2024-05-06,432.0,434.4,427.2,431.9,-0.02,23446.0,10093360.2
2024-05-07,433.0,439.0,428.2,430.0,-0.44,14148.0,6090832.1
2024-05-08,430.5,432.0,427.1,429.2,-0.19,20196.0,8685174.3
2024-05-09,437.7,464.5,434.0,461.0,7.41,318419.0,144792005.7
2024-05-12,470.2,470.2,436.1,444.0,-3.69,146954.0,66325948.7
2024-05-13,448.8,448.8,439.9,443.7,-0.07,86024.0,38222635.8
2024-05-14,450.0,452.5,436.6,444.0,0.07,53596.0,23890779.4
2024-05-15,452.6,452.7,436.1,444.1,0.02,53023.0,23718048.2
2024-05-16,451.0,451.0,430.0,436.9,-1.62,126187.0,55394478.6
2024-05-19,440.0,449.0,437.1,443.0,1.4,74909.0,33119657.4
2024-05-20,449.6,451.4,435.0,444.0,0.23,74041.0,33098602.8
2024-05-21,448.9,449.0,434.7,444.0,0.0,55493.0,24669713.4
2024-05-22,444.0,455.0,442.0,448.5,1.01,112870.0,50880917.5
2024-05-26,452.0,460.0,445.0,456.1,1.69,219886.0,100179096.2
2024-05-27,459.0,460.0,445.2,450.0,-1.34,78300.0,35261100.9
2024-05-29,458.0,459.0,441.0,446.0,-0.89,95456.0,43104851.7
2024-05-30,454.0,454.0,433.2,437.8,-1.84,122032.0,53731178.4
2024-06-02,444.9,444.9,428.5,438.0,0.05,42346.0,18560135.2
2024-06-03,439.0,443.0,430.0,436.0,-0.46,33916.0,14822782.7
2024-06-04,444.7,444.7,426.3,434.0,-0.46,62805.0,27300298.1
2024-06-05,433.0,438.9,424.4,432.0,-0.46,38975.0,16885593.4
2024-06-06,431.0,439.9,426.6,433.7,0.39,35450.0,15444095.0
2024-06-09,436.0,445.0,431.5,439.9,1.43,71795.0,31621528.9
2024-06-10,435.5,441.0,426.8,435.0,-1.11,76850.0,33595556.5
2024-06-11,440.0,440.0,426.5,438.0,0.69,45261.0,19740528.6
2024-06-12,440.0,445.1,430.0,436.5,-0.34,84800.0,37432829.5
2024-06-13,442.0,443.0,429.4,436.0,-0.11,75446.0,32955241.7
2024-06-16,437.0,441.0,433.5,433.5,-0.57,32087.0,13979245.0
2024-06-18,432.5,436.1,432.0,432.0,-0.35,25296.0,10967012.9
2024-06-19,430.0,432.5,428.0,430.0,-0.46,56948.0,24468963.5
2024-06-20,434.5,434.5,425.0,425.2,-1.12,53911.0,23036005.4
2024-06-23,425.4,429.9,420.2,421.0,-0.99,56865.0,24126173.6
2024-06-24,422.0,427.0,416.5,421.0,0.0,46367.0,19620006.2
2024-06-25,422.0,428.0,417.0,424.5,0.83,36994.0,15713066.5
2024-06-26,422.0,429.9,419.0,425.5,0.24,41149.0,17437287.0
2024-06-27,424.9,430.7,421.5,422.0,-0.82,28010.0,11832018.4
2024-06-30,422.7,423.5,420.2,420.2,-0.43,35905.0,15130751.2
2024-07-01,422.0,425.0,420.0,422.2,0.48,20589.0,8693960.3
2024-07-02,430.6,447.0,424.1,426.9,1.11,39729.0,17107735.1
2024-07-03,424.5,428.8,417.0,427.0,0.02,33526.0,14266979.0
2024-07-04,430.0,432.0,422.2,430.0,0.7,75919.0,32604543.2
2024-07-07,436.0,446.8,430.1,444.0,3.26,164987.0,73148224.0
2024-07-08,444.6,448.4,440.4,442.0,-0.45,58504.0,25943571.1
2024-07-09,440.0,441.8,438.0,440.0,-0.45,53976.0,23715732.4
2024-07-10,448.0,448.0,431.5,441.2,0.27,53167.0,23441561.1
2024-07-11,442.0,450.1,432.2,446.0,1.09,83393.0,37152405.3
2024-07-14,454.9,462.0,445.0,451.0,1.12,69731.0,31383418.4
2024-07-15,453.0,455.0,439.9,442.0,-2.0,56867.0,25415836.5
2024-07-16,442.1,458.5,440.0,456.0,3.17,118323.0,53471813.0
2024-07-17,464.9,489.0,455.0,482.0,5.7,341883.0,161476667.2
2024-07-18,482.0,491.0,471.4,477.2,-1.0,205712.0,99367238.5
2024-07-21,481.1,522.0,475.1,512.0,7.29,678574.0,341096307.1
2024-07-22,517.0,527.3,500.8,515.5,0.68,361548.0,187015860.7
2024-07-23,520.0,528.9,508.7,524.0,1.65,223141.0,116645265.8
2024-07-24,524.0,528.0,497.9,517.0,-1.34,405858.0,210596551.7
2024-07-25,512.0,532.4,510.0,517.5,0.1,264891.0,137776794.7
2024-07-28,520.0,530.0,504.1,518.6,0.21,270720.0,139990322.7
2024-07-29,528.9,528.9,506.1,519.0,0.08,294150.0,152270850.5
2024-07-30,512.0,561.0,511.0,559.0,7.71,663561.0,364301107.4
2024-07-31,570.0,580.0,548.8,561.1,0.38,324978.0,184992864.3
2024-08-01,570.0,570.0,545.1,553.8,-1.3,369102.0,207105192.3
2024-08-05,564.0,603.9,549.0,601.0,8.52,505999.0,293659917.7
2024-08-06,613.0,617.0,555.0,555.0,-7.65,511497.0,298204923.8
2024-08-07,555.0,594.0,550.0,588.0,5.95,286409.0,164918773.5
2024-08-08,599.7,611.6,565.0,578.0,-1.7,371098.0,218344268.2
2024-08-11,575.0,600.7,568.0,594.0,2.77,271619.0,160292410.9
2024-08-12,601.0,632.0,601.0,619.0,4.21,569649.0,354745725.2
2024-08-13,630.0,636.0,594.9,605.0,-2.26,275702.0,168516290.9
2024-08-14,617.1,628.2,583.1,624.1,3.16,490503.0,298970182.6
2024-08-15,636.5,636.5,607.0,613.4,-1.71,268580.0,167040582.8
2024-08-18,601.2,617.9,583.0,585.0,-4.63,252259.0,150898280.6
2024-08-21,591.9,597.7,581.1,585.0,0.0,136878.0,80623756.1
2024-08-22,596.7,596.7,573.5,580.0,-0.85,138558.0,81383545.4
2024-08-25,578.0,589.5,566.7,571.0,-1.55,155127.0,89112240.6
2024-08-27,563.0,583.9,560.0,563.0,-1.4,260154.0,149248006.5
2024-08-28,574.2,590.0,555.7,563.6,0.11,147818.0,84723623.2
2024-08-29,565.0,577.0,551.1,561.0,-0.46,126780.0,71178947.9
2024-09-01,567.1,570.0,543.0,545.0,-2.85,102695.0,56593465.8
2024-09-02,549.9,565.0,530.0,564.0,3.49,128109.0,71044890.2
2024-09-03,570.0,580.0,559.0,561.2,-0.5,82223.0,46527342.8
2024-09-04,560.1,567.0,538.0,541.0,-3.6,144453.0,79153503.1
2024-09-05,531.1,548.0,521.9,535.2,-1.07,120114.0,64172764.1
2024-09-08,545.9,545.9,525.0,527.0,-1.53,80146.0,42785423.8
2024-09-09,523.7,531.5,511.0,515.0,-2.28,138659.0,71915737.1
2024-09-10,525.3,525.3,510.4,520.0,0.97,78031.0,40416473.4
2024-09-11,513.0,530.4,506.3,513.9,-1.17,59545.0,30615354.3
2024-09-12,513.0,530.0,507.0,526.5,2.45,101099.0,52731772.4
2024-09-15,531.0,535.0,509.0,509.0,-3.32,104852.0,54983104.1
2024-09-16,519.0,519.0,495.0,498.7,-2.02,92179.0,46378176.1
2024-09-18,507.0,507.0,487.0,501.0,0.46,70257.0,35056872.9
2024-09-22,510.0,514.0,495.0,495.7,-1.06,45622.0,22826447.4
2024-09-23,492.3,496.0,477.1,482.1,-2.74,71985.0,35045987.3
2024-09-24,480.1,491.0,471.1,473.0,-1.89,75987.0,36301831.1
2024-09-25,479.0,490.0,464.0,489.0,3.38,92639.0,44117465.1
2024-09-26,495.0,495.0,477.0,481.0,-1.64,40088.0,19410655.4
2024-09-29,482.0,486.9,470.0,471.0,-2.08,51661.0,24561040.5
2024-09-30,480.0,483.9,471.0,483.5,2.65,25527.0,12278814.9
2024-10-01,490.9,515.0,485.0,514.9,6.49,111234.0,55949013.6
2024-10-02,514.9,515.0,495.8,508.0,-1.34,82481.0,41938991.3
2024-10-06,508.0,520.0,502.0,519.0,2.17,47525.0,24391050.0
2024-10-07,520.1,549.0,520.0,535.2,3.12,117594.0,62762111.6
2024-10-08,532.0,540.9,520.2,522.0,-2.47,53086.0,28099114.6
2024-10-09,517.0,535.0,515.0,528.0,1.15,30827.0,16204099.1
2024-10-15,530.0,532.9,520.1,532.9,0.93,27169.0,14440072.5
2024-10-16,530.0,544.0,530.0,541.0,1.52,53432.0,28823689.4
2024-10-17,542.0,544.4,534.0,535.0,-1.11,72803.0,39325304.1
2024-10-20,530.0,535.0,520.0,522.0,-2.43,85828.0,45242629.8
2024-10-21,513.1,522.0,506.0,512.7,-1.78,53723.0,27559387.7
2024-10-22,517.0,519.0,508.0,516.5,0.74,20415.0,10499059.9
2024-10-23,518.0,523.3,505.0,510.0,-1.26,35926.0,18540967.8
2024-10-24,511.5,516.5,505.0,508.0,-0.39,32239.0,16416830.0
2024-10-27,510.0,517.8,500.0,509.5,0.3,25356.0,12959704.9
2024-10-28,509.6,516.0,501.8,514.9,1.06,17966.0,9218496.9
2024-10-29,524.9,536.0,520.0,536.0,4.1,85283.0,45302201.3
2024-10-30,546.7,588.0,546.7,563.5,5.13,373835.0,209826843.1
2024-11-05,574.7,585.0,566.0,574.5,1.95,148281.0,85428874.9
2024-11-06,575.0,575.0,564.0,568.0,-1.13,77280.0,44073272.7
2024-11-10,570.0,570.5,561.0,568.0,0.0,100647.0,57147975.5
2024-11-11,573.0,574.0,553.0,567.0,-0.18,99452.0,56349564.8
2024-11-12,567.0,570.0,550.8,562.0,-0.88,67155.0,37988176.0
2024-11-13,562.0,566.0,553.7,555.2,-1.21,61063.0,34139858.1
2024-11-14,563.8,563.8,555.0,559.0,0.68,71045.0,39761452.6
2024-11-17,559.0,577.0,559.0,575.0,2.86,174633.0,99465054.1
2024-11-19,578.7,578.7,553.7,562.9,-2.1,105407.0,59725828.6
2024-11-20,570.0,570.0,555.0,562.0,-0.16,49006.0,27524001.0
2024-11-21,565.0,569.8,552.0,556.2,-1.03,62966.0,35338125.2
2024-11-24,556.0,567.0,555.1,555.6,-0.11,63157.0,35350983.5
2024-11-25,566.0,566.7,550.1,561.0,0.97,77555.0,43564838.9
2024-11-26,570.0,570.0,555.0,562.0,0.18,89930.0,50701412.7
2024-11-27,570.0,572.0,555.0,570.0,1.42,266148.0,151056530.1
2024-11-28,518.2,530.0,518.2,520.0,0.35,100778.0,52765234.3
2024-12-01,530.4,530.4,504.7,504.7,-2.94,56228.0,28950263.1
2024-12-02,505.0,546.0,505.0,530.2,2.95,173941.0,92715323.5
2024-12-03,535.0,540.0,519.4,521.0,-1.74,42731.0,22588120.8
2024-12-04,519.0,531.4,519.0,522.3,0.25,37988.0,19856956.3
2024-12-05,516.0,520.9,494.9,505.1,-3.29,68151.0,34775743.7
2024-12-08,511.0,511.0,491.0,493.1,-2.38,57539.0,28841028.0
2024-12-09,502.0,503.0,486.6,487.3,-1.18,51779.0,25460618.0
2024-12-10,488.9,495.0,485.2,487.9,0.12,24239.0,11895306.8
2024-12-11,484.1,493.0,484.0,493.0,1.05,20593.0,10046267.7
2024-12-12,493.0,494.9,481.2,485.0,-1.62,30616.0,14954349.8
2024-12-16,484.0,487.5,470.0,473.4,-2.39,46458.0,22225816.5
2024-12-17,481.0,481.0,470.0,477.0,0.76,25235.0,12023980.4
2024-12-18,486.0,486.0,475.0,475.0,-0.42,32056.0,15297539.7
2024-12-19,480.0,483.0,470.0,470.0,-1.05,28383.0,13413983.5
2024-12-22,472.5,473.0,455.0,465.8,-0.89,26896.0,12563427.9
2024-12-23,472.0,472.0,458.1,466.0,0.04,34051.0,15831222.0
2024-12-24,470.0,475.3,467.0,472.9,1.48,29507.0,13898222.4
2024-12-26,470.0,471.9,460.6,469.0,-0.82,20942.0,9815438.8
2024-12-29,465.1,471.2,462.0,464.0,-1.07,23710.0,11009002.8
2024-12-31,470.0,470.0,457.2,463.0,-0.22,33338.0,15347619.4
2025-01-01,461.0,470.9,459.0,470.5,1.62,26776.0,12422675.9
2025-01-02,465.3,474.8,465.0,471.1,0.13,17851.0,8392805.8
2025-01-05,471.0,474.0,466.0,470.8,-0.06,29220.0,13708077.5
2025-01-06,475.0,492.0,470.0,490.0,4.08,58062.0,28180088.0
2025-01-07,497.9,497.9,482.0,493.6,0.73,41687.0,20527292.0
2025-01-08,492.0,494.8,481.5,492.0,-0.32,23362.0,11480995.9
2025-01-09,495.0,497.0,483.2,492.0,0.0,22261.0,10947091.0
2025-01-12,492.0,492.0,480.0,490.0,-0.41,20373.0,9948287.5
2025-01-13,488.0,489.0,477.3,480.3,-1.98,39562.0,19071823.0
2025-01-15,480.3,491.0,479.1,489.9,2.0,31943.0,15571433.8
2025-01-16,485.0,504.0,485.0,493.0,0.63,33445.0,16522604.3
2025-01-19,495.0,495.0,485.0,489.5,-0.71,28566.0,13976185.8
2025-01-20,490.0,493.9,489.5,491.0,0.31,32693.0,16077945.6
2025-01-21,491.0,504.9,490.0,500.0,1.83,40177.0,19996796.4
2025-01-22,500.0,519.0,500.0,518.0,3.6,137082.0,70403692.2
2025-01-23,520.0,520.0,500.0,513.9,-0.79,43221.0,22104666.3
2025-01-26,514.0,518.0,508.1,514.9,0.19,65954.0,33713327.1
2025-01-27,514.0,514.8,500.8,509.7,-1.01,38900.0,19820728.1
2025-01-28,511.0,517.0,500.0,515.0,1.04,44820.0,22854523.6
2025-02-02,510.0,526.1,510.0,521.0,1.17,101593.0,52970373.3
2025-02-03,524.0,532.0,516.6,526.0,0.96,91197.0,47701864.9
2025-02-04,525.9,525.9,513.5,515.0,-2.09,41998.0,21767396.8
2025-02-05,510.0,516.0,500.1,515.0,0.0,46341.0,23765005.8
2025-02-06,517.0,517.9,506.0,510.0,-0.97,38461.0,19563104.9
2025-02-09,501.1,514.0,500.0,507.0,-0.59,21170.0,10744520.9
2025-02-10,507.0,507.0,500.0,505.9,-0.22,18343.0,9236226.0
2025-02-11,497.0,503.9,487.6,493.0,-2.55,41220.0,20459537.4
2025-02-12,491.0,499.0,485.5,494.0,0.2,34970.0,17333919.7
2025-02-13,484.2,500.0,481.2,491.0,-0.61,30489.0,15048432.6
2025-02-16,491.0,503.7,475.3,499.0,1.63,127765.0,62369901.5
2025-02-17,499.0,524.9,491.0,510.3,2.26,92094.0,46987920.8
2025-02-18,511.0,523.5,500.1,506.0,-0.84,59691.0,30459522.1
2025-02-20,505.0,514.0,491.0,502.0,-0.79,34200.0,17163029.0
2025-02-23,495.0,510.0,486.2,499.0,-0.6,52054.0,25973319.1
2025-02-24,496.1,508.0,487.0,494.0,-1.0,51003.0,25479303.2
2025-02-25,494.0,502.0,486.3,495.0,0.2,40032.0,19917496.9
2025-02-27,495.0,503.0,486.3,497.0,0.4,29342.0,14592006.9
2025-03-02,504.0,522.9,496.0,518.0,4.23,117090.0,60346032.4
2025-03-03,517.0,521.0,507.0,511.0,-1.35,74206.0,38254448.5
2025-03-04,515.0,519.0,497.9,506.0,-0.98,66830.0,34184328.3
2025-03-05,506.0,514.0,494.1,503.0,-0.59,47814.0,24106250.6
2025-03-06,503.0,506.0,491.0,500.0,-0.6,41007.0,20496464.6
2025-03-09,500.1,505.5,490.0,498.0,-0.4,52240.0,26045797.2
2025-03-10,499.0,503.0,490.0,493.3,-0.94,44839.0,22281915.4
2025-03-11,489.1,500.5,485.1,486.4,-1.4,42471.0,20854098.9
2025-03-12,495.0,496.1,488.0,489.5,0.64,18462.0,9053503.7
2025-03-16,495.0,496.0,480.0,490.0,0.1,44346.0,21746907.2
2025-03-17,485.0,494.0,485.0,490.0,0.0,24967.0,12244935.4
2025-03-18,494.0,494.9,477.3,488.0,-0.41,22131.0,10848267.2
2025-03-19,493.8,495.0,488.1,490.0,0.41,37395.0,18341058.0
2025-03-20,494.0,495.0,485.0,488.99,-0.21,25574.0,12516356.4
2025-03-23,485.2,490.5,480.0,480.78,-1.68,40257.0,19470029.5
2025-03-24,480.0,486.0,472.0,484.81,0.84,36437.0,17421585.5
2025-03-25,476.0,482.0,470.4,471.94,-2.65,56357.0,26766009.5
2025-03-26,474.0,483.0,472.0,482.26,2.19,18612.0,8928899.5
2025-03-27,478.0,484.5,469.0,481.41,-0.18,38312.0,18433953.5
2025-03-30,480.8,490.0,480.0,486.48,1.05,33419.0,16229652.5
2025-04-01,480.0,486.0,470.0,478.85,-1.57,25594.0,12273140.3
2025-04-02,478.5,486.0,472.0,485.07,1.3,28246.0,13649328.4
2025-04-03,482.4,490.0,482.3,486.36,0.27,35234.0,17099872.3
2025-04-07,480.0,483.0,475.1,479.09,-1.49,30666.0,14689854.6
2025-04-08,475.0,480.0,469.2,476.13,-0.62,32877.0,15599315.8
2025-04-09,480.0,496.0,475.3,494.8,3.92,62267.0,30582366.8
2025-04-10,496.9,496.9,480.4,492.02,-0.56,22678.0,11148452.7
2025-04-13,489.3,494.8,477.0,492.53,0.1,25099.0,12256116.3
2025-04-15,497.0,507.0,490.0,506.04,2.74,107134.0,53930051.5
2025-04-16,507.9,510.0,495.9,505.39,-0.13,75902.0,38338935.0
2025-04-17,512.0,515.0,500.3,509.12,0.74,94140.0,48048389.0
2025-04-20,514.8,515.0,496.4,501.9,-1.42,66230.0,33526347.3
2025-04-21,499.5,508.0,490.0,501.18,-0.14,60608.0,30405985.6
2025-04-22,508.9,513.0,498.0,508.23,1.41,107177.0,54461041.3
2025-04-23,509.0,510.0,500.0,500.97,-1.43,78296.0,39450008.3
2025-04-24,501.0,504.0,488.1,495.98,-1.0,42546.0,21193962.6
2025-04-27,494.0,509.0,493.0,502.71,1.36,109402.0,54816137.3
2025-04-28,503.3,506.9,500.1,500.88,-0.36,57009.0,28651537.1
2025-04-29,502.0,502.0,489.0,499.8,-0.22,30608.0,15263999.6
2025-04-30,499.8,503.7,493.0,502.35,0.51,52501.0,26269652.8
2025-05-04,502.0,506.0,501.6,502.97,0.12,61481.0,30968750.5
2025-05-05,495.1,503.9,495.1,501.76,-0.24,27528.0,13789876.9
2025-05-06,501.5,504.9,490.5,500.85,-0.18,49467.0,24783140.4
2025-05-07,506.0,509.8,496.0,507.13,1.25,70383.0,35656060.4
2025-05-08,513.0,515.0,500.0,511.16,0.79,109167.0,55553654.7
2025-05-11,515.0,562.2,515.0,553.91,8.36,573286.0,311493868.3
2025-05-13,562.2,566.6,534.6,542.5,-2.06,253205.0,139406501.1
2025-05-14,552.0,562.0,526.1,529.25,-2.44,188073.0,101127675.8
2025-05-15,529.0,575.5,525.0,571.85,8.05,824999.0,461915510.4
2025-05-18,571.0,586.0,560.0,566.93,-0.86,409600.0,234808358.4
2025-05-19,555.6,574.9,544.9,555.34,-2.04,346161.0,192756562.8
2025-05-20,561.0,590.1,556.1,582.63,4.91,505312.0,292809184.8
2025-05-21,594.2,606.0,570.0,585.38,0.47,412921.0,241554818.8
2025-05-22,582.0,597.0,570.0,573.52,-2.03,347850.0,203109109.4
2025-05-25,571.1,577.0,545.9,563.14,-1.81,318522.0,179511664.8
2025-05-26,574.4,580.0,550.0,557.98,-0.92,230821.0,129463327.8
2025-05-27,551.0,565.0,546.7,561.8,0.68,226773.0,126355057.8
2025-05-28,550.6,580.0,550.6,570.85,1.61,315844.0,181108166.7
2025-06-02,582.2,601.0,578.0,585.4,2.55,561476.0,330379078.3
2025-06-03,586.0,589.0,562.0,571.18,-2.43,236083.0,135739162.4
2025-06-04,572.0,578.5,564.0,565.87,-0.93,123545.0,70212243.0
2025-06-05,558.0,571.8,550.0,560.82,-0.89,212462.0,119410290.5
2025-06-08,558.1,574.8,557.1,565.74,0.88,297550.0,168432356.2
2025-06-09,555.0,569.7,551.9,558.64,-1.25,239199.0,134550220.2
2025-06-10,565.0,578.0,558.6,572.03,2.4,315155.0,179213315.7
2025-06-11,568.1,574.0,559.0,561.07,-1.92,194522.0,110175044.6
2025-06-12,572.2,579.9,551.0,570.28,1.64,350935.0,200086278.9
2025-06-15,578.0,578.0,553.2,563.62,-1.17,159010.0,90107506.3
2025-06-16,554.0,604.0,554.0,599.15,6.3,900638.0,530557987.4
2025-06-17,611.1,617.9,588.0,592.55,-1.1,501929.0,302980441.0
2025-06-18,593.0,597.0,583.0,588.75,-0.64,144559.0,85095455.9
2025-06-19,586.9,596.0,573.5,579.75,-1.53,358731.0,209441372.7
2025-06-22,579.9,581.0,555.0,556.64,-3.99,213001.0,120585926.5
2025-06-23,563.0,569.9,543.0,563.45,1.22,142891.0,80297448.9
2025-06-24,572.0,574.0,556.0,556.9,-1.16,96835.0,54500915.9
2025-06-25,558.1,566.9,550.0,562.84,1.07,97030.0,54557248.5
2025-06-26,561.0,578.3,546.0,550.65,-2.17,204538.0,113742018.6
2025-06-29,540.0,557.8,540.0,553.26,0.47,99674.0,55017462.7
2025-06-30,553.2,561.7,550.0,553.27,0.0,96374.0,53528395.5
2025-07-01,555.0,559.9,544.0,558.5,0.95,84327.0,46908540.5
2025-07-02,556.0,565.0,550.0,561.66,0.57,87947.0,49363769.2
2025-07-03,564.0,565.0,549.0,559.13,-0.45,114750.0,64364147.8
2025-07-06,564.9,564.9,550.0,559.1,-0.01,106025.0,59363780.0
2025-07-07,566.0,577.0,555.1,564.65,0.99,169163.0,96017406.2
2025-07-08,570.0,570.0,550.0,564.25,-0.07,84450.0,47776183.2
2025-07-09,565.0,569.9,553.7,564.13,-0.02,75423.0,42666346.4
2025-07-10,569.0,576.3,553.0,564.16,0.01,72957.0,41254352.3
2025-07-13,572.6,575.4,551.8,567.25,0.55,169044.0,95628222.5
2025-07-14,568.1,574.8,558.6,566.02,-0.22,120143.0,68241429.3
2025-07-15,568.0,579.0,563.5,573.63,1.34,171988.0,98306685.6
2025-07-16,585.1,585.1,567.0,577.58,0.69,181350.0,104941295.8
2025-07-17,583.0,599.0,577.3,588.65,1.92,192333.0,113285652.9
2025-07-20,590.0,599.3,575.0,584.27,-0.74,228293.0,134898315.8
2025-07-21,581.0,595.0,572.0,584.07,-0.03,156962.0,91780322.7
2025-07-22,594.0,615.0,586.0,612.98,4.95,544088.0,329001030.4
2025-07-23,614.5,616.0,588.5,601.42,-1.89,319537.0,193332052.7
2025-07-24,613.3,613.3,590.0,605.47,0.67,212009.0,127980800.3
2025-07-27,608.9,619.0,588.0,590.37,-2.49,453779.0,272657848.2
2025-07-28,581.1,595.0,575.0,589.33,-0.18,210958.0,123848362.7
2025-07-29,599.9,600.0,583.3,586.45,-0.49,151771.0,90024072.2
2025-07-30,590.0,593.0,567.0,576.19,-1.75,237920.0,137751702.4
2025-07-31,564.7,582.8,564.7,573.85,-0.41,136308.0,78530385.9
2025-08-03,580.0,580.0,560.0,568.76,-0.89,101379.0,57794007.0
2025-08-04,574.0,575.0,559.2,566.15,-0.46,106407.0,60333982.9
2025-08-05,570.9,570.9,557.0,559.43,-1.19,113878.0,63950003.1
2025-08-06,555.0,565.0,550.0,561.68,0.4,60761.0,34113717.3
2025-08-07,560.0,570.0,560.0,565.31,0.65,45717.0,25891623.2
2025-08-11,561.0,569.5,549.8,556.71,-1.52,79745.0,44634434.6
2025-08-12,556.71,560.8,550.0,556.1,-0.11,43033.0,23963695.5
2025-08-13,555.0,560.0,550.0,557.78,0.3,26187.0,14611820.4
2025-08-14,557.5,564.9,556.0,560.85,0.55,42863.0,24040936.1
2025-08-17,561.0,568.0,550.1,562.09,0.22,42265.0,23783320.5
2025-08-18,566.8,567.0,555.0,565.49,0.6,29115.0,16442476.7
2025-08-19,568.8,568.8,555.0,561.75,-0.66,38347.0,21615614.0
2025-08-20,560.4,579.0,560.0,571.9,1.81,86698.0,49638187.5
2025-08-21,576.9,579.0,560.0,563.63,-1.45,24961.0,14165532.0
2025-08-24,569.0,572.0,550.0,558.48,-0.91,45670.0,25599320.9
2025-08-25,560.0,562.4,550.0,561.12,0.47,24835.0,13891802.09
2025-08-26,564.0,565.0,555.0,561.8,0.12,15674.0,8813316.8
2025-08-27,565.5,575.0,555.0,571.15,1.66,48014.0,27243814.1
2025-08-28,571.0,575.0,560.0,561.95,-1.61,87475.0,49633184.1
2025-08-31,566.0,566.0,550.2,559.32,-0.47,35900.0,20098054.2
2025-09-01,555.0,565.0,552.0,561.44,0.38,21663.0,12174594.4
2025-09-02,556.3,565.0,551.8,563.3,0.33,40466.0,22686290.7
2025-09-03,558.1,564.5,555.0,557.34,-1.06,44279.0,24769100.6
2025-09-04,558.0,561.0,547.0,551.78,-1.0,73684.0,40640907.4
2025-09-07,554.0,557.0,550.1,552.15,0.07,40514.0,22430028.5
2025-09-08,561.0,561.0,542.0,544.31,-1.42,32918.0,17993095.9
2025-09-18,533.5,533.5,489.9,489.9,-10.0,5696.0,2823860.4
2025-09-21,480.2,525.0,480.2,517.6,5.65,89896.0,45621025.1
2025-09-23,521.0,540.0,519.0,537.1,3.77,37955.0,20203308.4
2025-09-24,540.0,540.0,520.0,532.0,-0.95,32711.0,17389578.0
2025-09-25,523.4,535.0,515.0,530.2,-0.34,26208.0,13826307.1
2025-09-28,539.9,539.9,526.0,536.4,1.17,12303.0,6557493.5
2025-10-07,526.0,530.0,515.5,521.0,-2.87,40916.0,21333730.1
2025-10-08,515.2,518.0,498.0,505.7,-2.94,56489.0,28732677.2
2025-10-09,515.8,536.5,506.0,511.0,1.05,31500.0,16268542.7
2025-10-12,504.3,505.0,470.4,478.2,-6.42,132788.0,64518060.4
2025-10-13,477.0,501.0,477.0,501.0,4.77,55736.0,27363062.7
2025-10-14,499.8,500.9,488.0,493.0,-1.6,20551.0,10166782.9
2025-10-15,486.0,498.0,486.0,488.5,-0.91,30371.0,14933290.5
2025-10-16,487.5,494.0,483.3,485.0,-0.72,19520.0,9496547.3
2025-10-19,494.0,495.5,485.0,494.5,1.96,21984.0,10879596.9
2025-10-26,488.0,502.7,485.0,501.0,1.31,17881.0,8812503.2
2025-10-28,505.8,518.9,499.1,518.9,3.57,61184.0,31245788.8
2025-10-29,529.2,559.8,529.2,543.1,4.66,207945.0,113891899.1
2025-10-30,553.0,555.0,538.1,549.0,1.09,102925.0,56519720.2
2025-11-02,555.0,557.5,549.0,552.0,0.55,76357.0,42258807.9
2025-11-03,549.0,555.0,538.1,548.0,-0.72,47749.0,26255109.5
2025-11-04,558.9,558.9,537.1,544.0,-0.73,35815.0,19554437.6
2025-11-05,534.0,545.0,534.0,542.2,-0.33,41106.0,22280100.7
2025-11-06,543.0,555.0,536.2,540.0,-0.41,48155.0,26109361.9
2025-11-09,545.0,545.0,535.0,540.0,0.0,35370.0,19097279.8
2025-11-10,542.0,543.6,536.0,543.6,0.67,35661.0,19279713.1
2025-11-11,545.0,554.4,531.0,548.8,0.96,83496.0,46064503.5
2025-11-12,551.9,551.9,540.0,541.5,-1.33,25230.0,13722802.7
2025-11-13,547.0,547.0,536.0,539.7,-0.33,48141.0,25981517.0
2025-11-16,543.8,543.8,525.0,536.0,-0.69,59547.0,31815737.4
2025-11-17,540.0,550.0,533.0,543.0,1.31,28431.0,15372045.4
2025-11-18,540.0,550.9,540.0,545.0,0.37,28435.0,15535525.9
2025-11-19,552.0,552.0,542.0,545.8,0.15,28517.0,15527139.9
2025-11-20,550.0,552.0,544.0,546.0,0.04,96431.0,52624320.2
2025-11-23,480.0,481.0,464.0,471.9,-0.61,46349.0,21923022.9
2025-11-24,472.0,480.0,471.9,477.0,1.08,30245.0,14388696.0
2025-11-25,477.5,479.7,470.0,477.9,0.19,15265.0,7267733.6
2025-11-26,479.0,494.0,477.9,493.0,3.16,50083.0,24439262.5
2025-11-27,494.0,496.5,490.0,495.0,0.41,24097.0,11879985.1
2025-11-30,495.0,500.0,487.2,498.4,0.69,63990.0,31749248.5
2025-12-01,491.3,500.0,488.0,493.0,-1.08,24408.0,12001564.3
2025-12-02,495.0,496.0,486.0,487.4,-1.14,11361.0,5551747.5
2025-12-03,481.0,496.7,478.2,484.0,-0.7,16548.0,8098602.7
2025-12-07,491.2,491.2,478.0,480.0,-0.83,17710.0,8515783.9
2025-12-08,470.4,485.1,470.4,479.7,-0.06,11295.0,5421434.2
2025-12-09,480.0,487.8,475.0,484.5,1.0,13710.0,6632780.9
2025-12-10,488.0,490.0,479.3,489.0,0.93,19935.0,9706571.7
2025-12-11,485.0,489.8,475.3,485.5,-0.72,8582.0,4175941.5
2025-12-14,485.0,487.8,475.9,487.0,0.31,11193.0,5439543.0
2025-12-15,487.0,497.0,480.0,486.0,-0.21,10782.0,5235756.7
2025-12-16,487.0,495.0,483.0,495.0,1.85,13058.0,6386912.4
2025-12-17,495.0,496.0,485.0,491.6,-0.69,14580.0,7169711.2
2025-12-18,491.0,494.8,486.0,494.7,0.63,15109.0,7386285.0
2025-12-21,488.0,493.0,480.0,486.0,-1.76,9156.0,4450123.0
2025-12-22,477.0,485.7,470.0,478.6,-1.52,34104.0,16321420.2
2025-12-23,478.0,485.0,471.0,479.5,0.19,15466.0,7425662.4
2025-12-24,479.5,486.0,475.0,480.5,0.21,11182.0,5374158.5
2025-12-28,470.9,490.1,470.9,488.5,1.66,12144.0,5920904.6
2025-12-29,485.0,493.0,480.0,488.1,-0.08,29177.0,14280950.5
2025-12-31,493.0,493.0,485.0,492.0,0.8,25981.0,12713319.8
2026-01-01,490.0,494.0,480.0,487.9,-0.83,14998.0,7316628.4
2026-01-04,487.9,493.0,475.0,489.0,0.23,17633.0,8606685.6
2026-01-05,485.0,496.0,485.0,494.0,1.02,42684.0,21019331.8
2026-01-06,494.0,510.0,490.0,499.9,1.19,58331.0,29179110.6
2026-01-07,500.0,500.0,490.0,495.0,-0.98,14764.0,7335405.5
2026-01-08,491.1,500.0,491.1,497.0,0.4,11547.0,5714462.0
2026-01-12,492.2,498.9,483.2,493.0,-0.8,62815.0,30884732.1
2026-01-13,486.0,497.9,486.0,495.7,0.55,16894.0,8375052.3
2026-01-14,499.0,503.0,487.7,498.0,0.46,46757.0,23218898.2
2026-01-18,502.0,502.0,497.3,498.0,0.0,29400.0,14676960.5
2026-01-20,502.0,515.2,499.0,515.0,3.41,99453.0,50724250.1
2026-01-21,509.0,512.0,500.0,502.0,-2.52,31970.0,16162396.1
2026-01-22,500.0,510.0,495.0,501.8,-0.04,17717.0,8889773.6
